method,method_label,window_count,trajectory_fraction,mean_crps_kj_mol,wham_inclusion_68,wham_inclusion_95,profile_points
ui,UI + block averaging,25,1.0,0.35175478124554405,0.67,0.83,100
ui,UI + block averaging,25,0.9,0.36138102729492694,0.55,0.89,100
ui,UI + block averaging,25,0.8,0.6900640718582122,0.51,0.77,100
ui,UI + block averaging,25,0.6,1.0444402978435996,0.54,0.66,100
ui,UI + block averaging,25,0.4,1.128103825540236,0.58,0.69,100
ui,UI + block averaging,25,0.25,1.479555962721741,0.68,0.7,100
ui,UI + block averaging,25,0.16,2.897534518453729,0.41,0.6,100
ui,UI + block averaging,25,0.1,2.4234534019359435,0.56,0.6,100
ui,UI + block averaging,25,0.063,1.9240859910729977,0.58,0.7,100
ui,UI + block averaging,25,0.04,4.420970178528757,0.44,0.47,100
ui,UI + block averaging,22,1.0,0.8586830007994132,0.99,0.99,100
ui,UI + block averaging,22,0.9,0.986974310387462,0.23,0.77,100
ui,UI + block averaging,22,0.8,0.9557437796635132,0.99,0.99,100
ui,UI + block averaging,22,0.6,1.4925227903219476,0.4,0.68,100
ui,UI + block averaging,22,0.4,1.3154809438758468,0.99,0.99,100
ui,UI + block averaging,22,0.25,2.147330810202519,0.72,0.96,100
ui,UI + block averaging,22,0.16,2.684164518543903,0.7,0.99,100
ui,UI + block averaging,22,0.1,4.070467241266048,0.58,0.93,100
ui,UI + block averaging,22,0.063,3.282279126202604,0.98,0.99,100
ui,UI + block averaging,22,0.04,2.126457505837323,0.88,0.95,100
ui,UI + block averaging,19,1.0,0.6474106770203082,0.81,0.89,100
ui,UI + block averaging,19,0.9,2.1936746008893384,0.41,0.98,100
ui,UI + block averaging,19,0.8,1.0128507663981552,0.66,0.85,100
ui,UI + block averaging,19,0.6,1.115392338067671,0.7,0.8,100
ui,UI + block averaging,19,0.4,1.3100117096596469,0.99,0.99,100
ui,UI + block averaging,19,0.25,2.717174619295104,0.7,0.98,100
ui,UI + block averaging,19,0.16,3.676821619627721,0.41,0.62,100
ui,UI + block averaging,19,0.1,2.6450298316781624,0.97,0.99,100
ui,UI + block averaging,19,0.063,4.368851086782485,0.85,0.99,100
ui,UI + block averaging,19,0.04,6.0169783796665675,0.53,0.75,100
ui,UI + block averaging,16,1.0,6.172061087424819,0.99,0.99,100
ui,UI + block averaging,16,0.9,1.8139195709916813,0.96,0.99,100
ui,UI + block averaging,16,0.8,1.3295394257602045,0.72,0.98,100
ui,UI + block averaging,16,0.6,4.482859250578927,0.21,0.52,100
ui,UI + block averaging,16,0.4,1.859758314997004,0.95,0.98,100
ui,UI + block averaging,16,0.25,1.5768129807357694,0.99,0.99,100
ui,UI + block averaging,16,0.16,6.655812115111575,0.65,0.98,100
ui,UI + block averaging,16,0.1,9.688347637426238,0.13,0.66,100
ui,UI + block averaging,16,0.063,11.647755878507134,0.99,0.99,100
ui,UI + block averaging,16,0.04,13.484344915072485,0.57,0.97,100
ui,UI + block averaging,13,1.0,4.413042026057561,0.96,0.97,100
ui,UI + block averaging,13,0.9,1.9063433125070608,0.97,0.98,100
ui,UI + block averaging,13,0.8,7.206531650550493,0.16,0.69,100
ui,UI + block averaging,13,0.6,2.1834861094041442,0.98,0.99,100
ui,UI + block averaging,13,0.4,5.847191433132798,0.98,0.98,100
ui,UI + block averaging,13,0.25,5.497693642883458,0.52,0.83,100
ui,UI + block averaging,13,0.16,8.382860529134456,0.36,0.53,100
ui,UI + block averaging,13,0.1,5.040731914044994,0.97,0.98,100
ui,UI + block averaging,13,0.063,4.348106017308048,0.98,0.98,100
ui,UI + block averaging,13,0.04,17.076941979392156,0.87,0.99,100
ui,UI + block averaging,10,1.0,12.69995756104506,0.09,0.17,100
ui,UI + block averaging,10,0.9,4.279277587832367,0.98,0.98,100
ui,UI + block averaging,10,0.8,7.451662547137102,0.94,0.96,100
ui,UI + block averaging,10,0.6,7.9998431052799654,0.96,0.97,100
ui,UI + block averaging,10,0.4,4.930675940895305,0.97,0.98,100
ui,UI + block averaging,10,0.25,4.468278581704475,0.97,0.98,100
ui,UI + block averaging,10,0.16,7.947500621836359,0.97,0.98,100
ui,UI + block averaging,10,0.1,53.35121268494143,0.98,0.98,100
ui,UI + block averaging,10,0.063,5.036668696017329,0.86,0.98,100
ui,UI + block averaging,10,0.04,20.34619749909392,0.79,0.99,100
ui,UI + block averaging,8,1.0,5.428120177695247,0.6,0.92,100
ui,UI + block averaging,8,0.9,11.445626647148597,0.57,0.98,100
ui,UI + block averaging,8,0.8,6.33098915408055,0.95,0.97,100
ui,UI + block averaging,8,0.6,6.736682864152143,0.96,0.97,100
ui,UI + block averaging,8,0.4,37.755949684029275,0.18,0.25,100
ui,UI + block averaging,8,0.25,8.995869144585143,0.96,0.98,100
ui,UI + block averaging,8,0.16,6.087636907452235,0.98,0.99,100
ui,UI + block averaging,8,0.1,13.569818008308166,0.56,0.96,100
ui,UI + block averaging,8,0.063,27.484146108553883,0.88,0.98,100
ui,UI + block averaging,8,0.04,35.2899098184157,0.37,0.61,100
ui,UI + block averaging,6,1.0,20.525973055849704,0.18,0.39,100
ui,UI + block averaging,6,0.9,8.58581725015427,0.95,0.97,100
ui,UI + block averaging,6,0.8,12.460113739371184,0.96,0.97,100
ui,UI + block averaging,6,0.6,10.011247348039138,0.46,0.64,100
ui,UI + block averaging,6,0.4,17.629596465387877,0.96,0.97,100
ui,UI + block averaging,6,0.25,13.125518857434257,0.94,0.98,100
ui,UI + block averaging,6,0.16,10.241236630463472,0.96,0.97,100
ui,UI + block averaging,6,0.1,54.91630532605092,0.28,0.67,100
ui,UI + block averaging,6,0.063,73.67316014202238,0.87,0.98,100
ui,UI + block averaging,6,0.04,96.20149364004003,0.78,0.99,100
ui,UI + block averaging,4,1.0,32.25772524971806,0.96,0.97,100
ui,UI + block averaging,4,0.9,19.376321472243262,0.98,0.99,100
ui,UI + block averaging,4,0.8,21.480694063860906,0.94,0.96,100
ui,UI + block averaging,4,0.6,27.200604599680734,0.96,0.97,100
ui,UI + block averaging,4,0.4,69.73199905359064,0.29,0.65,100
ui,UI + block averaging,4,0.25,44.09688298015114,0.97,0.97,100
ui,UI + block averaging,4,0.16,35.84585773700213,0.96,0.97,100
ui,UI + block averaging,4,0.1,89.79093160138919,0.98,0.98,100
ui,UI + block averaging,4,0.063,116.48027300768989,0.11,0.99,100
ui,UI + block averaging,4,0.04,106.00550249675852,0.62,0.95,100
ui,UI + block averaging,3,1.0,42.0694396616863,0.78,0.97,100
ui,UI + block averaging,3,0.9,60.922472502128784,0.51,0.98,100
ui,UI + block averaging,3,0.8,38.569162985807644,0.96,0.97,100
ui,UI + block averaging,3,0.6,45.292991664383145,0.38,0.89,100
ui,UI + block averaging,3,0.4,31.11000889345502,0.97,0.98,100
ui,UI + block averaging,3,0.25,46.267525596525104,0.92,0.98,100
ui,UI + block averaging,3,0.16,92.77371670615699,0.36,0.68,100
ui,UI + block averaging,3,0.1,107.45076652294193,0.8,0.99,100
ui,UI + block averaging,3,0.063,95.15778671384105,0.84,0.99,100
ui,UI + block averaging,3,0.04,124.15166046836772,0.39,0.64,100
fixed,Fixed GP,3,0.04,20.42159802522272,0.4,0.82,100
fixed,Fixed GP,3,0.063,6.826452723570095,0.78,1.0,100
fixed,Fixed GP,3,0.1,6.747088504204734,0.99,1.0,100
fixed,Fixed GP,3,0.16,7.381020975607559,1.0,1.0,100
fixed,Fixed GP,3,0.25,4.913427288075954,1.0,1.0,100
fixed,Fixed GP,3,0.4,5.642195252948802,1.0,1.0,100
fixed,Fixed GP,3,0.6,10.195464181433387,0.67,1.0,100
fixed,Fixed GP,3,0.8,18.34701176023997,0.76,1.0,100
fixed,Fixed GP,3,0.9,10.109926274988734,1.0,1.0,100
fixed,Fixed GP,3,1.0,16.827773324252565,0.31,0.95,100
fixed,Fixed GP,4,0.04,9.70183589184214,0.94,1.0,100
fixed,Fixed GP,4,0.063,8.379242592114684,0.98,1.0,100
fixed,Fixed GP,4,0.1,5.198997560668789,1.0,1.0,100
fixed,Fixed GP,4,0.16,5.247442636792789,1.0,1.0,100
fixed,Fixed GP,4,0.25,5.066769179101858,1.0,1.0,100
fixed,Fixed GP,4,0.4,11.219779012781578,1.0,1.0,100
fixed,Fixed GP,4,0.6,7.906419926361934,1.0,1.0,100
fixed,Fixed GP,4,0.8,25.524281952580367,0.76,1.0,100
fixed,Fixed GP,4,0.9,13.949291888035022,1.0,1.0,100
fixed,Fixed GP,4,1.0,8.216574003957708,1.0,1.0,100
fixed,Fixed GP,6,0.04,7.711027197497857,1.0,1.0,100
fixed,Fixed GP,6,0.063,5.259994661603608,1.0,1.0,100
fixed,Fixed GP,6,0.1,10.802788968881623,0.51,1.0,100
fixed,Fixed GP,6,0.16,7.981997850381235,1.0,1.0,100
fixed,Fixed GP,6,0.25,5.617336772200211,1.0,1.0,100
fixed,Fixed GP,6,0.4,14.88850189710124,0.3,1.0,100
fixed,Fixed GP,6,0.6,10.786122466617194,1.0,1.0,100
fixed,Fixed GP,6,0.8,9.085152827983158,1.0,1.0,100
fixed,Fixed GP,6,0.9,8.290001870677507,1.0,1.0,100
fixed,Fixed GP,6,1.0,12.031536269450344,1.0,1.0,100
fixed,Fixed GP,8,0.04,8.138860386959303,1.0,1.0,100
fixed,Fixed GP,8,0.063,9.367421416082593,1.0,1.0,100
fixed,Fixed GP,8,0.1,7.388163215765067,1.0,1.0,100
fixed,Fixed GP,8,0.16,5.5302953866356095,0.94,1.0,100
fixed,Fixed GP,8,0.25,9.64109192390829,0.98,1.0,100
fixed,Fixed GP,8,0.4,8.285253939886438,1.0,1.0,100
fixed,Fixed GP,8,0.6,7.053611056633208,1.0,1.0,100
fixed,Fixed GP,8,0.8,6.716786216407671,1.0,1.0,100
fixed,Fixed GP,8,0.9,12.902992222303594,1.0,1.0,100
fixed,Fixed GP,8,1.0,14.701834312610282,1.0,1.0,100
fixed,Fixed GP,10,0.04,10.502335313970537,1.0,1.0,100
fixed,Fixed GP,10,0.063,10.1063894862414,1.0,1.0,100
fixed,Fixed GP,10,0.1,6.7188894665346535,1.0,1.0,100
fixed,Fixed GP,10,0.16,9.336447461593158,1.0,1.0,100
fixed,Fixed GP,10,0.25,6.188083019204572,1.0,1.0,100
fixed,Fixed GP,10,0.4,4.054096562321018,1.0,1.0,100
fixed,Fixed GP,10,0.6,6.958031663559174,1.0,1.0,100
fixed,Fixed GP,10,0.8,12.567102685915286,1.0,1.0,100
fixed,Fixed GP,10,0.9,5.551854959879169,1.0,1.0,100
fixed,Fixed GP,10,1.0,11.287274866784504,1.0,1.0,100
fixed,Fixed GP,13,0.04,6.872210895538054,1.0,1.0,100
fixed,Fixed GP,13,0.063,6.234986320228553,1.0,1.0,100
fixed,Fixed GP,13,0.1,5.315138827627069,1.0,1.0,100
fixed,Fixed GP,13,0.16,4.1495423720978355,1.0,1.0,100
fixed,Fixed GP,13,0.25,5.278465706045235,1.0,1.0,100
fixed,Fixed GP,13,0.4,5.569152278480534,1.0,1.0,100
fixed,Fixed GP,13,0.6,5.5181817375295505,1.0,1.0,100
fixed,Fixed GP,13,0.8,7.50792203221523,1.0,1.0,100
fixed,Fixed GP,13,0.9,8.596783416605396,1.0,1.0,100
fixed,Fixed GP,13,1.0,10.94443615412289,1.0,1.0,100
fixed,Fixed GP,16,0.04,5.273718723477852,1.0,1.0,100
fixed,Fixed GP,16,0.063,5.717184005241478,0.73,1.0,100
fixed,Fixed GP,16,0.1,4.706358970613431,0.71,1.0,100
fixed,Fixed GP,16,0.16,6.4430347625296225,1.0,1.0,100
fixed,Fixed GP,16,0.25,3.7868163549135847,1.0,1.0,100
fixed,Fixed GP,16,0.4,4.018225530950587,1.0,1.0,100
fixed,Fixed GP,16,0.6,7.646140068148718,1.0,1.0,100
fixed,Fixed GP,16,0.8,7.690793368087026,1.0,1.0,100
fixed,Fixed GP,16,0.9,9.354442830129038,1.0,1.0,100
fixed,Fixed GP,16,1.0,6.706562326669371,1.0,1.0,100
fixed,Fixed GP,19,0.04,7.201366583286861,1.0,1.0,100
fixed,Fixed GP,19,0.063,8.32789523143596,1.0,1.0,100
fixed,Fixed GP,19,0.1,4.99214767608554,0.64,1.0,100
fixed,Fixed GP,19,0.16,4.081682927695669,1.0,1.0,100
fixed,Fixed GP,19,0.25,3.3161503540483896,1.0,1.0,100
fixed,Fixed GP,19,0.4,2.91340220733643,1.0,1.0,100
fixed,Fixed GP,19,0.6,7.980685018593398,1.0,1.0,100
fixed,Fixed GP,19,0.8,5.765354142747339,1.0,1.0,100
fixed,Fixed GP,19,0.9,5.839680829706883,1.0,1.0,100
fixed,Fixed GP,19,1.0,11.427355691976173,1.0,1.0,100
fixed,Fixed GP,22,0.04,5.374406607918262,1.0,1.0,100
fixed,Fixed GP,22,0.063,6.936503970088226,0.71,1.0,100
fixed,Fixed GP,22,0.1,5.263815633866775,0.55,1.0,100
fixed,Fixed GP,22,0.16,3.1115216743957523,0.96,1.0,100
fixed,Fixed GP,22,0.25,4.336631023120903,1.0,1.0,100
fixed,Fixed GP,22,0.4,3.6622769436220763,1.0,1.0,100
fixed,Fixed GP,22,0.6,5.147324350993398,1.0,1.0,100
fixed,Fixed GP,22,0.8,8.412342810660292,1.0,1.0,100
fixed,Fixed GP,22,0.9,7.469995962576534,1.0,1.0,100
fixed,Fixed GP,22,1.0,6.836523485761907,1.0,1.0,100
fixed,Fixed GP,25,0.04,5.12823323287206,0.54,1.0,100
fixed,Fixed GP,25,0.063,6.252499805665121,0.52,0.98,100
fixed,Fixed GP,25,0.1,4.855429293986201,0.54,1.0,100
fixed,Fixed GP,25,0.16,3.2140129193544253,0.87,1.0,100
fixed,Fixed GP,25,0.25,2.5811282937067217,1.0,1.0,100
fixed,Fixed GP,25,0.4,2.366026065315018,1.0,1.0,100
fixed,Fixed GP,25,0.6,2.108260638438169,1.0,1.0,100
fixed,Fixed GP,25,0.8,2.3996531449274388,1.0,1.0,100
fixed,Fixed GP,25,0.9,2.0966181224447205,1.0,1.0,100
fixed,Fixed GP,25,1.0,2.134911348616225,1.0,1.0,100
loo_map,Optimized GP (LOO),3,0.04,16.54253106064238,0.42,0.49,100
loo_map,Optimized GP (LOO),3,0.063,13.530476475118421,0.45,0.65,100
loo_map,Optimized GP (LOO),3,0.1,10.256911940173664,0.43,0.76,100
loo_map,Optimized GP (LOO),3,0.16,14.430903550347898,0.32,0.5,100
loo_map,Optimized GP (LOO),3,0.25,13.777229469545784,0.4,0.58,100
loo_map,Optimized GP (LOO),3,0.4,16.432187501457303,0.4,0.49,100
loo_map,Optimized GP (LOO),3,0.6,15.845298695448182,0.32,0.46,100
loo_map,Optimized GP (LOO),3,0.8,13.399186429678139,0.32,0.59,100
loo_map,Optimized GP (LOO),3,0.9,10.409761150340486,0.57,0.75,100
loo_map,Optimized GP (LOO),3,1.0,8.549990783695025,0.55,0.72,100
loo_map,Optimized GP (LOO),4,0.04,13.497860491856539,0.45,0.67,100
loo_map,Optimized GP (LOO),4,0.063,15.742949345422401,0.43,0.58,100
loo_map,Optimized GP (LOO),4,0.1,13.747952303974795,0.31,0.58,100
loo_map,Optimized GP (LOO),4,0.16,10.038487980264273,0.4,0.94,100
loo_map,Optimized GP (LOO),4,0.25,13.910015482330344,0.26,0.59,100
loo_map,Optimized GP (LOO),4,0.4,15.739027001328227,0.35,0.51,100
loo_map,Optimized GP (LOO),4,0.6,12.398211236963926,0.48,0.56,100
loo_map,Optimized GP (LOO),4,0.8,13.780256963716727,0.41,0.59,100
loo_map,Optimized GP (LOO),4,0.9,15.719226353319819,0.45,0.51,100
loo_map,Optimized GP (LOO),4,1.0,13.069167567161111,0.48,0.57,100
loo_map,Optimized GP (LOO),6,0.04,12.184452397458042,0.29,0.63,100
loo_map,Optimized GP (LOO),6,0.063,8.39292132517428,0.55,0.87,100
loo_map,Optimized GP (LOO),6,0.1,8.656682511059634,0.4,0.97,100
loo_map,Optimized GP (LOO),6,0.16,7.7830456145898355,0.46,0.85,100
loo_map,Optimized GP (LOO),6,0.25,8.845593793508034,0.58,0.82,100
loo_map,Optimized GP (LOO),6,0.4,8.605537478218007,0.55,0.8,100
loo_map,Optimized GP (LOO),6,0.6,5.34285200334851,0.92,1.0,100
loo_map,Optimized GP (LOO),6,0.8,8.56951040244612,0.8,1.0,100
loo_map,Optimized GP (LOO),6,0.9,11.288513883528713,0.53,0.85,100
loo_map,Optimized GP (LOO),6,1.0,12.833557251665527,0.51,0.67,100
loo_map,Optimized GP (LOO),8,0.04,10.443855447304626,0.37,0.69,100
loo_map,Optimized GP (LOO),8,0.063,4.456915720100067,1.0,1.0,100
loo_map,Optimized GP (LOO),8,0.1,6.688578325121094,0.59,1.0,100
loo_map,Optimized GP (LOO),8,0.16,3.7137703805241604,1.0,1.0,100
loo_map,Optimized GP (LOO),8,0.25,7.902383371318711,0.56,0.71,100
loo_map,Optimized GP (LOO),8,0.4,6.800910312126006,0.62,0.7,100
loo_map,Optimized GP (LOO),8,0.6,8.566728830096695,0.6,0.7,100
loo_map,Optimized GP (LOO),8,0.8,6.774858590814927,0.66,0.75,100
loo_map,Optimized GP (LOO),8,0.9,3.9852533391806833,0.75,0.96,100
loo_map,Optimized GP (LOO),8,1.0,4.75143210806687,0.68,1.0,100
loo_map,Optimized GP (LOO),10,0.04,7.173785385593542,0.57,0.85,100
loo_map,Optimized GP (LOO),10,0.063,6.397879303424093,0.59,0.94,100
loo_map,Optimized GP (LOO),10,0.1,4.971811218939169,0.81,1.0,100
loo_map,Optimized GP (LOO),10,0.16,6.525706220544176,0.49,0.9,100
loo_map,Optimized GP (LOO),10,0.25,3.8337809815223043,0.74,1.0,100
loo_map,Optimized GP (LOO),10,0.4,9.710647200666644,0.4,0.59,100
loo_map,Optimized GP (LOO),10,0.6,3.3188885790173064,0.87,1.0,100
loo_map,Optimized GP (LOO),10,0.8,3.727274213384161,0.98,1.0,100
loo_map,Optimized GP (LOO),10,0.9,1.377858161524399,1.0,1.0,100
loo_map,Optimized GP (LOO),10,1.0,4.095146312100395,0.73,1.0,100
loo_map,Optimized GP (LOO),13,0.04,5.928889403900988,0.58,0.91,100
loo_map,Optimized GP (LOO),13,0.063,2.6851278204422555,1.0,1.0,100
loo_map,Optimized GP (LOO),13,0.1,1.8027645076305132,0.85,1.0,100
loo_map,Optimized GP (LOO),13,0.16,1.785111488509566,1.0,1.0,100
loo_map,Optimized GP (LOO),13,0.25,2.0670707272399222,1.0,1.0,100
loo_map,Optimized GP (LOO),13,0.4,1.347552884709714,1.0,1.0,100
loo_map,Optimized GP (LOO),13,0.6,1.1799638025483932,1.0,1.0,100
loo_map,Optimized GP (LOO),13,0.8,2.7080791744239643,1.0,1.0,100
loo_map,Optimized GP (LOO),13,0.9,1.7142191550573105,0.98,1.0,100
loo_map,Optimized GP (LOO),13,1.0,2.323455551628646,1.0,1.0,100
loo_map,Optimized GP (LOO),16,0.04,2.6635927463768003,1.0,1.0,100
loo_map,Optimized GP (LOO),16,0.063,2.55064896053453,0.66,1.0,100
loo_map,Optimized GP (LOO),16,0.1,1.913002141077664,1.0,1.0,100
loo_map,Optimized GP (LOO),16,0.16,2.720217690818426,0.85,1.0,100
loo_map,Optimized GP (LOO),16,0.25,1.688042221088935,1.0,1.0,100
loo_map,Optimized GP (LOO),16,0.4,1.1761776920074332,1.0,1.0,100
loo_map,Optimized GP (LOO),16,0.6,2.1424894265114203,1.0,1.0,100
loo_map,Optimized GP (LOO),16,0.8,2.0800876910807578,1.0,1.0,100
loo_map,Optimized GP (LOO),16,0.9,1.860105112563693,1.0,1.0,100
loo_map,Optimized GP (LOO),16,1.0,1.1843982466608933,1.0,1.0,100
loo_map,Optimized GP (LOO),19,0.04,2.31050056155318,1.0,1.0,100
loo_map,Optimized GP (LOO),19,0.063,2.942390517554097,0.87,1.0,100
loo_map,Optimized GP (LOO),19,0.1,2.2300277112820366,0.69,1.0,100
loo_map,Optimized GP (LOO),19,0.16,1.6648695505530116,0.89,1.0,100
loo_map,Optimized GP (LOO),19,0.25,1.5483737560857476,1.0,1.0,100
loo_map,Optimized GP (LOO),19,0.4,1.6305996827581901,1.0,1.0,100
loo_map,Optimized GP (LOO),19,0.6,1.3915217388175225,1.0,1.0,100
loo_map,Optimized GP (LOO),19,0.8,1.500518015086638,1.0,1.0,100
loo_map,Optimized GP (LOO),19,0.9,1.3459931793437854,1.0,1.0,100
loo_map,Optimized GP (LOO),19,1.0,1.3558337063516888,1.0,1.0,100
loo_map,Optimized GP (LOO),22,0.04,3.287802636170119,0.56,0.92,100
loo_map,Optimized GP (LOO),22,0.063,3.685806734938225,0.6,1.0,100
loo_map,Optimized GP (LOO),22,0.1,2.1930669412695862,0.66,1.0,100
loo_map,Optimized GP (LOO),22,0.16,2.0986948595160313,0.88,1.0,100
loo_map,Optimized GP (LOO),22,0.25,1.8214466902478192,1.0,1.0,100
loo_map,Optimized GP (LOO),22,0.4,0.9303009965491656,1.0,1.0,100
loo_map,Optimized GP (LOO),22,0.6,1.4124023570983224,1.0,1.0,100
loo_map,Optimized GP (LOO),22,0.8,1.557355112668561,1.0,1.0,100
loo_map,Optimized GP (LOO),22,0.9,1.9200733625301853,1.0,1.0,100
loo_map,Optimized GP (LOO),22,1.0,1.507760762738468,1.0,1.0,100
loo_map,Optimized GP (LOO),25,0.04,4.121325198832871,0.44,0.63,100
loo_map,Optimized GP (LOO),25,0.063,2.778755514907308,0.6,0.86,100
loo_map,Optimized GP (LOO),25,0.1,2.133376618290472,0.65,1.0,100
loo_map,Optimized GP (LOO),25,0.16,2.3564266052393488,0.72,1.0,100
loo_map,Optimized GP (LOO),25,0.25,1.7370050843009563,0.99,1.0,100
loo_map,Optimized GP (LOO),25,0.4,0.8552647845294524,1.0,1.0,100
loo_map,Optimized GP (LOO),25,0.6,1.7886185409866067,1.0,1.0,100
loo_map,Optimized GP (LOO),25,0.8,0.8582931937177422,1.0,1.0,100
loo_map,Optimized GP (LOO),25,0.9,1.0165166888115953,1.0,1.0,100
loo_map,Optimized GP (LOO),25,1.0,0.9081404287241588,1.0,1.0,100
loo,Hierarchical GP (LOO),3,0.04,16.17452361456599,0.44,0.54,100
loo,Hierarchical GP (LOO),3,0.063,15.86602693777487,0.45,0.54,100
loo,Hierarchical GP (LOO),3,0.1,14.009380322152287,0.46,0.59,100
loo,Hierarchical GP (LOO),3,0.16,13.161181898662669,0.47,0.72,100
loo,Hierarchical GP (LOO),3,0.25,14.941832329746195,0.49,0.59,100
loo,Hierarchical GP (LOO),3,0.4,15.918938825254875,0.45,0.5,100
loo,Hierarchical GP (LOO),3,0.6,16.259185352817415,0.36,0.5,100
loo,Hierarchical GP (LOO),3,0.8,16.13798452793537,0.45,0.57,100
loo,Hierarchical GP (LOO),3,0.9,13.728003379476139,0.46,0.59,100
loo,Hierarchical GP (LOO),3,1.0,12.974152360839964,0.49,0.69,100
loo,Hierarchical GP (LOO),4,0.04,12.687055034103773,0.44,0.67,100
loo,Hierarchical GP (LOO),4,0.063,15.894533681964676,0.44,0.58,100
loo,Hierarchical GP (LOO),4,0.1,12.947448704367973,0.4,0.6,100
loo,Hierarchical GP (LOO),4,0.16,15.372933196699115,0.44,0.59,100
loo,Hierarchical GP (LOO),4,0.25,14.473027708515744,0.64,0.73,100
loo,Hierarchical GP (LOO),4,0.4,14.73113785347744,0.37,0.58,100
loo,Hierarchical GP (LOO),4,0.6,11.98374239925329,0.54,0.68,100
loo,Hierarchical GP (LOO),4,0.8,13.24305532878683,0.42,0.62,100
loo,Hierarchical GP (LOO),4,0.9,14.732453797655149,0.47,0.54,100
loo,Hierarchical GP (LOO),4,1.0,14.871843668702356,0.43,0.57,100
loo,Hierarchical GP (LOO),6,0.04,12.365842681771172,0.29,0.64,100
loo,Hierarchical GP (LOO),6,0.063,11.374546998986052,0.44,0.74,100
loo,Hierarchical GP (LOO),6,0.1,11.563637897184533,0.41,0.64,100
loo,Hierarchical GP (LOO),6,0.16,9.544202419889857,0.42,0.85,100
loo,Hierarchical GP (LOO),6,0.25,11.811834944958534,0.19,0.62,100
loo,Hierarchical GP (LOO),6,0.4,10.418177930053675,0.55,0.76,100
loo,Hierarchical GP (LOO),6,0.6,5.850166618520479,0.89,1.0,100
loo,Hierarchical GP (LOO),6,0.8,9.209384183043017,0.75,1.0,100
loo,Hierarchical GP (LOO),6,0.9,11.781998652873847,0.56,0.83,100
loo,Hierarchical GP (LOO),6,1.0,12.60635487446356,0.51,0.71,100
loo,Hierarchical GP (LOO),8,0.04,10.190430859319678,0.4,0.79,100
loo,Hierarchical GP (LOO),8,0.063,11.15907135796345,0.25,0.69,100
loo,Hierarchical GP (LOO),8,0.1,11.317933598716392,0.32,0.67,100
loo,Hierarchical GP (LOO),8,0.16,9.156492578014456,0.43,0.78,100
loo,Hierarchical GP (LOO),8,0.25,8.014749746632319,0.62,0.72,100
loo,Hierarchical GP (LOO),8,0.4,7.975233334084639,0.63,0.69,100
loo,Hierarchical GP (LOO),8,0.6,9.929361980332958,0.51,0.7,100
loo,Hierarchical GP (LOO),8,0.8,6.976675219447465,0.66,0.76,100
loo,Hierarchical GP (LOO),8,0.9,4.398312973233666,0.75,1.0,100
loo,Hierarchical GP (LOO),8,1.0,7.833739113373567,0.65,0.69,100
loo,Hierarchical GP (LOO),10,0.04,6.953020146509703,0.57,0.93,100
loo,Hierarchical GP (LOO),10,0.063,6.61582105443635,0.59,0.94,100
loo,Hierarchical GP (LOO),10,0.1,8.437031156590075,0.7,0.74,100
loo,Hierarchical GP (LOO),10,0.16,6.4752497761987025,0.51,0.97,100
loo,Hierarchical GP (LOO),10,0.25,6.112112273487684,0.57,0.94,100
loo,Hierarchical GP (LOO),10,0.4,10.734947736248921,0.49,0.65,100
loo,Hierarchical GP (LOO),10,0.6,3.374064722792354,0.7,1.0,100
loo,Hierarchical GP (LOO),10,0.8,6.069706877565481,0.57,1.0,100
loo,Hierarchical GP (LOO),10,0.9,1.7431939603358748,1.0,1.0,100
loo,Hierarchical GP (LOO),10,1.0,4.690535870885192,0.71,1.0,100
loo,Hierarchical GP (LOO),13,0.04,6.440661987572102,0.55,0.96,100
loo,Hierarchical GP (LOO),13,0.063,3.4401848565122175,0.91,1.0,100
loo,Hierarchical GP (LOO),13,0.1,1.6780004476641854,0.96,1.0,100
loo,Hierarchical GP (LOO),13,0.16,1.734360486453844,1.0,1.0,100
loo,Hierarchical GP (LOO),13,0.25,2.168821062401785,1.0,1.0,100
loo,Hierarchical GP (LOO),13,0.4,1.9149125906151432,1.0,1.0,100
loo,Hierarchical GP (LOO),13,0.6,1.4021011678936668,1.0,1.0,100
loo,Hierarchical GP (LOO),13,0.8,2.602487368258286,1.0,1.0,100
loo,Hierarchical GP (LOO),13,0.9,1.901964435853074,1.0,1.0,100
loo,Hierarchical GP (LOO),13,1.0,4.242220085332031,0.66,1.0,100
loo,Hierarchical GP (LOO),16,0.04,2.7132174586250613,1.0,1.0,100
loo,Hierarchical GP (LOO),16,0.063,2.4808366535270983,0.7,1.0,100
loo,Hierarchical GP (LOO),16,0.1,1.9349997800917078,0.99,1.0,100
loo,Hierarchical GP (LOO),16,0.16,2.439903615173717,0.72,1.0,100
loo,Hierarchical GP (LOO),16,0.25,1.4952284962742264,1.0,1.0,100
loo,Hierarchical GP (LOO),16,0.4,1.3258626015500392,1.0,1.0,100
loo,Hierarchical GP (LOO),16,0.6,1.6806292117419148,1.0,1.0,100
loo,Hierarchical GP (LOO),16,0.8,1.6319144403242043,1.0,1.0,100
loo,Hierarchical GP (LOO),16,0.9,1.3964621656857594,1.0,1.0,100
loo,Hierarchical GP (LOO),16,1.0,1.3754792560038749,1.0,1.0,100
loo,Hierarchical GP (LOO),19,0.04,2.3390395449344914,1.0,1.0,100
loo,Hierarchical GP (LOO),19,0.063,2.9641282543511243,0.9,1.0,100
loo,Hierarchical GP (LOO),19,0.1,2.0575990512957705,0.86,1.0,100
loo,Hierarchical GP (LOO),19,0.16,1.7995795755978252,0.87,1.0,100
loo,Hierarchical GP (LOO),19,0.25,1.385454152630222,1.0,1.0,100
loo,Hierarchical GP (LOO),19,0.4,1.776742264284148,1.0,1.0,100
loo,Hierarchical GP (LOO),19,0.6,1.2239337449242698,1.0,1.0,100
loo,Hierarchical GP (LOO),19,0.8,1.2448359844468742,1.0,1.0,100
loo,Hierarchical GP (LOO),19,0.9,1.6364845281044689,1.0,1.0,100
loo,Hierarchical GP (LOO),19,1.0,1.6166689326669583,1.0,1.0,100
loo,Hierarchical GP (LOO),22,0.04,3.2993079578378115,0.6,0.95,100
loo,Hierarchical GP (LOO),22,0.063,2.4328183037622724,0.82,1.0,100
loo,Hierarchical GP (LOO),22,0.1,2.0936253403901084,0.7,1.0,100
loo,Hierarchical GP (LOO),22,0.16,1.8234100251342904,0.84,1.0,100
loo,Hierarchical GP (LOO),22,0.25,1.499849051634476,1.0,1.0,100
loo,Hierarchical GP (LOO),22,0.4,1.0574722575527369,1.0,1.0,100
loo,Hierarchical GP (LOO),22,0.6,1.1127874316500426,1.0,1.0,100
loo,Hierarchical GP (LOO),22,0.8,1.118756430097088,1.0,1.0,100
loo,Hierarchical GP (LOO),22,0.9,1.1511341787993064,1.0,1.0,100
loo,Hierarchical GP (LOO),22,1.0,1.1295946898096143,1.0,1.0,100
loo,Hierarchical GP (LOO),25,0.04,3.997608131300293,0.48,0.68,100
loo,Hierarchical GP (LOO),25,0.063,2.7572947586052754,0.62,0.96,100
loo,Hierarchical GP (LOO),25,0.1,2.0512688363607325,0.71,1.0,100
loo,Hierarchical GP (LOO),25,0.16,1.828723853689338,0.74,1.0,100
loo,Hierarchical GP (LOO),25,0.25,1.4059356448795413,0.99,1.0,100
loo,Hierarchical GP (LOO),25,0.4,0.9794156421646069,1.0,1.0,100
loo,Hierarchical GP (LOO),25,0.6,0.9917793997193668,1.0,1.0,100
loo,Hierarchical GP (LOO),25,0.8,0.9855246782399106,1.0,1.0,100
loo,Hierarchical GP (LOO),25,0.9,1.1484045312028663,1.0,1.0,100
loo,Hierarchical GP (LOO),25,1.0,1.0144854140132538,1.0,1.0,100
