x_nm,reference,fixed_mean,fixed_std,map_mean,map_std,hmc_mean,hmc_std
-1.649999999999999911e+00,2.449291827458893778e+01,1.388173703120173741e+01,8.577341941388157309e+00,2.450949718151818502e+01,3.397624329060145332e+00,2.452856653536914422e+01,3.759113993707932089e+00
-1.638963210702341078e+00,2.356752942490390268e+01,1.353048344084982091e+01,8.577259076689760064e+00,2.358478318474581670e+01,3.392851707040726694e+00,2.359137482535241048e+01,3.752998283097388477e+00
-1.627926421404682245e+00,2.266930171557772766e+01,1.318316028397293849e+01,8.577168669867791806e+00,2.266669115933248690e+01,3.389354222172278330e+00,2.266235824472010663e+01,3.748645324175109650e+00
-1.616889632107023411e+00,2.179776160435640620e+01,1.283985283556376089e+01,8.577069467621074139e+00,2.176018636434018561e+01,3.386902022544739488e+00,2.174666954847383948e+01,3.745709107491479450e+00
-1.605852842809364356e+00,2.095553035504372374e+01,1.250064530885265413e+01,8.576968555485892765e+00,2.086979355042922180e+01,3.385274657792354258e+00,2.084895837718213585e+01,3.743858231036222062e+00
-1.594816053511705523e+00,2.013895420196021036e+01,1.216562078878723696e+01,8.576859970576244052e+00,1.999954965426556441e+01,3.384271331427521901e+00,1.997332198898097388e+01,3.742796643433609738e+00
-1.583779264214046689e+00,1.934749895167589173e+01,1.183486116546555422e+01,8.576745120249054111e+00,1.915296687129641384e+01,3.383717828238246739e+00,1.912326857858637297e+01,3.742277055846976008e+00
-1.572742474916387856e+00,1.858354329901851187e+01,1.150844706776297244e+01,8.576628387314089608e+00,1.833300671386942327e+01,3.383470127326646537e+00,1.830169379377182537e+01,3.742106932559150057e+00
-1.561705685618729023e+00,1.784374680219079679e+01,1.118645779729467904e+01,8.576506422367303983e+00,1.754206540392304703e+01,3.383415014858161651e+00,1.751087071333292400e+01,3.742147797856807845e+00
-1.550668896321070189e+00,1.712752435336652468e+01,1.086897126259191282e+01,8.576383428157816624e+00,1.678197068258830882e+01,3.383468230943070587e+00,1.675245319611038752e+01,3.742309212776208316e+00
-1.539632107023411356e+00,1.643702464151798281e+01,1.055606391376295505e+01,8.576256738480854125e+00,1.605398985010097590e+01,3.383570816165382134e+00,1.602749215943189753e+01,3.742539146196480093e+00
-1.528595317725752523e+00,1.576920491847301875e+01,1.024781067740059370e+01,8.576127524125537249e+00,1.535884858566997480e+01,3.383684368701956657e+00,1.533646400866352089e+01,3.742812586959241905e+00
-1.517558528428093467e+00,1.512343874719381454e+01,9.944284892184441560e+00,8.575996707166799737e+00,1.469675984553508385e+01,3.383785893179390936e+00,1.467931012835014570e+01,3.743120137230882882e+00
-1.506521739130434634e+00,1.450165792946032894e+01,9.645558244852963981e+00,8.575864609794216165e+00,1.406746190519848483e+01,3.383862832190284831e+00,1.405548606973436065e+01,3.743458032074328035e+00
-1.495484949832775801e+00,1.390110144606146747e+01,9.351700706842166255e+00,8.575731498382287654e+00,1.347026440507535483e+01,3.383908738627623869e+00,1.346401883812203337e+01,3.743820601913806279e+00
-1.484448160535116967e+00,1.332111086504175645e+01,9.062780471639143798e+00,8.575597528937274561e+00,1.290410108320547522e+01,3.383919890877110870e+00,1.290357050384360882e+01,3.744195699778470665e+00
-1.473411371237458134e+00,1.276341466344158171e+01,8.778863892844583461e+00,8.575463187845777213e+00,1.236758773891246221e+01,3.383892992014602807e+00,1.237250623778222014e+01,3.744563123947689309e+00
-1.462374581939799301e+00,1.222551734797301037e+01,8.500015422933302034e+00,8.575330297194261320e+00,1.185908387113697415e+01,3.383823945599419236e+00,1.186896480985309665e+01,3.744895643286707543e+00
-1.451337792642140467e+00,1.170673747709588319e+01,8.226297552912001265e+00,8.575198469757092212e+00,1.137675637713576293e+01,3.383707578124842463e+00,1.139092958741465011e+01,3.745161926965404398e+00
-1.440301003344481412e+00,1.120861408747835242e+01,7.957770752990654728e+00,8.575065342367688359e+00,1.091864368269966690e+01,3.383538090983575497e+00,1.093629812914694810e+01,3.745330520528650453e+00
-1.429264214046822579e+00,1.072890087551215466e+01,7.694493414037879120e+00,8.574933511897981475e+00,1.048271870405517348e+01,3.383309977374722610e+00,1.050294858501506923e+01,3.745373999973549139e+00
-1.418227424749163745e+00,1.026690193187924116e+01,7.436521790148162836e+00,8.574804128439346584e+00,1.006694911298237116e+01,3.383019131249950462e+00,1.008880127914018843e+01,3.745272555048834828e+00
-1.407190635451504912e+00,9.823980929837423659e+00,7.183909942341415444e+00,8.574675102377476321e+00,9.669353488026814603e+00,3.382663901236139470e+00,9.691874062568329506e+00,3.745016465367070335e+00
-1.396153846153846079e+00,9.398124397378921913e+00,6.936709683276603755e+00,8.574550080553052567e+00,9.288052082370938933e+00,3.382245894207967840e+00,9.310330268496819883e+00,3.744607191654454770e+00
-1.385117056856187245e+00,8.988629966835496532e+00,6.694970523293250153e+00,8.574424262601748836e+00,8.921311118433834508e+00,3.381770400784580133e+00,8.942518373922409225e+00,3.744057062472790243e+00
-1.374080267558528412e+00,8.596700083629196243e+00,6.458739617592073046e+00,8.574302891254099279e+00,8.567579725043898975e+00,3.381246387849998314e+00,8.587002758739124886e+00,3.743387753918032246e+00
-1.363043478260869579e+00,8.220537842012960894e+00,6.228061714821251371e+00,8.574184111320727553e+00,8.225518858890765728e+00,3.380686071742504684e+00,8.242585245734014521e+00,3.742627908743521914e+00
-1.352006688963210523e+00,7.859441811962997626e+00,6.002979106958264310e+00,8.574066778477765993e+00,7.894021791208544414e+00,3.380104142152663638e+00,7.908317392664389267e+00,3.741810309852610317e+00
-1.340969899665551690e+00,7.514467269440171293e+00,5.783531580678300088e+00,8.573954158697091543e+00,7.572225986189820901e+00,3.379516745949022738e+00,7.583503781288574608e+00,3.740969014230306033e+00
-1.329933110367892857e+00,7.184017817147818619e+00,5.569756370118284394e+00,8.573843891792924055e+00,7.259516442413243453e+00,3.378940359737439447e+00,7.267696799541469410e+00,3.740136782697926598e+00
-1.318896321070234023e+00,6.867399673934200699e+00,5.361688111202965956e+00,8.573735851423528231e+00,6.955520805514325389e+00,3.378390680244663269e+00,6.960683634962765431e+00,3.739343031939529105e+00
-1.307859531772575190e+00,6.565534792650617568e+00,5.159358797678123665e+00,8.573632314372963137e+00,6.660096782846935071e+00,3.377881645535167454e+00,6.662466384498704208e+00,3.738612414390197980e+00
-1.296822742474916357e+00,6.277011546262207808e+00,4.962797738490962729e+00,8.573532238840565256e+00,6.373312592759376116e+00,3.377424671770678621e+00,6.373236334037488682e+00,3.737964022406106146e+00
-1.285785953177257523e+00,6.001149769047537497e+00,4.772031517117056865e+00,8.573434630024092229e+00,6.095421356987756667e+00,3.377028155332367110e+00,6.093343568312329595e+00,3.737411132759580923e+00
-1.274749163879598468e+00,5.738751593997462486e+00,4.587083952524608321e+00,8.573341348271213747e+00,5.826830489929832879e+00,3.376697253927136266e+00,5.823263137548837953e+00,3.736961363875006992e+00
-1.263712374581939635e+00,5.488574852396746806e+00,4.407976061887438846e+00,8.573250623029327500e+00,5.568067249676730057e+00,3.376433927747004127e+00,5.563559032409393978e+00,3.736617110412221887e+00
-1.252675585284280801e+00,5.249958168837961736e+00,4.234726025161990037e+00,8.573166818280524737e+00,5.319741690123223066e+00,3.376237196668384843e+00,5.314847205671214603e+00,3.736376139499801408e+00
-1.241638795986621968e+00,5.023596891893146399e+00,4.067349151533107943e+00,8.573085059285530107e+00,5.082508289876201957e+00,3.376103553801025114e+00,5.077758831080138258e+00,3.736232267612929814e+00
-1.230602006688963135e+00,4.808403524064152279e+00,3.905857847782272074e+00,8.573006463401823041e+00,4.857027531857212921e+00,3.376027470252409568e+00,4.852904911187358117e+00,3.736176073846085632e+00
-1.219565217391304301e+00,4.603739830544526512e+00,3.750261588559169468e+00,8.572933731601340313e+00,4.643928668344969424e+00,3.376001929616248898e+00,4.640843241549317710e+00,3.736195633584532771e+00
-1.208528428093645468e+00,4.410206827248104311e+00,3.600566888809225929e+00,8.572861146501388419e+00,4.443774831716140739e+00,3.376018941465555034e+00,4.442048613607575192e+00,3.736277270572025078e+00
-1.197491638795986635e+00,4.226857513892059437e+00,3.456777277964192763e+00,8.572797350430755969e+00,4.257031544384645372e+00,3.376069998216173929e+00,4.256886998096724994e+00,3.736406324489716546e+00
-1.186454849498327579e+00,4.053080304000878265e+00,3.318893276596554642e+00,8.572735320508922285e+00,4.084039546241839957e+00,3.376146456130140638e+00,4.085594300056881067e+00,3.736567919429088391e+00
-1.175418060200668746e+00,3.889393644102924430e+00,3.186912374804705905e+00,8.572677754093598779e+00,3.924992698959627546e+00,3.376239836391773164e+00,3.928260120240301134e+00,3.736747702593277154e+00
-1.164381270903009913e+00,3.734977546170856755e+00,3.060829013064903847e+00,8.572624680242123318e+00,3.779921549056766139e+00,3.376342053897460449e+00,3.784816800239909185e+00,3.736932509482713272e+00
-1.153344481605351080e+00,3.589249734786811530e+00,2.940634565028176439e+00,8.572575403937584326e+00,3.648682941345853692e+00,3.376445588625339056e+00,3.655033873872531203e+00,3.737110907235084323e+00
-1.142307692307692246e+00,3.452657070108245740e+00,2.826317322725117265e+00,8.572530077902440482e+00,3.530955877167926360e+00,3.376543616952457860e+00,3.538517898492706593e+00,3.737273574282115263e+00
-1.131270903010033413e+00,3.324493842435097601e+00,2.717862483928456641e+00,8.572488765872616767e+00,3.426243613713708669e+00,3.376630118375233192e+00,3.434717499729812218e+00,3.737413491324972803e+00
-1.120234113712374580e+00,3.204208918408745443e+00,2.615252141810287867e+00,8.572452916476590801e+00,3.333881807565646227e+00,3.376699968429625720e+00,3.342933333855937050e+00,3.737525942038149918e+00
-1.109197324414715524e+00,3.092187697507421174e+00,2.518465276928964158e+00,8.572419876958949914e+00,3.253052323017314507e+00,3.376749022285479906e+00,3.262332555382906563e+00,3.737608346447807595e+00
-1.098160535117056691e+00,2.987826812257522224e+00,2.427477751513833937e+00,8.572387990463445462e+00,3.182802158858791586e+00,3.376774187287380879e+00,3.191967274952615341e+00,3.737659970028111900e+00
-1.087123745819397858e+00,2.890607299501898986e+00,2.342262306155134866e+00,8.572364929317172866e+00,3.122066800754666360e+00,3.376773478081358082e+00,3.130796405231572876e+00,3.737681562929333179e+00
-1.076086956521739024e+00,2.800862305385630080e+00,2.262788558845841180e+00,8.572342635839635960e+00,3.069697183974639643e+00,3.376746045477729385e+00,3.077710221217841990e+00,3.737674984430451097e+00
-1.065050167224080191e+00,2.718079697162042674e+00,2.189023006401384919e+00,8.572325478935015397e+00,3.024489356123282846e+00,3.376692170498943657e+00,3.031556906810644492e+00,3.737642858381672983e+00
-1.054013377926421358e+00,2.641772951127479452e+00,2.120929028400041716e+00,8.572312720760672633e+00,2.985215863890815058e+00,3.376613217769180775e+00,2.991170322226546219e+00,3.737588289142329323e+00
-1.042976588628762524e+00,2.572231205095473872e+00,2.058466893380682450e+00,8.572301102497519310e+00,2.950657853010952181e+00,3.376511546693965471e+00,2.955398207289890777e+00,3.737514648586798938e+00
-1.031939799331103691e+00,2.509023296500639155e+00,2.001593767697613657e+00,8.572293487710766158e+00,2.919636866908192019e+00,3.376390384084391627e+00,2.923130034047513703e+00,3.737425427892080876e+00
-1.020903010033444636e+00,2.451694709704269393e+00,1.950263726648245211e+00,8.572292079967382961e+00,2.891045356479580164e+00,3.376253666554282606e+00,2.893323738659626443e+00,3.737324136509137862e+00
-1.009866220735785802e+00,2.400497830481392647e+00,1.904427768184177694e+00,8.572291477135939530e+00,2.863874969536865933e+00,3.376105864246870869e+00,2.865030596964043497e+00,3.737214226946866891e+00
-9.988294314381269690e-01,2.355073042821349105e+00,1.864033829127947683e+00,8.572295609529641425e+00,2.837241771535488510e+00,3.375951798855351793e+00,2.837417560109319226e+00,3.737099027381165950e+00
-9.877926421404681356e-01,2.314996778504939456e+00,1.829026803705801285e+00,8.572304277836456876e+00,2.810407656215332395e+00,3.375796467735143747e+00,2.809786435451780306e+00,3.736981672631013662e+00
-9.767558528428093023e-01,2.280490930356056545e+00,1.799348564780302695e+00,8.572313552188438379e+00,2.782797332154999026e+00,3.375644882788445766e+00,2.781589382393912402e+00,3.736865034306354971e+00
-9.657190635451504690e-01,2.251258828250780386e+00,1.774937987440807774e+00,8.572325642918272592e+00,2.754010414788623962e+00,3.375501928192656820e+00,2.752440291449024912e+00,3.736751659492318911e+00
-9.546822742474915247e-01,2.226906244556936088e+00,1.755730975121878146e+00,8.572344256429632381e+00,2.723828308664465681e+00,3.375372235951416666e+00,2.722121725558373839e+00,3.736643731293614046e+00
-9.436454849498326913e-01,2.207629850252431858e+00,1.741660488190518663e+00,8.572362192069043374e+00,2.692215726804320752e+00,3.375260073626301871e+00,2.690587223109622173e+00,3.736543062638748136e+00
-9.326086956521738580e-01,2.193188110378346600e+00,1.732656575040891767e+00,8.572384404154869131e+00,2.659316858099359138e+00,3.375169235691383385e+00,2.657958889365733768e+00,3.736451127294754926e+00
-9.215719063545149137e-01,2.183214077905802686e+00,1.728646405658309959e+00,8.572409813103728737e+00,2.625446354823324668e+00,3.375102929325556111e+00,2.624520333885827839e+00,3.736369121260854520e+00
-9.105351170568560804e-01,2.177883511516133908e+00,1.729554307706166583e+00,8.572437491829468570e+00,2.591075465910634534e+00,3.375063647420736945e+00,2.590705142522343962e+00,3.736298036657043742e+00
-8.994983277591972470e-01,2.177002943836851223e+00,1.735301804865684971e+00,8.572469553489945326e+00,2.556813783173950583e+00,3.375053026310492310e+00,2.557081200036879665e+00,3.736238722506423748e+00
-8.884615384615384137e-01,2.180230296351130637e+00,1.745807657848217787e+00,8.572502622420925533e+00,2.523387193162264452e+00,3.375071692133503110e+00,2.524331299572784459e+00,3.736191905180536565e+00
-8.774247491638794694e-01,2.187723806193684339e+00,1.760987907830440236e+00,8.572535328258741316e+00,2.491612733431949778e+00,3.375119107162457777e+00,2.493230584502288849e+00,3.736158147251826822e+00
-8.663879598662206361e-01,2.199331690163506714e+00,1.780755922013668169e+00,8.572573453932388787e+00,2.462371135735665462e+00,3.375193434395878711e+00,2.464621463085620690e+00,3.736137736648780461e+00
-8.553511705685618027e-01,2.214734080953002948e+00,1.805022441937580879e+00,8.572612021565202411e+00,2.436577897923214664e+00,3.375291443776640588e+00,2.439386713835489218e+00,3.736130516075824914e+00
-8.443143812709029694e-01,2.234074223980260232e+00,1.833695633883507980e+00,8.572654785627968010e+00,2.415153759736611505e+00,3.375408485620274845e+00,2.418421556813274975e+00,3.736135681912839068e+00
-8.332775919732440251e-01,2.257236251733726107e+00,1.866681141809294786e+00,8.572698664774099697e+00,2.398995464556051616e+00,3.375538555089142800e+00,2.402605501217930595e+00,3.736151597720954509e+00
-8.222408026755851917e-01,2.283919716039840342e+00,1.903882142444217607e+00,8.572744385156743974e+00,2.388947669655223649e+00,3.375674465728041085e+00,2.392774791105752641e+00,3.736175675872351665e+00
-8.112040133779263584e-01,2.314254611002035666e+00,1.945199402784510312e+00,8.572791499688813488e+00,2.385776822547526876e+00,3.375808140467343677e+00,2.389696258186882361e+00,3.736204378628078526e+00
-8.001672240802675251e-01,2.348155753954426217e+00,1.990531339753943030e+00,8.572838540722361955e+00,2.390147752216208232e+00,3.375931015947134295e+00,2.394043353376073213e+00,3.736233376156724795e+00
-7.891304347826085808e-01,2.385339300578261490e+00,2.039774082193616778e+00,8.572891389413806351e+00,2.402603633744064382e+00,3.376034542042741116e+00,2.406375067916878052e+00,3.736257874836782289e+00
-7.780936454849497474e-01,2.425923027960774192e+00,2.092821534872200573e+00,8.572943913107996750e+00,2.423549876009062132e+00,3.376110744848699774e+00,2.427118371951824116e+00,3.736273098270307180e+00
-7.670568561872909141e-01,2.469847662111210873e+00,2.149565444864492747e+00,8.572998070643112811e+00,2.453242358152706970e+00,3.376152809807105193e+00,2.456554695597896298e+00,3.736274871208697057e+00
-7.560200668896319698e-01,2.516843234311176403e+00,2.209895469808543567e+00,8.573052272476409996e+00,2.491780305308978427e+00,3.376155634200642464e+00,2.494810857764207412e+00,3.736260229060984095e+00
-7.449832775919731365e-01,2.567015725975117846e+00,2.273699248413322493e+00,8.573107584830255590e+00,2.539103951741466858e+00,3.376116295726991012e+00,2.541854714545246807e+00,3.736227958836960905e+00
-7.339464882943143031e-01,2.620327364195017772e+00,2.340862472861772403e+00,8.573163854264986838e+00,2.594996994404652924e+00,3.376034387554908811e+00,2.597495655937811065e+00,3.736178975452743245e+00
-7.229096989966554698e-01,2.676519521041388128e+00,2.411268963287511724e+00,8.573221061716390423e+00,2.659093696378377558e+00,3.375912179547078562e+00,2.661389931121687979e+00,3.736116452344997008e+00
-7.118729096989965255e-01,2.735686291424171301e+00,2.484800744166022923e+00,8.573280115023134584e+00,2.730890361869008132e+00,3.375754580162390717e+00,2.733050633125372997e+00,3.736045656139804549e+00
-7.008361204013376922e-01,2.797807277901757761e+00,2.561338122377492255e+00,8.573340218824064607e+00,2.809760776632060697e+00,3.375568891791703940e+00,2.811862027992004798e+00,3.735973477725590186e+00
-6.897993311036788588e-01,2.862632952152161181e+00,2.640759767586132511e+00,8.573401182498672668e+00,2.894975093406351618e+00,3.375364372461798546e+00,2.897097776188148899e+00,3.735907699957871753e+00
-6.787625418060200255e-01,2.930245025656920799e+00,2.722942793778202031e+00,8.573461445792554869e+00,2.985721544609880596e+00,3.375151636548112677e+00,2.987942469413253477e+00,3.735856087450403873e+00
-6.677257525083610812e-01,3.000636548332488829e+00,2.807762843051023083e+00,8.573523321873164349e+00,3.081130286821466058e+00,3.374941943914906428e+00,3.083515798359476534e+00,3.735825418406386156e+00
-6.566889632107022479e-01,3.073565235550611341e+00,2.895094170716220106e+00,8.573586413435972275e+00,3.180298625644667254e+00,3.374746439011505839e+00,3.182898580087078599e+00,3.735820595572962866e+00
-6.456521739130434145e-01,3.149099621320807341e+00,2.984809732211942901e+00,8.573648588827255779e+00,3.282316836831174811e+00,3.374575407029392515e+00,3.285159810716830719e+00,3.735843969120253405e+00
-6.346153846153845812e-01,3.227242392575816687e+00,3.076781271440268029e+00,8.573711222466354087e+00,3.386293790826663042e+00,3.374437612753158788e+00,3.389383872620680194e+00,3.735894978058350357e+00
-6.235785953177256369e-01,3.307757118657851159e+00,3.170879410603447468e+00,8.573773366753568936e+00,3.491381603188969507e+00,3.374339779081489965e+00,3.494697016930935263e+00,3.735970172146410917e+00
-6.125418060200668036e-01,3.390698174356194805e+00,3.266973741559922928e+00,8.573836002960428360e+00,3.596798571894240126e+00,3.374286247340187561e+00,3.600292262833654888e+00,3.736063619927594281e+00
-6.015050167224079702e-01,3.476074118509748345e+00,3.364932918328122469e+00,8.573898864424672084e+00,3.701849723034953854e+00,3.374278842126859690e+00,3.705451904627437898e+00,3.736167649693293402e+00
-5.904682274247490259e-01,3.563653519141711801e+00,3.464624751164592453e+00,8.573962744714044959e+00,3.805944366739041129e+00,3.374316941881295939e+00,3.809566894802264514e+00,3.736273818837592131e+00
-5.794314381270901926e-01,3.653475529798334343e+00,3.565916301493416540e+00,8.574026955405482653e+00,3.908610162671052990e+00,3.374397734979387664e+00,3.912152474269644742e+00,3.736373972037350999e+00
-5.683946488294313593e-01,3.745550798322197394e+00,3.668673978358128807e+00,8.574088866417133303e+00,4.009503306113884946e+00,3.374516622744750727e+00,4.012859546232407482e+00,3.736461236186133128e+00
-5.573578595317725259e-01,3.839652624405322179e+00,3.772763635632145451e+00,8.574150877232398216e+00,4.108414567821498053e+00,3.374667717240898313e+00,4.111481433971286847e+00,3.736530812179651662e+00
-5.463210702341135816e-01,3.935803901140936034e+00,3.878050670442462433e+00,8.574213334551481935e+00,4.205271049788223081e+00,3.374844374738657837e+00,4.207955820181430440e+00,3.736580458308257580e+00
-5.352842809364547483e-01,4.034013513238308590e+00,3.984400122420083790e+00,8.574274763724172743e+00,4.300133650818182218e+00,3.375039705997659123e+00,4.302361830912840190e+00,3.736610610803483112e+00
-5.242474916387959150e-01,4.134059851330625257e+00,4.091676773778090137e+00,8.574336463705451550e+00,4.393190366291065629e+00,3.375247011724841872e+00,4.394912394665267286e+00,3.736624144804916448e+00
-5.132107023411370816e-01,4.235948628168340946e+00,4.199745250349224079e+00,8.574396985083131639e+00,4.484745671861460892e+00,3.375460104774410830e+00,4.485942170560129227e+00,3.736625833252481321e+00
-5.021739130434781373e-01,4.339683005879619415e+00,4.308470122946346237e+00,8.574457420323158274e+00,4.575206357272563196e+00,3.375673497883065366e+00,4.575891492550905326e+00,3.736621602465395320e+00
-4.911371237458193040e-01,4.445047472647647879e+00,4.417716009800642496e+00,8.574517715425601594e+00,4.665064280596922686e+00,3.375882454897351614e+00,4.665286913422500348e+00,3.736617704677658747e+00
-4.801003344481604707e-01,4.552029848167289394e+00,4.527347679224476451e+00,8.574577022232519496e+00,4.754876601989238338e+00,3.376082921898820643e+00,4.754719047500458373e+00,3.736619926929443558e+00
-4.690635451505015818e-01,4.660623481967301807e+00,4.637230152743541112e+00,8.574635924293941613e+00,4.845244127000754020e+00,3.376271370101685321e+00,4.844818499970988235e+00,3.736632934459028998e+00
-4.580267558528427485e-01,4.770620617049021739e+00,4.747228808833824587e+00,8.574693262677065775e+00,4.936788440657707611e+00,3.376444592983370185e+00,4.936230729957675756e+00,3.736659811194632752e+00
-4.469899665551838597e-01,4.881990751860698197e+00,4.857209486641295371e+00,8.574748897402450609e+00,5.030128543573809452e+00,3.376599504482334702e+00,5.029590721703154799e+00,3.736701818859143653e+00
-4.359531772575250264e-01,4.994713195377975978e+00,4.967038590222728089e+00,8.574805177067677420e+00,5.125857709659797479e+00,3.376732982879214529e+00,5.125498332383603639e+00,3.736758358995227347e+00
-4.249163879598661375e-01,5.108590238533221140e+00,5.076583192622820206e+00,8.574858649296803748e+00,5.224521271531514799e+00,3.376841796550827279e+00,5.224495146698254544e+00,3.736827096601543108e+00
-4.138795986622072487e-01,5.223572980078530215e+00,5.185711140242347028e+00,8.574912217604667930e+00,5.326596005114865306e+00,3.376922634453193961e+00,5.327043599306639621e+00,3.736904194331871931e+00
-4.028428093645484154e-01,5.339622331752417850e+00,5.294291156935287290e+00,8.574966954228704807e+00,5.432471730547845823e+00,3.376972247600251720e+00,5.433509029642101140e+00,3.736984612149063523e+00
-3.918060200668895265e-01,5.456553528394550767e+00,5.402192948234187497e+00,8.575016850379162392e+00,5.542435674067363038e+00,3.376987690542608611e+00,5.544145214047515147e+00,3.737062444439179121e+00
-3.807692307692306932e-01,5.574299592114637214e+00,5.509287305119869416e+00,8.575068478851214593e+00,5.656660047575215344e+00,3.376966635830091157e+00,5.659083782945108609e+00,3.737131287352938980e+00
-3.697324414715718044e-01,5.692798578025635159e+00,5.615446207626519026e+00,8.575118233744111862e+00,5.775193201763798356e+00,3.376907722109864007e+00,5.778327782006951630e+00,3.737184645165548158e+00
-3.586956521739129711e-01,5.811882112921145094e+00,5.720542928045688313e+00,8.575166862436407911e+00,5.897954598233823731e+00,3.376810889278492933e+00,5.901749482543619862e+00,3.737216388934151645e+00
-3.476588628762540822e-01,5.931465904103959907e+00,5.824452133614613558e+00,8.575212257686038342e+00,6.024733729300081109e+00,3.376677652938689267e+00,6.029092394176129410e+00,3.737221270553400920e+00
-3.366220735785952489e-01,6.051460630630245419e+00,5.927049988738872344e+00,8.575259118257994473e+00,6.155192994739095980e+00,3.376511275500140297e+00,6.159977288623822211e+00,3.737195472154830611e+00
-3.255852842809363601e-01,6.171718243497013034e+00,6.028214256417413708e+00,8.575302636041204352e+00,6.288874426114730909e+00,3.376316801810736568e+00,6.293911912849528889e+00,3.737137141032077725e+00
-3.145484949832775268e-01,6.292138357914108582e+00,6.127824399078235729e+00,8.575346795895280039e+00,6.425210035048067425e+00,3.376100941994437221e+00,6.430303957711687168e+00,3.737046833389482625e+00
-3.035117056856186379e-01,6.412599756081594826e+00,6.225761678559138090e+00,8.575387550960071437e+00,6.563535455161641607e+00,3.375871801176209441e+00,6.568476758412388428e+00,3.736927776237388255e+00
-2.924749163879598046e-01,6.532979045819224062e+00,6.321909255113496329e+00,8.575428363889731287e+00,6.703106451541671618e+00,3.375638473048847565e+00,6.707687137873292293e+00,3.736785863442777078e+00
-2.814381270903009158e-01,6.653161440393592585e+00,6.416152285548378131e+00,8.575468089463392118e+00,6.843117789082626246e+00,3.375410529447271823e+00,6.847144764826206043e+00,3.736629332060871889e+00
-2.704013377926420825e-01,6.772989376617878143e+00,6.508378020193049451e+00,8.575506881377910062e+00,6.982723884313102758e+00,3.375197449757371793e+00,6.986032384636259529e+00,3.736468115234537812e+00
-2.593645484949831936e-01,6.892368753788190361e+00,6.598475898719698307e+00,8.575541142140790996e+00,7.121060616069840421e+00,3.375008040356568983e+00,7.123526291170509062e+00,3.736312928636817965e+00
-2.483277591973243326e-01,7.011172531819031661e+00,6.686337644785453449e+00,8.575576441203457634e+00,7.257267639947500015e+00,3.374849895215031648e+00,7.258816439773649876e+00,3.736174205101517654e+00
-2.372909698996654715e-01,7.129202513011882125e+00,6.771857359302885015e+00,8.575608373902555925e+00,7.390510540544838136e+00,3.374728943906523781e+00,7.391125651133277685e+00,3.736061032228485512e+00
-2.262541806020066104e-01,7.246398713780009437e+00,6.854931612191649037e+00,8.575640507928708800e+00,7.520002164309872228e+00,3.374649123714017485e+00,7.519727419404722113e+00,3.735980258798682119e+00
-2.152173913043477493e-01,7.362624423505330640e+00,6.935459532947788830e+00,8.575669579578365287e+00,7.645022503854661977e+00,3.374612199383514977e+00,7.643961911046866398e+00,3.735935912398441250e+00
-2.041806020066888883e-01,7.477636779054558147e+00,7.013342899232156924e+00,8.575698726732930766e+00,7.764936551020255706e+00,3.374617739224446300e+00,7.763249819012082220e+00,3.735929015472761350e+00
-1.931438127090300272e-01,7.591414808914442425e+00,7.088486224109146860e+00,8.575726394775234240e+00,7.879209599230890149e+00,3.374663241461690610e+00,7.877103816158455452e+00,3.735957810969890325e+00
-1.821070234113711661e-01,7.703815110218251050e+00,7.160796841475530528e+00,8.575751672510325108e+00,7.987419553906832448e+00,3.374744391717579450e+00,7.985137428506141610e+00,3.736018328496197416e+00
-1.710702341137123050e-01,7.814546489944926400e+00,7.230184989544795826e+00,8.575776185710470401e+00,8.089265900491412253e+00,3.374855422630164803e+00,8.087071220477927369e+00,3.736105156114894577e+00
-1.600334448160534440e-01,7.923631822973754346e+00,7.296563892685298924e+00,8.575796778182011693e+00,8.184575080360176003e+00,3.374989540762667772e+00,8.182736248677699109e+00,3.736212247541342180e+00
-1.489966555183945829e-01,8.030924335610896136e+00,7.359849841019240557e+00,8.575818239746750393e+00,8.273302132536130671e+00,3.375139384294180367e+00,8.272074797138554203e+00,3.736333598598381212e+00
-1.379598662207356941e-01,8.136081322222166179e+00,7.419962268169911113e+00,8.575835734557992751e+00,8.355528570580602832e+00,3.375297477337133589e+00,8.355138455278272147e+00,3.736463670008014049e+00
-1.269230769230768330e-01,8.239174142082788421e+00,7.476823826895270031e+00,8.575855049621441850e+00,8.431456576050621265e+00,3.375456652091903376e+00,8.432083640809604930e+00,3.736597505832386368e+00
-1.158862876254179858e-01,8.340056250625943690e+00,7.530360462356838980e+00,8.575869155730385884e+00,8.501399699228514351e+00,3.375610417450948475e+00,8.503164704955704423e+00,3.736730580639019639e+00
-1.048494983277591108e-01,8.438330848126703643e+00,7.580501483294938225e+00,8.575882707013841255e+00,8.565770361271134448e+00,3.375753260726168214e+00,8.568724788313906160e+00,3.736858482944829696e+00
-9.381270903010024975e-02,8.534122081257816461e+00,7.627179630899263429e+00,8.575897321743514823e+00,8.625064546488388828e+00,3.375880876642260997e+00,8.629184624529280256e+00,3.736976588866479432e+00
-8.277591973244138868e-02,8.627287437735706277e+00,7.670331145085583557e+00,8.575908331252097838e+00,8.679844156368361041e+00,3.375990323817468663e+00,8.685029517409915911e+00,3.737079886037342202e+00
-7.173913043478252760e-02,8.717374164387257096e+00,7.709895828513253946e+00,8.575916885131192657e+00,8.730717565775378830e+00,3.376080112860097682e+00,8.736794746681750823e+00,3.737163071453542429e+00
-6.070234113712366653e-02,8.804563024415086758e+00,7.745817108012488461e+00,8.575925173220069198e+00,8.778318974424749399e+00,3.376150231958789938e+00,8.785049689119169614e+00,3.737220976466101074e+00
-4.966555183946480545e-02,8.888719459907616027e+00,7.778042093297699466e+00,8.575929917191810858e+00,8.823287181683539870e+00,3.376202115591024011e+00,8.830380975418771428e+00,3.737249284600230315e+00
-3.862876254180594437e-02,8.969333746202380553e+00,7.806521633323427523e+00,8.575934736299471339e+00,8.866244428855836190e+00,3.376238560466584993e+00,8.873375038218419775e+00,3.737245424773385505e+00
-2.759197324414707636e-02,9.046646482125279221e+00,7.831210369569816976e+00,8.575936617248149929e+00,8.907775949853558473e+00,3.376263590786715785e+00,8.914600441560347477e+00,3.737209464344525944e+00
-1.655518394648821529e-02,9.120535013929650603e+00,7.852066786834257073e+00,8.575936976624376484e+00,8.948410848521362482e+00,3.376282273292091851e+00,8.954590414571828916e+00,3.737144807670433000e+00
-5.518394648829352475e-03,9.190432583180804471e+00,7.869053261112640030e+00,8.575936556088084473e+00,8.988604879451159491e+00,3.376300482085254462e+00,8.993826039288723706e+00,3.737058531317248633e+00
5.518394648829352475e-03,9.256642102783446902e+00,7.882136104599339887e+00,8.575934165015327793e+00,9.028725650030239080e+00,3.376324614441207128e+00,9.032720561105511692e+00,3.736961250797928180e+00
1.655518394648821529e-02,9.319051795920206160e+00,7.891285607702229754e+00,8.575930886004188736e+00,9.069040686378812666e+00,3.376361261758091370e+00,9.071605296909174498e+00,3.736866500623121645e+00
2.759197324414707636e-02,9.377053596520964263e+00,7.896476078249179409e+00,8.575923062757038196e+00,9.109708716916784965e+00,3.376416844353604674e+00,9.110717607366286330e+00,3.736789699282166755e+00
3.862876254180594437e-02,9.430999621137440059e+00,7.897685877545882249e+00,8.575915006977565369e+00,9.150774427169054093e+00,3.376497224227530403e+00,9.150191373401129979e+00,3.736746843090740899e+00
4.966555183946480545e-02,9.480791396755325451e+00,7.894897453379599028e+00,8.575905823046815257e+00,9.192166831033929952e+00,3.376607315414782207e+00,9.190050370759387022e+00,3.736753112253285103e+00
6.070234113712366653e-02,9.525800296753432761e+00,7.888097369974275352e+00,8.575893948476254636e+00,9.233701290414003893e+00,3.376750716101602823e+00,9.230204869880690666e+00,3.736821572166927119e+00
7.173913043478252760e-02,9.566409694187296253e+00,7.877276334762427723e+00,8.575882979432677189e+00,9.275085100255452630e+00,3.376929389343119592e+00,9.270451701523175103e+00,3.736962116101810949e+00
8.277591973244138868e-02,9.602542561779985775e+00,7.862429222006539931e+00,8.575869461733192978e+00,9.315926443289200165e+00,3.377143419251847689e+00,9.310477923461871086e+00,3.737180733970338231e+00
9.381270903010024975e-02,9.633557619640312097e+00,7.843555093153554481e+00,8.575852699538135226e+00,9.355746411632310355e+00,3.377390866594256469e+00,9.349868103237680472e+00,3.737479123133500281e+00
1.048494983277591108e-01,9.659864558927687028e+00,7.820657214024322457e+00,8.575834823647365823e+00,9.393993694348566237e+00,3.377667741760491449e+00,9.388115100747493003e+00,3.737854599006685596e+00
1.158862876254179858e-01,9.681411195186983676e+00,7.793743068637922988e+00,8.575815556039946941e+00,9.430061444281392369e+00,3.377968104667300686e+00,9.424634097893697771e+00,3.738300229154944532e+00
1.269230769230768330e-01,9.697551874703664865e+00,7.762824369801819557e+00,8.575796016716823900e+00,9.463305766859022583e+00,3.378284291047124466e+00,9.458779486829243410e+00,3.738805110708663726e+00
1.379598662207356941e-01,9.708717449527430432e+00,7.727917066369627719e+00,8.575773373175813674e+00,9.493065220527043380e+00,3.378607253978929137e+00,9.489864100268016855e+00,3.739354734253478085e+00
1.489966555183945829e-01,9.714883578932901997e+00,7.689041347110105562e+00,8.575750189492884701e+00,9.518680684938715331e+00,3.378926999621593374e+00,9.517180153692642364e+00,3.739931417283879345e+00
1.600334448160534440e-01,9.715408756395454759e+00,7.646221641229203669e+00,8.575723946803320175e+00,9.539514940336076165e+00,3.379233088065229929e+00,9.540021176555850246e+00,3.740514831746571733e+00
1.710702341137123050e-01,9.710739733269839746e+00,7.599486615552450530e+00,8.575699038503110216e+00,9.554971310337791124e+00,3.379515164969771224e+00,9.557704143464214042e+00,3.741082677932658029e+00
1.821070234113711661e-01,9.700882526063534073e+00,7.548869168229430215e+00,8.575669922673007761e+00,9.564510750608349099e+00,3.379763487734667837e+00,9.569590981464365598e+00,3.741611560163781824e+00
1.931438127090300272e-01,9.685208401851985727e+00,7.494406419114966411e+00,8.575638589773836529e+00,9.567666816858064749e+00,3.379969411497401488e+00,9.575108629086866330e+00,3.742078094593387583e+00
2.041806020066888883e-01,9.664174764534266160e+00,7.436139696703321533e+00,8.575608278569792020e+00,9.564058015924914002e+00,3.380125804909467568e+00,9.573766858245118527e+00,3.742460230739419025e+00
2.152173913043477493e-01,9.637819929679366737e+00,7.374114521548108314e+00,8.575576348695552298e+00,9.553397131168352985e+00,3.380227372746143377e+00,9.565173141105573151e+00,3.742738707672220944e+00
2.262541806020066104e-01,9.605536530902478276e+00,7.308380586513521848e+00,8.575541837639022447e+00,9.535497215411496086e+00,3.380270870888995027e+00,9.549043948481568123e+00,3.742898508866718821e+00
2.372909698996654715e-01,9.567787513583143166e+00,7.238991733260263572e+00,8.575504689303075523e+00,9.510274057912496914e+00,3.380255208154487434e+00,9.525212000211766394e+00,3.742930142112120162e+00
2.483277591973243326e-01,9.524644787175640559e+00,7.166005925666468102e+00,8.575467125614546049e+00,9.477745052680774052e+00,3.380181437591663673e+00,9.493629145836228744e+00,3.742830564172807239e+00
2.593645484949831936e-01,9.475530772617897668e+00,7.089485219492416945e+00,8.575428204254986753e+00,9.438024519868690732e+00,3.380052646594971844e+00,9.454364728846854860e+00,3.742603598635815043e+00
2.704013377926420825e-01,9.420909100923076096e+00,7.009495728938418324e+00,8.575388919611890870e+00,9.391315655776239169e+00,3.379873759783738052e+00,9.407599472059763102e+00,3.742259756173904162e+00
2.814381270903009158e-01,9.360885858644580892e+00,6.926107589648381690e+00,8.575347913358863039e+00,9.337899405964009247e+00,3.379651271084117781e+00,9.353615106909149546e+00,3.741815448454863358e+00
2.924749163879598046e-01,9.294921366991028222e+00,6.839394918300968129e+00,8.575304222581287661e+00,9.278120665936768319e+00,3.379392921936322569e+00,9.292780147235067290e+00,3.741291674694440683e+00
3.035117056856186379e-01,9.223475457236927966e+00,6.749435769055708079e+00,8.575261012567604979e+00,9.212372310915966978e+00,3.379107341543829079e+00,9.225532370331713139e+00,3.740712336482467482e+00
3.145484949832775268e-01,9.146688212311893551e+00,6.656312086375692161e+00,8.575215739976529861e+00,9.141077636846077326e+00,3.378803663452924599e+00,9.152358707277652883e+00,3.740102387539349316e+00
3.255852842809363601e-01,9.064065528855330456e+00,6.560109654708867311e+00,8.575168758219360754e+00,9.064671855952070700e+00,3.378491131004053738e+00,9.073773354642881372e+00,3.739486041347765077e+00
3.366220735785952489e-01,8.976059431773730779e+00,6.460918044851496234e+00,8.575120745984486703e+00,8.983583329491224845e+00,3.378178703210412692e+00,8.990294995754545937e+00,3.738885239048778342e+00
3.476588628762540822e-01,8.882843016949330206e+00,6.358830557075634715e+00,8.575071287164659495e+00,8.898215236138767636e+00,3.377874672643825793e+00,8.902424058616476898e+00,3.738318527750338571e+00
3.586956521739129711e-01,8.783974872152905178e+00,6.253944160913306405e+00,8.575021462748292578e+00,8.808928365854498566e+00,3.377586308097934253e+00,8.810620937899539484e+00,3.737800426418202093e+00
3.697324414715718044e-01,8.679895786832247495e+00,6.146359431762903114e+00,8.574971026054544865e+00,8.716025696026505898e+00,3.377319536759411545e+00,8.715286070504740579e+00,3.737341277060820754e+00
3.807692307692306932e-01,8.570810059484848864e+00,6.036180484526994405e+00,8.574919210127429636e+00,8.619739350017525226e+00,3.377078682951399013e+00,8.616742680117541298e+00,3.736947507537040636e+00
3.918060200668895265e-01,8.456335414206838763e+00,5.923514903881368809e+00,8.574863639214198585e+00,8.520220459583939032e+00,3.376866282030032362e+00,8.515222899529760525e+00,3.736622180927736903e+00
4.028428093645484154e-01,8.336898640572730557e+00,5.808473671551837469e+00,8.574810850551939367e+00,8.417532354477387457e+00,3.376682988251823669e+00,8.410857845246727749e+00,3.736365682338019134e+00
4.138795986622072487e-01,8.212732593449851848e+00,5.691171090600619209e+00,8.574755324548259949e+00,8.311647388012872284e+00,3.376527593193934251e+00,8.303672062985764768e+00,3.736176398805547638e+00
4.249163879598661375e-01,8.083519809611487972e+00,5.571724706649547443e+00,8.574701664997412820e+00,8.202447580345605616e+00,3.376397166365136648e+00,8.193582591805901316e+00,3.736051277911651702e+00
4.359531772575250264e-01,7.949671052657025783e+00,5.450255226258377661e+00,8.574643486276663396e+00,8.089729125904298712e+00,3.376287321760555571e+00,8.080402715848554962e+00,3.735986197724053604e+00
4.469899665551838597e-01,7.811444258227388637e+00,5.326886432283572503e+00,8.574584608168086319e+00,7.973210672562473178e+00,3.376192603760158839e+00,7.963850293149365989e+00,3.735976134520685221e+00
4.580267558528427485e-01,7.668591599449659846e+00,5.201745096503145760e+00,8.574525958721320507e+00,7.852545142525869437e+00,3.376106973840442560e+00,7.843560377569566811e+00,3.736015164824324941e+00
4.690635451505015818e-01,7.521506584833702824e+00,5.074960889432986733e+00,8.574466324172416165e+00,7.727334733477576378e+00,3.376024367325616282e+00,7.719101688949251638e+00,3.736096375690609594e+00
4.801003344481604707e-01,7.370467947943763143e+00,4.946666287440166343e+00,8.574405499887101101e+00,7.597148617938913162e+00,3.375939278564765278e+00,7.589996343715899485e+00,3.736211776011721941e+00
4.911371237458193040e-01,7.215301401394672354e+00,4.816996477220527595e+00,8.574344634238990182e+00,7.461542753537813155e+00,3.375847324933192173e+00,7.455742138094617388e+00,3.736352299694898793e+00
5.021739130434781373e-01,7.056382809141429568e+00,4.686089257569619804e+00,8.574283603286364297e+00,7.320081130814841686e+00,3.375745736491050586e+00,7.315836582456989312e+00,3.736507970503714748e+00
5.132107023411370816e-01,6.894006649845706214e+00,4.554084938807136496e+00,8.574220158966284089e+00,7.172357721671900777e+00,3.375633719983108350e+00,7.169801820829348138e+00,3.736668262985820110e+00
5.242474916387959150e-01,6.728075107408328037e+00,4.421126239609293407e+00,8.574159297640777666e+00,7.018018353132632114e+00,3.375512653481093306e+00,7.017209535697459089e+00,3.736822651271427098e+00
5.352842809364547483e-01,6.558946877439043810e+00,4.287358181542003877e+00,8.574096488097296742e+00,6.856781719422670562e+00,3.375386081225757895e+00,6.857704935497219267e+00,3.736961295557492235e+00
5.463210702341135816e-01,6.386926412657243368e+00,4.152927981222092058e+00,8.574034613264647220e+00,6.688458761306563360e+00,3.375259495932117382e+00,6.691028950075596171e+00,3.737075782342476948e+00
5.573578595317725259e-01,6.211994295730929316e+00,4.017984940295718843e+00,8.573968189422858543e+00,6.512969684904206247e+00,3.375139916480995872e+00,6.517037816576027431e+00,3.737159814853859174e+00
5.683946488294313593e-01,6.034493405014266010e+00,3.882680333159441943e+00,8.573907238754895133e+00,6.330357961751403195e+00,3.375035290254113196e+00,6.335719322466734305e+00,3.737209747999264753e+00
5.794314381270901926e-01,5.854731743250547460e+00,3.747167292811354855e+00,8.573843524208445643e+00,6.140800745538840033e+00,3.374953768998365522e+00,6.147205080922809373e+00,3.737224878040092957e+00
5.904682274247490259e-01,5.672769200224498931e+00,3.611600694492153707e+00,8.573778214967948230e+00,5.944615255824899691e+00,3.374902922749991152e+00,5.951778343028485629e+00,3.737207428471023718e+00
6.015050167224079702e-01,5.488935055639514893e+00,3.476137037434455124e+00,8.573714877482624175e+00,5.742260811292638323e+00,3.374888965798203078e+00,5.749876997319008254e+00,3.737162215372108687e+00
6.125418060200668036e-01,5.303533862579720370e+00,3.340934325000489480e+00,8.573651054055785536e+00,5.534336340448120950e+00,3.374916070722760342e+00,5.542091565650388851e+00,3.737096021164699522e+00
6.235785953177256369e-01,5.116704710487297803e+00,3.206151942751603201e+00,8.573586484974850208e+00,5.321573351094016857e+00,3.374985840475250853e+00,5.329158170561401953e+00,3.737016748201948513e+00
6.346153846153845812e-01,4.928766343275142070e+00,3.071950535135329119e+00,8.573523671993038775e+00,5.104824496225333519e+00,3.375096994708985498e+00,5.111946618223650596e+00,3.736932456449115758e+00
6.456521739130434145e-01,4.740012376892566159e+00,2.938491880469882744e+00,8.573459756427020295e+00,4.885048027770423573e+00,3.375245306458749095e+00,4.891443907645198763e+00,3.736850407797283502e+00
6.566889632107022479e-01,4.550659998223110847e+00,2.805938764497113880e+00,8.573397864709457750e+00,4.663288575475704079e+00,3.375423800835942956e+00,4.668733635833133278e+00,3.736776240650222736e+00
6.677257525083610812e-01,4.361021284428603373e+00,2.674454852513008518e+00,8.573334316136135058e+00,4.440654821023983345e+00,3.375623201404143181e+00,4.444971915005869079e+00,3.736713382323678889e+00
6.787625418060200255e-01,4.171371035562757790e+00,2.544204560297657736e+00,8.573273450920051886e+00,4.218294752459982533e+00,3.375832585187847901e+00,4.221360546732398689e+00,3.736662775843774931e+00
6.897993311036788588e-01,3.982002476984756179e+00,2.415352923764658044e+00,8.573212238967377274e+00,3.997369276962658091e+00,3.376040186566027668e+00,3.999118304438088245e+00,3.736622956291981268e+00
7.008361204013376922e-01,3.793225642881766113e+00,2.288065467550040921e+00,8.573150156258174448e+00,3.779025037510550078e+00,3.376234276029624670e+00,3.779451255916745467e+00,3.736590465570649222e+00
7.118729096989965255e-01,3.605288350453413670e+00,2.162508072644413915e+00,8.573092013819742618e+00,3.564367318415932573e+00,3.376404033205009814e+00,3.563523107826691572e+00,3.736560549369047468e+00
7.229096989966554698e-01,3.418556901662657577e+00,2.038846843075589277e+00,8.573031931527362204e+00,3.354433934393327377e+00,3.376540335643429369e+00,3.352426571961256485e+00,3.736528042050192067e+00
7.339464882943143031e-01,3.233344603211437907e+00,1.917247971716278698e+00,8.572974165481017650e+00,3.150170977141087292e+00,3.376636394785427875e+00,3.147156736678587308e+00,3.736488318889018778e+00
7.449832775919731365e-01,3.049863941719050509e+00,1.797877605627945741e+00,8.572917876621724886e+00,2.952411242721737494e+00,3.376688187343216629e+00,2.948587375702517832e+00,3.736438184107348182e+00
7.560200668896319698e-01,2.868550499217572103e+00,1.680901710569742136e+00,8.572860057174862547e+00,2.761856083778710058e+00,3.376694651805656644e+00,2.757451041246715917e+00,3.736376569071885978e+00
7.670568561872909141e-01,2.689726789591200706e+00,1.566485935158198117e+00,8.572806700799937119e+00,2.579061325249767833e+00,3.376657643440178269e+00,2.574323671065863905e+00,3.736304937694115758e+00
7.780936454849497474e-01,2.513561549800067851e+00,1.454795474517595721e+00,8.572752598386372824e+00,2.404427754031019049e+00,3.376581664438607966e+00,2.399614292917874536e+00,3.736227333248292481e+00
7.891304347826085808e-01,2.340555091670735166e+00,1.345994933772090008e+00,8.572701468292535765e+00,2.238196546234405560e+00,3.376473406142523448e+00,2.233560239617784049e+00,3.736150048361720266e+00
8.001672240802675251e-01,2.171045610373822488e+00,1.240248191221326124e+00,8.572651091124765088e+00,2.080449834992435854e+00,3.376341155639223768e+00,2.076228099124133308e+00,3.736080951955157214e+00
8.112040133779263584e-01,2.005149711751309738e+00,1.137718261636109673e+00,8.572602057737331194e+00,1.931116452613082402e+00,3.376194127960126856e+00,1.927520423629841773e+00,3.736028556463583339e+00
8.222408026755851917e-01,1.843427225047253204e+00,1.038567159268495743e+00,8.572554900943654133e+00,1.789982708853329996e+00,3.376041787233948099e+00,1.787188016878538122e+00,3.736000948316624992e+00
8.332775919732440251e-01,1.686238955791428795e+00,9.429557612347707618e-01,8.572509154014278820e+00,1.656707898029054604e+00,3.375893215400921576e+00,1.654847417738009696e+00,3.736004727867712649e+00
8.443143812709029694e-01,1.533641140951488957e+00,8.510436712040245766e-01,8.572464112208997733e+00,1.530844067284206744e+00,3.375756576865750258e+00,1.530003008388469254e+00,3.736044107098112299e+00
8.553511705685618027e-01,1.386247352896665008e+00,7.629890830376098165e-01,8.572424550683072297e+00,1.411859432126661318e+00,3.375638713028040971e+00,1.412073004976409862e+00,3.736120292971600421e+00
8.663879598662206361e-01,1.244448304955133144e+00,6.789486453071731376e-01,8.572384195147353836e+00,1.299164698352853975e+00,3.375544884185064820e+00,1.300418444264339612e+00,3.736231243523125745e+00
8.774247491638794694e-01,1.108231871946768532e+00,5.990773261073627509e-01,8.572346307492439976e+00,1.192141446087262580e+00,3.375478659777695789e+00,1.194374167704628675e+00,3.736371828670882689e+00
8.884615384615384137e-01,9.782591395765511955e-01,5.235282786015886813e-01,8.572311144951822115e+00,1.090171655637270476e+00,3.375441943340391937e+00,1.093280729215344138e+00,3.736534367331030726e+00
8.994983277591972470e-01,8.549583086816996413e-01,4.524527072753699031e-01,8.572277786509113540e+00,9.926674088486748815e-01,3.375435107242205302e+00,9.965161179388477564e-01,3.736709457058607242e+00
9.105351170568560804e-01,7.382412362920475202e-01,3.859997351864876691e-01,8.572247128105532354e+00,8.990997855375297831e-01,3.375457205384676307e+00,9.035261939214631610e-01,3.736886971906049570e+00
9.215719063545149137e-01,6.288099463906223763e-01,3.243162719536485383e-01,8.572219338188215687e+00,8.090259930160996760e-01,3.375506229566698213e+00,8.138527826554735611e-01,3.737057085527059286e+00
9.326086956521738580e-01,5.271379063407148902e-01,2.675468830220779637e-01,8.572194967122438669e+00,7.221138174305039570e-01,3.375579377237301060e+00,7.271584617208617374e-01,3.737211182562146128e+00
9.436454849498326913e-01,4.330537206955633600e-01,2.158336600314214593e-01,8.572172906370260748e+00,6.381625671119550702e-01,3.375673303549122650e+00,6.432471955878913406e-01,3.737342549818070125e+00
9.546822742474915247e-01,3.472935429585798373e-01,1.693160924132826040e-01,8.572152508452790087e+00,5.571197879850160462e-01,3.375784338344610447e+00,5.620801277803320062e-01,3.737446783124883432e+00
9.657190635451504690e-01,2.703840080478953078e-01,1.281309403238992672e-01,8.572136144362641375e+00,4.790931658439205876e-01,3.375908657110210154e+00,4.837860165942444723e-01,3.737521896196495774e+00
9.767558528428093023e-01,2.020637258012263626e-01,9.241210927575593814e-02,8.572122220611820609e+00,4.043571857443311046e-01,3.376042403252950574e+00,4.086659941050196920e-01,3.737568164054922981e+00
9.877926421404681356e-01,1.430960472239647674e-01,6.229052602611773182e-02,8.572112985065819757e+00,3.333542898887529304e-01,3.376181765958462311e+00,3.371925304068597029e-01,3.737587766652565868e+00
9.988294314381269690e-01,9.406872859887682736e-02,3.789401638823619578e-02,8.572103826650707248e+00,2.666904566954855227e-01,3.376323022823117803e+00,2.700026879472172681e-01,3.737584313192291230e+00
1.009866220735785802e+00,5.462419313636694002e-02,1.934718469419749454e-02,8.572101097163550065e+00,2.051253093375677850e-01,3.376462559246714346e+00,2.078859466941356260e-01,3.737562323945209375e+00
1.020903010033444636e+00,2.554604096059777396e-02,6.771295098587870598e-03,8.572098984439255887e+00,1.495570458393160607e-01,3.376596877178190237e+00,1.517670625677229879e-01,3.737526728329805259e+00
1.031939799331103691e+00,7.491097330235667318e-03,2.841549230652162805e-04,8.572102119026572709e+00,1.010026587786825303e-01,3.376722604771826841e+00,1.026845828371847347e-01,3.737482413237469547e+00
1.042976588628762524e+00,0.000000000000000000e+00,0.000000000000000000e+00,8.572108783123903564e+00,6.057407490758492941e-02,3.376836516360973039e+00,6.176577792091286767e-02,3.737433832662545363e+00
1.054013377926421358e+00,3.869734508534744804e-03,6.029382146152784117e-03,8.572117793087038251e+00,2.945098812764967988e-02,3.376935569473725529e+00,3.019885543401379380e-02,3.737384675827326586e+00
1.065050167224080191e+00,1.983408970007158323e-02,1.847905893919232767e-02,8.572130766315238404e+00,8.851278380440419369e-03,3.377016962961731483e+00,9.203396974582389589e-03,3.737337589821132955e+00
1.076086956521739024e+00,4.732693855516825060e-02,3.745188565335411113e-02,8.572147455358983592e+00,0.000000000000000000e+00,3.377078217925823189e+00,0.000000000000000000e+00,3.737293963422863463e+00
1.087123745819397858e+00,8.715196603738166459e-02,6.304670984172844328e-02,8.572167778014479822e+00,4.097982684122314367e-03,3.377117281163118712e+00,3.780116475430972400e-03,3.737253795951627655e+00
1.098160535117056691e+00,1.401277331722421415e-01,9.535826821593218483e-02,8.572193435083264035e+00,2.229111417646834070e-02,3.377132649050476498e+00,2.167705822844645525e-02,3.737215690717769156e+00
1.109197324414715524e+00,2.055769975810202432e-01,1.344770861614961177e-01,8.572222039861919995e+00,5.564136484171910979e-02,3.377123508044467481e+00,5.473908851616648974e-02,3.737177018489970859e+00
1.120234113712374580e+00,2.843037184471919332e-01,1.804893799435376422e-01,8.572254289072750666e+00,1.051005704050567147e-01,3.377089885708455252e+00,1.039054433739412531e-01,3.737134286378434034e+00
1.131270903010033413e+00,3.772189335988827552e-01,2.334769615972618340e-01,8.572289824023259897e+00,1.714879112682154982e-01,3.377032803530025440e+00,1.699860285384460212e-01,3.737083720015334620e+00
1.142307692307692246e+00,4.835305549491942245e-01,2.935171466742758639e-01,8.572330481265280966e+00,2.554719170623656055e-01,3.376954419345446379e+00,2.536454220716279906e-01,3.737022025591333563e+00
1.153344481605351080e+00,6.040367228647631759e-01,3.606826649011054542e-01,8.572373810424418039e+00,3.575576866135463661e-01,3.376858143735161466e+00,3.553916832694472561e-01,3.736947251846190365e+00
1.164381270903009913e+00,7.397485505883786283e-01,4.350415737062576227e-01,8.572421727998268182e+00,4.780798503199008564e-01,3.376748711343363851e+00,4.755703289144026513e-01,3.736859631705327089e+00
1.175418060200668746e+00,8.897559678482271917e-01,5.166571748541173292e-01,8.572472743285400654e+00,6.172016189573099609e-01,3.376632186107275668e+00,6.143636920695723092e-01,3.736762260448638351e+00
1.186454849498327579e+00,1.054845593575239882e+00,6.055879342093248852e-01,8.572529813058542558e+00,7.749200656999164494e-01,3.376515879431775335e+00,7.717957297270476857e-01,3.736661470205098645e+00
1.197491638795986635e+00,1.236136123382292729e+00,7.018874046134442324e-01,8.572589183979285821e+00,9.510775827082369460e-01,3.376408163495370651e+00,9.477421966676544685e-01,3.736566792091308375e+00
1.208528428093645468e+00,1.432596918209177117e+00,8.056041519939753925e-01,8.572654358271602604e+00,1.145379246374062632e+00,3.376318168692797883e+00,1.141945956463732870e+00,3.736490453780506815e+00
1.219565217391304301e+00,1.644997807319309668e+00,9.167816848821530584e-01,8.572723163637043342e+00,1.357415622710632874e+00,3.376255364850455631e+00,1.354037058981006680e+00,3.736446431999909557e+00
1.230602006688963135e+00,1.874572514768298337e+00,1.035458387101243716e+00,8.572794069679762430e+00,1.586690352853949548e+00,3.376229039678976473e+00,1.583557079120446076e+00,3.736449152907487026e+00
1.241638795986621968e+00,2.120167734954693461e+00,1.161667454000053112e+00,8.572871965222075730e+00,1.832651684329576369e+00,3.376247703781859233e+00,1.829987085893561627e+00,3.736511994131622938e+00
1.252675585284280801e+00,2.382531702495333192e+00,1.295436832224368118e+00,8.572950215525949602e+00,2.094726962328934405e+00,3.376318467314473715e+00,2.092778496245371045e+00,3.736645778567619480e+00
1.263712374581939635e+00,2.663020601874267701e+00,1.436789162788045360e+00,8.573033712920071991e+00,2.372358971726882260e+00,3.376446446884411756e+00,2.371385966404959689e+00,3.736857455266761274e+00
1.274749163879598468e+00,2.960356774981722783e+00,1.585741727942149737e+00,8.573122242880693022e+00,2.665042929218259360e+00,3.376634269602503124e+00,2.665301387165195379e+00,3.737149136863144872e+00
1.285785953177257523e+00,3.275262533339891480e+00,1.742306401454698062e+00,8.573214286698176423e+00,2.972362869012997066e+00,3.376881742004863796e+00,2.974087980720462099e+00,3.737517612462510019e+00
1.296822742474916357e+00,3.609224001749636646e+00,1.906489602783040027e+00,8.573308392618697482e+00,3.294026147259174309e+00,3.377185743293283693e+00,3.297413448012083137e+00,3.737954390694418816e+00
1.307859531772575190e+00,3.960837803641396704e+00,2.078292254782354576e+00,8.573406606045050893e+00,3.629894810881793887e+00,3.377540383960355719e+00,3.635081089454821779e+00,3.738446262260417541e+00
1.318896321070234023e+00,4.330796473079259634e+00,2.257709745195825235e+00,8.573508822296838972e+00,3.980012635779090147e+00,3.377937443353924429e+00,3.987057820902501604e+00,3.738976315716520116e+00
1.329933110367892857e+00,4.720723678913236299e+00,2.444731891866467777e+00,8.573614495468683927e+00,4.344626736094525654e+00,3.378367065295978300e+00,4.353498032967205944e+00,3.739525301081007669e+00
1.340969899665551690e+00,5.129089175371139397e+00,2.639342911972562433e+00,8.573722882347974306e+00,4.724202778230434774e+00,3.378818653211959955e+00,4.734762297134482267e+00,3.740073214413668801e+00
1.352006688963210523e+00,5.556552320819973190e+00,2.841521394839219283e+00,8.573833126884238709e+00,5.119432996941625902e+00,3.379281870259473131e+00,5.131430007704663510e+00,3.740600968993931019e+00
1.363043478260869579e+00,6.004882143996161048e+00,3.051240278773548198e+00,8.573948456092832515e+00,5.531236401833538707e+00,3.379747621404781910e+00,5.544305164810803710e+00,3.741092018531934293e+00
1.374080267558528412e+00,6.472420478517252995e+00,3.268466831790647120e+00,8.574064720162756004e+00,5.960750775620354602e+00,3.380208878584055388e+00,5.974414650005328120e+00,3.741533798362297158e+00
1.385117056856187245e+00,6.959790532016382869e+00,3.493162636121269315e+00,8.574185417779084162e+00,6.409316294605389430e+00,3.380661212029676399e+00,6.422998520435834635e+00,3.741918848364007566e+00
1.396153846153846079e+00,7.468914819651886638e+00,3.725283576848596567e+00,8.574307285553132374e+00,6.878450840518382847e+00,3.381102913324640635e+00,6.891492047484186756e+00,3.742245478127015801e+00
1.407190635451504912e+00,7.998006177653643078e+00,3.964779834370347089e+00,8.574429670808649817e+00,7.369817314285640464e+00,3.381534639886817128e+00,7.381499446721369928e+00,3.742517838108589956e+00
1.418227424749163745e+00,8.547649064081154435e+00,4.211595880819004378e+00,8.574556195372613487e+00,7.885183499526760897e+00,3.381958574073506085e+00,7.894759482724266419e+00,3.742745281769351173e+00
1.429264214046822579e+00,9.119928024373088249e+00,4.465670480529297492e+00,8.574684467169570112e+00,8.426375249725055028e+00,3.382377168103057219e+00,8.433103378206386225e+00,3.742940955417837667e+00
1.440301003344481412e+00,9.712925664144822946e+00,4.726936694389223703e+00,8.574813366430399597e+00,8.995223981483647435e+00,3.382791630320724607e+00,8.998405704624779844e+00,3.743119643650407724e+00
1.451337792642140467e+00,1.032718540933721663e+01,4.995321888251055498e+00,8.574943092146607881e+00,9.593509640963262086e+00,3.383200388870979403e+00,9.592529172881405941e+00,3.743295029827845344e+00
1.462374581939799301e+00,1.096496290894288883e+01,5.270747745285916608e+00,8.575073550720381022e+00,1.022290046605043301e+01,3.383597833727814752e+00,1.021726446952408907e+01,3.743476692711690035e+00
1.473411371237458134e+00,1.162420901346356139e+01,5.553130282327401801e+00,8.575204956087384645e+00,1.088489098838591929e+01,3.383973675671354542e+00,1.087426648756375336e+01,3.743667329833954227e+00
1.484448160535116967e+00,1.230542407913709901e+01,5.842379870180593571e+00,8.575337142467107654e+00,1.158073980346613041e+01,3.384313260956164360e+00,1.156498847361075022e+01,3.743860842648222942e+00
1.495484949832775801e+00,1.301104457598902719e+01,6.138401257931036525e+00,8.575467624571189162e+00,1.231140868098961505e+01,3.384599136218766624e+00,1.229061574718927474e+01,3.744042000205991538e+00
1.506521739130434634e+00,1.373888764782323513e+01,6.441093601144530112e+00,8.575600114603410873e+00,1.307750459004897436e+01,3.384814066860448278e+00,1.305200073759345614e+01,3.744188381014032174e+00
1.517558528428093467e+00,1.448940870749709298e+01,6.750350494157828507e+00,8.575728141041054187e+00,1.387922617437997985e+01,3.384945576780629128e+00,1.384960112368769991e+01,3.744275150995431733e+00
1.528595317725752523e+00,1.526523552232817948e+01,7.066060005994586390e+00,8.575857816578627890e+00,1.471631613262545102e+01,3.384991905803285128e+00,1.468342284947182286e+01,3.744282960161783080e+00
1.539632107023411356e+00,1.606404901677150932e+01,7.388104720563205774e+00,8.575985069796699278e+00,1.558802083953101203e+01,3.384969086765349466e+00,1.555296972173020720e+01,3.744208844090385568e+00
1.550668896321070189e+00,1.688625786168030274e+01,7.716361780459919828e+00,8.576109993611833460e+00,1.649305838934314750e+01,3.384918643866493770e+00,1.645720117631063673e+01,3.744079532638221242e+00
1.561705685618729023e+00,1.773469246807358246e+01,8.050702934775472386e+00,8.576232602046324871e+00,1.742959605659088140e+01,3.384915226999699378e+00,1.739449962916578585e+01,3.743966050018935565e+00
1.572742474916387856e+00,1.860689433801966786e+01,8.390994590594345937e+00,8.576350610699218890e+00,1.839523795692445418e+01,3.385073344324123212e+00,1.836264861176373131e+01,3.743998002525749325e+00
1.583779264214046689e+00,1.950322358223254327e+01,8.737097868448472582e+00,8.576466612911316290e+00,1.938702345750073874e+01,3.385552258200508646e+00,1.935882263410506710e+01,3.744375563922137662e+00
1.594816053511705523e+00,2.042672557716062087e+01,9.088868661430751672e+00,8.576577864320444888e+00,2.040143663878433955e+01,3.386558088388634591e+00,2.037958943015183877e+01,3.745376954780112122e+00
1.605852842809364356e+00,2.137479838718558867e+01,9.446157698059323593e+00,8.576685227146077395e+00,2.143442685420878746e+01,3.388342239689547508e+00,2.142092492894476408e+01,3.747359236369760094e+00
1.616889632107023411e+00,2.234775162716560359e+01,9.808810608828935074e+00,8.576786229257322702e+00,2.248144017765147495e+01,3.391195454050459634e+00,2.247824096988870224e+01,3.750750556147663062e+00
1.627926421404682245e+00,2.334885903205797320e+01,1.017666799645303399e+01,8.576883213307047171e+00,2.353746127782789799e+01,3.395437087715245550e+00,2.354642545288251654e+01,3.756032624201701253e+00
1.638963210702341078e+00,2.437537028924299420e+01,1.054956550953102123e+01,8.576972742261744997e+00,2.459706501998498140e+01,3.401399628821362597e+00,2.461989429348936653e+01,3.763713167370106749e+00
1.649999999999999911e+00,2.542754236512907084e+01,1.092733392002992332e+01,8.577055064100729709e+00,2.565447687468398996e+01,3.409408979241530524e+00,2.569265425015109372e+01,3.774289346675526513e+00
