method,x_nm,free_energy_kj_mol_aligned,error_kj_mol
MBAR,1.483,17.816362,0.83640163
MBAR,1.549,15.143404,0.78853527
MBAR,1.615,11.765047,0.71547609
MBAR,1.68,9.5909066,0.67768686
MBAR,1.746,6.7869458,0.59203127
MBAR,1.812,4.779078,0.56179989
MBAR,1.878,2.9500792,0.47362502
MBAR,1.944,1.3629316,0.44591292
MBAR,2.01,0.65501332,0.32498738
MBAR,2.075,0,0
MBAR,2.141,0.10329056,0.4484322
MBAR,2.207,0.49377928,0.64997476
MBAR,2.273,0.30987169,0.69280255
MBAR,2.339,0.33002594,0.73311107
MBAR,2.405,1.4007208,0.78349671
MBAR,2.47,2.8921358,0.86663301
MBAR,2.536,3.6731132,0.8968644
MBAR,2.602,4.8848878,0.99259711
MBAR,2.668,6.8977942,1.0177899
MBAR,2.734,8.5126539,1.0656563
MBAR,2.8,10.70191,1.0757334
MBAR,2.865,13.070035,1.1110034
MBAR,2.931,15.695127,1.161389
MBAR,2.997,18.199293,1.1891011
MBAR,3.063,19.471531,1.2067361
MBAR,3.129,22.938063,1.2546024
MBAR,3.195,25.212974,1.3150652
MBAR,3.26,27.397192,1.3478159
MBAR,3.326,28.367116,1.3503352
MBAR,3.392,30.055034,1.3528544
MBAR,3.458,32.342543,1.3704894
MBAR,3.524,33.78861,1.3830858
MBAR,3.59,35.667995,1.3982015
MBAR,3.655,37.688459,1.4259136
MBAR,3.721,39.348666,1.4460679
MBAR,3.787,40.016276,1.4460679
MBAR,3.853,42.255917,1.4788185
MBAR,3.919,44.812989,1.5594356
MBAR,3.985,45.097667,1.5594356
MBAR,4.05,43.412268,1.5040114
MBAR,4.116,44.14034,1.5065306
MBAR,4.182,45.032166,1.5140885
MBAR,4.248,45.316845,1.5115692
MBAR,4.314,45.911395,1.5166078
MBAR,4.38,45.835817,1.5140885
MBAR,4.445,45.823221,1.5140885
MBAR,4.511,46.107899,1.5140885
MBAR,4.577,46.473195,1.5166078
MBAR,4.643,46.523581,1.5166078
MBAR,4.709,47.002245,1.5191271
MBAR,4.775,46.861165,1.5191271
MBAR,4.84,47.372579,1.5216463
MBAR,4.906,47.274327,1.5241656
MBAR,4.972,47.506101,1.5241656
MBAR,5.038,47.571602,1.5266849
MBAR,5.104,47.372579,1.5266849
MBAR,5.17,47.677412,1.5292042
MBAR,5.235,47.821011,1.5317235
MBAR,5.301,47.465792,1.5317235
MBAR,5.367,47.463273,1.5342427
UI,1.46975,18.4614,2.49907
UI,1.50925,16.56953,2.33076
UI,1.54875,15.01956,2.17174
UI,1.58825,13.24099,2.08359
UI,1.62775,11.30412,2.0656
UI,1.66725,9.81604,2.05337
UI,1.70675,8.58466,2.06723
UI,1.74625,7.17645,2.02221
UI,1.78575,5.83406,1.85081
UI,1.82525,4.88329,1.62273
UI,1.86475,3.85844,1.51297
UI,1.90425,2.63701,1.50802
UI,1.94375,1.7056,1.50756
UI,1.98325,1.09729,1.49107
UI,2.02275,0.53689,1.4286
UI,2.06225,0.11597,1.38229
UI,2.10175,0.02129,1.41204
UI,2.14125,0.03594,1.3975
UI,2.18075,0,1.24904
UI,2.22025,0.00741,1.08901
UI,2.25975,0.09712,1.03504
UI,2.29925,0.26908,1.03354
UI,2.33875,0.61431,1.01774
UI,2.37825,1.17995,1.01571
UI,2.41775,1.7367,0.99284
UI,2.45725,2.15485,0.88573
UI,2.49675,2.68847,0.8464
UI,2.53625,3.44469,0.94392
UI,2.57575,4.14548,1.03906
UI,2.61525,4.85401,1.07817
UI,2.65475,5.91256,1.14064
UI,2.69425,7.10201,1.24723
UI,2.73375,8.11042,1.39299
UI,2.77325,9.25036,1.57477
UI,2.81275,10.81392,1.74476
UI,2.85225,12.35147,1.7918
UI,2.89175,13.68792,1.68724
UI,2.93125,15.16669,1.5428
UI,2.97075,16.75378,1.43903
UI,3.01025,18.23945,1.38636
UI,3.04975,19.68961,1.32269
UI,3.08925,21.20703,1.22581
UI,3.12875,22.69212,1.06749
UI,3.16825,24.10293,0.79694
UI,3.20775,25.50143,0.45308
UI,3.24725,26.83384,0.18683
UI,3.28675,27.95308,0.13316
UI,3.32625,28.91074,0.13233
UI,3.36575,29.89072,0.13501
UI,3.40525,30.91168,0.14519
UI,3.44475,31.88584,0.24657
UI,3.48425,32.83603,0.4327
UI,3.52375,33.86349,0.60546
UI,3.56325,34.98108,0.72497
UI,3.60275,36.10981,0.809
UI,3.64225,37.172,0.8759
UI,3.68175,38.16026,0.90935
UI,3.72125,39.11575,0.88835
UI,3.76075,40.081,0.82728
UI,3.80025,41.08113,0.76242
UI,3.83975,42.11331,0.72083
UI,3.87925,43.13103,0.70378
UI,3.91875,44.03478,0.69024
UI,3.95825,44.7196,0.66988
UI,3.99775,45.17259,0.65641
UI,4.03725,45.4785,0.65864
UI,4.07675,45.72569,0.67413
UI,4.11625,45.95512,0.69506
UI,4.15575,46.17049,0.70989
UI,4.19525,46.36069,0.70856
UI,4.23475,46.51957,0.68934
UI,4.27425,46.65698,0.66073
UI,4.31375,46.79447,0.63508
UI,4.35325,46.95053,0.62168
UI,4.39275,47.12898,0.62486
UI,4.43225,47.31924,0.64521
UI,4.47175,47.50691,0.68298
UI,4.51125,47.68509,0.737
UI,4.55075,47.85533,0.79712
UI,4.59025,48.01894,0.84643
UI,4.62975,48.1716,0.8734
UI,4.66925,48.30971,0.88026
UI,4.70875,48.43979,0.88098
UI,4.74825,48.57575,0.89085
UI,4.78775,48.72324,0.91775
UI,4.82725,48.86748,0.95907
UI,4.86675,48.98127,1.00443
UI,4.90625,49.05132,1.04394
UI,4.94575,49.09439,1.07386
UI,4.98525,49.14155,1.09515
UI,5.02475,49.20905,1.11087
UI,5.06425,49.28735,1.12526
UI,5.10375,49.35517,1.14213
UI,5.14325,49.40176,1.16183
UI,5.18275,49.4333,1.18091
UI,5.22225,49.45943,1.19687
UI,5.26175,49.48311,1.21231
UI,5.30125,49.50956,1.23165
UI,5.34075,49.56177,1.25326
UI,5.38025,49.68101,1.26827
WHAM,1.45,19.02762,1.39538
WHAM,1.5,16.74591,1.50546
WHAM,1.55,14.90841,1.5663
WHAM,1.6,12.4735,1.5235
WHAM,1.65,10.24736,1.51933
WHAM,1.7,8.91549,1.57992
WHAM,1.75,6.90991,1.53134
WHAM,1.8,5.4397,1.45028
WHAM,1.85,4.43275,1.36358
WHAM,1.9,2.86635,1.38363
WHAM,1.95,1.68267,1.34108
WHAM,2,1.06412,1.30218
WHAM,2.05,0.44705,1.28103
WHAM,2.1,0.29328,1.3598
WHAM,2.15,0.21666,1.38133
WHAM,2.2,0,1.30311
WHAM,2.25,0.21717,1.28699
WHAM,2.3,0.44566,1.29666
WHAM,2.35,0.79273,1.28805
WHAM,2.4,1.82303,1.25087
WHAM,2.45,2.53634,1.18147
WHAM,2.5,3.16209,1.12311
WHAM,2.55,4.22725,1.13972
WHAM,2.6,5.01008,1.111
WHAM,2.65,6.21559,1.08263
WHAM,2.7,7.74114,1.03715
WHAM,2.75,8.96178,1.09329
WHAM,2.8,10.85391,1.15586
WHAM,2.85,12.90773,1.16924
WHAM,2.9,14.55039,1.04021
WHAM,2.95,16.57168,0.9323
WHAM,3,18.25243,0.90247
WHAM,3.05,19.98366,0.92126
WHAM,3.1,22.03891,0.97002
WHAM,3.15,23.73735,0.89404
WHAM,3.2,25.49719,0.69104
WHAM,3.25,27.41593,0.5433
WHAM,3.3,28.77289,0.51627
WHAM,3.35,29.87731,0.55948
WHAM,3.4,31.22148,0.57172
WHAM,3.45,32.55538,0.56782
WHAM,3.5,33.75601,0.55954
WHAM,3.55,35.06576,0.5608
WHAM,3.6,36.57993,0.48582
WHAM,3.65,37.9562,0.4531
WHAM,3.7,39.31414,0.46851
WHAM,3.75,40.48397,0.47212
WHAM,3.8,41.6377,0.49402
WHAM,3.85,43.09672,0.51554
WHAM,3.9,44.73805,0.50476
WHAM,3.95,45.8494,0.51741
WHAM,4,46.35289,0.48555
WHAM,4.05,46.35993,0.44672
WHAM,4.1,46.5124,0.4489
WHAM,4.15,46.61801,0.4454
WHAM,4.2,46.87891,0.4347
WHAM,4.25,47.27344,0.42072
WHAM,4.3,47.45533,0.39391
WHAM,4.35,47.67994,0.36656
WHAM,4.4,47.90388,0.39524
WHAM,4.45,48.18479,0.35286
WHAM,4.5,48.28198,0.29601
WHAM,4.55,48.5712,0.29092
WHAM,4.6,48.91713,0.3003
WHAM,4.65,49.00159,0.28971
WHAM,4.7,49.16437,0.27424
WHAM,4.75,49.30276,0.22347
WHAM,4.8,49.54928,0.20153
WHAM,4.85,49.75937,0.21906
WHAM,4.9,49.82787,0.23621
WHAM,4.95,49.87947,0.20119
WHAM,5,49.96936,0.17557
WHAM,5.05,50.13324,0.16207
WHAM,5.1,50.24396,0.1605
WHAM,5.15,50.24796,0.18904
WHAM,5.2,50.1529,0.17494
WHAM,5.25,50.13312,0.14421
WHAM,5.3,50.04783,0.11441
WHAM,5.35,50.03507,0.09233
WHAM,5.4,50.01999,0
