x_nm,pmf_mean_kJmol,pmf_std_kJmol,pmf_within_std_kJmol,pmf_between_std_kJmol,pmf_variance_kJmol2,pmf_within_variance_kJmol2,pmf_between_variance_kJmol2
1.45,0.0,0.0,0.0,0.0,0.0,0.0,0.0
1.4898989898989898,-2.1115366460538816,0.07082743816804002,0.07082743816804002,0.0,0.0050165259974475325,0.0050165259974475325,0.0
1.5297979797979797,-3.699031187495002,0.11413931182341001,0.11413931182341001,0.0,0.013027782503521625,0.013027782503521625,0.0
1.5696969696969696,-5.313790971481918,0.15136622532848681,0.15136622532848681,0.0,0.022911734170194244,0.022911734170194244,0.0
1.6095959595959595,-7.2804469810547285,0.17694911635006688,0.17694911635006688,0.0,0.0313109897770695,0.0313109897770695,0.0
1.6494949494949496,-8.987042109021473,0.19447478953034672,0.19447478953034672,0.0,0.03782044376287265,0.03782044376287265,0.0
1.6893939393939394,-10.144064369697643,0.21249887016493946,0.21249887016493946,0.0,0.0451557698213758,0.0451557698213758,0.0
1.7292929292929293,-11.468543562215162,0.23875922628598986,0.23875922628598986,0.0,0.057005968136684515,0.057005968136684515,0.0
1.7691919191919192,-12.991094089117851,0.265901803346681,0.265901803346681,0.0,0.07070376902301703,0.07070376902301703,0.0
1.809090909090909,-14.03926751771315,0.28614584645174834,0.28614584645174834,0.0,0.08187944544158754,0.08187944544158754,0.0
1.848989898989899,-14.878795711685493,0.3002073623623376,0.3002073623623376,0.0,0.09012446041655187,0.09012446041655187,0.0
1.8888888888888888,-16.000849066060255,0.3120039882984992,0.3120039882984992,0.0,0.09734648871417,0.09734648871417,0.0
1.9287878787878787,-17.05996401207851,0.32278175766437006,0.32278175766437006,0.0,0.10418806308090012,0.10418806308090012,0.0
1.9686868686868686,-17.68541799479431,0.33196333614423895,0.33196333614423895,0.0,0.110199656544013,0.110199656544013,0.0
2.0085858585858585,-18.23591107334053,0.3438052451472262,0.3438052451472262,0.0,0.1182020465907443,0.1182020465907443,0.0
2.0484848484848484,-18.73338892845367,0.3578884310710407,0.3578884310710407,0.0,0.12808412909449102,0.12808412909449102,0.0
2.0883838383838382,-18.864666718387085,0.3706291117709479,0.3706291117709479,0.0,0.1373659384921218,0.1373659384921218,0.0
2.128282828282828,-18.8351273711332,0.3820850810877382,0.3820850810877382,0.0,0.14598900918982347,0.14598900918982347,0.0
2.168181818181818,-18.91499250275472,0.39796419176159165,0.39796419176159165,0.0,0.15837549792445688,0.15837549792445688,0.0
2.2080808080808083,-18.949720577543157,0.4212344869721251,0.4212344869721251,0.0,0.17743849301466946,0.17743849301466946,0.0
2.2479797979797977,-18.80393526825255,0.44461887926868027,0.44461887926868027,0.0,0.19768594780213727,0.19768594780213727,0.0
2.287878787878788,-18.562508021342687,0.460445037576392,0.460445037576392,0.0,0.21200963262872505,0.21200963262872505,0.0
2.3277777777777775,-18.199578604033775,0.4696075184840191,0.4696075184840191,0.0,0.22053122141671835,0.22053122141671835,0.0
2.367676767676768,-17.61432832940307,0.47814287825409185,0.47814287825409185,0.0,0.22862061202510728,0.22862061202510728,0.0
2.4075757575757573,-16.99867648894265,0.49031664292182836,0.49031664292182836,0.0,0.24041041032613172,0.24041041032613172,0.0
2.4474747474747476,-16.588141350091327,0.5083259215373892,0.5083259215373892,0.0,0.25839524250683593,0.25839524250683593,0.0
2.487373737373737,-16.10945615659529,0.5255675874803708,0.5255675874803708,0.0,0.27622128900993725,0.27622128900993725,0.0
2.5272727272727273,-15.2925271920717,0.5369078434686932,0.5369078434686932,0.0,0.28827003237820276,0.28827003237820276,0.0
2.567171717171717,-14.529206983499838,0.5469726451658821,0.5469726451658821,0.0,0.2991790745597619,0.2991790745597619,0.0
2.607070707070707,-13.904131647972992,0.5602354462982359,0.5602354462982359,0.0,0.31386375528898347,0.31386375528898347,0.0
2.646969696969697,-12.930779586534747,0.5763206991650486,0.5763206991650486,0.0,0.3321455482860904,0.3321455482860904,0.0
2.686868686868687,-11.654360014374245,0.5901012596631784,0.5901012596631784,0.0,0.3482194966560698,0.3482194966560698,0.0
2.7267676767676767,-10.56289320599723,0.5985112435059033,0.5985112435059033,0.0,0.35821570860298274,0.35821570860298274,0.0
2.7666666666666666,-9.451252539511847,0.6045347145071239,0.6045347145071239,0.0,0.36546222104420983,0.36546222104420983,0.0
2.8065656565656565,-7.8589466507668355,0.6111747213866832,0.6111747213866832,0.0,0.37353454006208975,0.37353454006208975,0.0
2.8464646464646464,-6.2329086934051645,0.6171903441093495,0.6171903441093495,0.0,0.38092392086181726,0.38092392086181726,0.0
2.8863636363636362,-4.859510460507299,0.6231212620673034,0.6231212620673034,0.0,0.38828010724034906,0.38828010724034906,0.0
2.926262626262626,-3.374848120519343,0.6299024737867024,0.6299024737867024,0.0,0.39677712648260727,0.39677712648260727,0.0
2.9661616161616164,-1.7429105498753958,0.6354435265335145,0.6354435265335145,0.0,0.40378847541334945,0.40378847541334945,0.0
3.006060606060606,-0.21271796331771786,0.639567132631654,0.639567132631654,0.0,0.4090461171426757,0.4090461171426757,0.0
3.045959595959596,1.274087602514211,0.6442291942085512,0.6442291942085512,0.0,0.41503125467059915,0.41503125467059915,0.0
3.0858585858585856,2.8342812332219545,0.6500701741308751,0.6500701741308751,0.0,0.4225912312945463,0.4225912312945463,0.0
3.125757575757576,4.338255137794638,0.6573590409514537,0.6573590409514537,0.0,0.432120908720615,0.432120908720615,0.0
3.1656565656565654,5.754426806820478,0.6671136639911506,0.6671136639911506,0.0,0.4450406406836977,0.4450406406836977,0.0
3.2055555555555557,7.205039961976802,0.6783013855729445,0.6783013855729445,0.0,0.4600927696701763,0.4600927696701763,0.0
3.245454545454545,8.647139487997489,0.6876657153280785,0.6876657153280785,0.0,0.472884136037678,0.472884136037678,0.0
3.2853535353535355,9.871140711374975,0.6932259630776115,0.6932259630776115,0.0,0.48056223588488195,0.48056223588488195,0.0
3.325252525252525,10.88535218266181,0.6962797299600256,0.6962797299600256,0.0,0.48480546235320626,0.48480546235320626,0.0
3.3651515151515152,11.887016923162946,0.6986864821686428,0.6986864821686428,0.0,0.4881628003651933,0.4881628003651933,0.0
3.405050505050505,12.888672130453287,0.7012083642858252,0.7012083642858252,0.0,0.4916931701444025,0.4916931701444025,0.0
3.444949494949495,13.784812865781845,0.7044069123457244,0.7044069123457244,0.0,0.49618909816043705,0.49618909816043705,0.0
3.4848484848484844,14.634177535759973,0.7078611294954593,0.7078611294954593,0.0,0.5010673786505874,0.5010673786505874,0.0
3.5247474747474747,15.586307025216335,0.7106662679915571,0.7106662679915571,0.0,0.5050465444610476,0.5050465444610476,0.0
3.564646464646464,16.658227919536102,0.7129426139702123,0.7129426139702123,0.0,0.5082871708146792,0.5082871708146792,0.0
3.6045454545454545,17.754181088160557,0.715321499627236,0.715321499627236,0.0,0.5116848478289578,0.5116848478289578,0.0
3.644444444444445,18.792931435717847,0.7178994106521387,0.7178994106521387,0.0,0.5153795638146881,0.5153795638146881,0.0
3.6843434343434343,19.780285919816663,0.7203698310053751,0.7203698310053751,0.0,0.5189326934227128,0.5189326934227128,0.0
3.7242424242424246,20.769231429456624,0.722643081709524,0.722643081709524,0.0,0.5222130235426378,0.5222130235426378,0.0
3.764141414141414,21.80732668167541,0.7248776693292887,0.7248776693292887,0.0,0.5254476354922615,0.5254476354922615,0.0
3.8040404040404043,22.92137504575441,0.7272486658124919,0.7272486658124919,0.0,0.5288906219260495,0.5288906219260495,0.0
3.8439393939393938,24.104377388462193,0.7298189392915506,0.7298189392915506,0.0,0.532635684148644,0.532635684148644,0.0
3.883838383838384,25.28979556570982,0.7324704069890524,0.7324704069890524,0.0,0.5365128971147081,0.5365128971147081,0.0
3.9237373737373735,26.332848474799654,0.7350376469639157,0.7350376469639157,0.0,0.54028034245425,0.54028034245425,0.0
3.963636363636364,27.08264689879745,0.7376122559653268,0.7376122559653268,0.0,0.5440718401502588,0.5440718401502588,0.0
4.003535353535353,27.526183216641233,0.7402675539933609,0.7402675539933609,0.0,0.5479960514953135,0.5479960514953135,0.0
4.043434343434344,27.784883823777047,0.7426652084282865,0.7426652084282865,0.0,0.5515516118098304,0.5515516118098304,0.0
4.083333333333333,27.977143008635114,0.7444351945122205,0.7444351945122205,0.0,0.5541837588284476,0.5541837588284476,0.0
4.123232323232323,28.156055066288825,0.7455377888044231,0.7455377888044231,0.0,0.5558265945353886,0.5558265945353886,0.0
4.163131313131313,28.32700414339097,0.7461929814262318,0.7461929814262318,0.0,0.5568039655297687,0.5568039655297687,0.0
4.203030303030303,28.476985882778994,0.7467073156310771,0.7467073156310771,0.0,0.557571815216969,0.557571815216969,0.0
4.2429292929292926,28.59939682336333,0.7472930005241426,0.7472930005241426,0.0,0.5584468286323763,0.5584468286323763,0.0
4.282828282828283,28.7067690386412,0.7479735687293094,0.7479735687293094,0.0,0.5594644595176589,0.5594644595176589,0.0
4.322727272727272,28.82403661872547,0.7486700042813133,0.7486700042813133,0.0,0.5605067753105816,0.5605067753105816,0.0
4.362626262626263,28.970480455397364,0.7493513143995918,0.7493513143995918,0.0,0.5615273923923958,0.5615273923923958,0.0
4.402525252525252,29.14746465038927,0.7500694991599435,0.7500694991599435,0.0,0.5626042535700485,0.5626042535700485,0.0
4.442424242424242,29.34076636953366,0.750873853576465,0.750873853576465,0.0,0.5638115439847705,0.5638115439847705,0.0
4.482323232323233,29.53406077105142,0.7517303549648054,0.7517303549648054,0.0,0.5650985265755124,0.5650985265755124,0.0
4.522222222222222,29.720855196960766,0.7525457882333151,0.7525457882333151,0.0,0.5663251633877014,0.5663251633877014,0.0
4.5621212121212125,29.903071057512218,0.753257929193583,0.753257929193583,0.0,0.567397507893005,0.567397507893005,0.0
4.602020202020202,30.080336445010406,0.7538700935678058,0.7538700935678058,0.0,0.5683201179759323,0.5683201179759323,0.0
4.641919191919192,30.246030207137036,0.754403379769706,0.754403379769706,0.0,0.5691244594079552,0.5691244594079552,0.0
4.681818181818182,30.3964111152169,0.7548577572168467,0.7548577572168467,0.0,0.5698102336304478,0.5698102336304478,0.0
4.721717171717172,30.53955236349015,0.7552392186356348,0.7552392186356348,0.0,0.5703862773653642,0.5703862773653642,0.0
4.761616161616161,30.688544293318156,0.755595291658464,0.755595291658464,0.0,0.5709242447764392,0.5709242447764392,0.0
4.801515151515152,30.843892865839713,0.7559937720976233,0.7559937720976233,0.0,0.5715265834503932,0.5715265834503932,0.0
4.841414141414141,30.98586108771915,0.756465915481229,0.756465915481229,0.0,0.572240681284854,0.572240681284854,0.0
4.8813131313131315,31.090389065374644,0.7569717127700589,0.7569717127700589,0.0,0.5730061739340365,0.5730061739340365,0.0
4.921212121212121,31.155758309991512,0.7574288590240288,0.7574288590240288,0.0,0.5736984764824421,0.5736984764824421,0.0
4.961111111111111,31.207235976222716,0.7577925304825982,0.7577925304825982,0.0,0.5742495192552196,0.5742495192552196,0.0
5.001010101010101,31.27178719223695,0.7581044354724811,0.7581044354724811,0.0,0.5747223350830492,0.5747223350830492,0.0
5.040909090909091,31.352915506824495,0.7584569262318476,0.7584569262318476,0.0,0.5752569089490623,0.5752569089490623,0.0
5.08080808080808,31.431099597082344,0.7589094306381109,0.7589094306381109,0.0,0.5759435239114616,0.5759435239114616,0.0
5.120707070707071,31.486397235934056,0.7594395802163202,0.7594395802163202,0.0,0.5767484759991406,0.5767484759991406,0.0
5.16060606060606,31.517706293710244,0.7599822179307366,0.7599822179307366,0.0,0.5775729715709216,0.5775729715709216,0.0
5.2005050505050505,31.53748899905952,0.7605056068255938,0.7605056068255938,0.0,0.5783687780131647,0.5783687780131647,0.0
5.24040404040404,31.554264920688695,0.7610272833000886,0.7610272833000886,0.0,0.5791625259271133,0.5791625259271133,0.0
5.28030303030303,31.570899277980388,0.7615644936815333,0.7615644936815333,0.0,0.5799804780364103,0.5799804780364103,0.0
5.320202020202021,31.601412921293033,0.7620984004710365,0.7620984004710365,0.0,0.5807939720005123,0.5807939720005123,0.0
5.36010101010101,31.682158466139583,0.7626017427627217,0.7626017427627217,0.0,0.5815614180647404,0.5815614180647404,0.0
5.4,31.862466587197197,0.7630905816637128,0.7630905816637128,0.0,0.5823072358238636,0.5823072358238636,0.0
