analysis,index,fraction,window_index,window_center_nm,raw_segment_frames,ar1_tau_frames,thinning_stride,thinned_frames,histogrammed_frames
block,1,0.2,1,1.45,76000,7.190181075831729,8,9500,9061
block,1,0.2,2,1.6,76000,7.143262289039739,8,9500,9500
block,1,0.2,3,1.75,76000,7.154925341619149,8,9500,9500
block,1,0.2,4,1.9,76000,7.17324424703587,8,9500,9500
block,1,0.2,5,2.05,76000,7.189871152941005,8,9500,9500
block,1,0.2,6,2.2,76000,7.26856162905266,8,9500,9500
block,1,0.2,7,2.35,76000,7.29276077970626,8,9500,9500
block,1,0.2,8,2.5,76000,7.185268431031218,8,9500,9500
block,1,0.2,9,2.65,76000,7.156185779886801,8,9500,9500
block,1,0.2,10,2.8,76000,7.163168409622253,8,9500,9500
block,1,0.2,11,2.95,76000,7.157851007035827,8,9500,9500
block,1,0.2,12,3.1,76000,7.273729953884449,8,9500,9500
block,1,0.2,13,3.25,76000,7.293259326051467,8,9500,9500
block,1,0.2,14,3.4,76000,7.282601905348106,8,9500,9500
block,1,0.2,15,3.55,76000,7.286491010603278,8,9500,9500
block,1,0.2,16,3.7,76000,7.339568899090753,8,9500,9500
block,1,0.2,17,3.85,76000,7.332662260719459,8,9500,9500
block,1,0.2,18,4.0,76000,7.371814749155951,8,9500,9500
block,1,0.2,19,4.2,76000,7.36011820236521,8,9500,9500
block,1,0.2,20,4.4,76000,7.35246983995193,8,9500,9500
block,1,0.2,21,4.6,76000,7.357579582336572,8,9500,9500
block,1,0.2,22,4.8,76000,7.353696633192355,8,9500,9500
block,1,0.2,23,5.0,76000,7.348739932404806,8,9500,9500
block,1,0.2,24,5.2,76000,7.346555631824208,8,9500,9376
block,1,0.2,25,5.4,76000,7.345942275198866,8,9500,6014
block,2,0.4,1,1.45,76000,7.161235557004962,8,9500,8975
block,2,0.4,2,1.6,76000,7.138256996902208,8,9500,9500
block,2,0.4,3,1.75,76000,7.178872720537169,8,9500,9500
block,2,0.4,4,1.9,76000,7.161788716177725,8,9500,9500
block,2,0.4,5,2.05,76000,7.171067054366095,8,9500,9500
block,2,0.4,6,2.2,76000,7.268523635579327,8,9500,9500
block,2,0.4,7,2.35,76000,7.2676408020590895,8,9500,9500
block,2,0.4,8,2.5,76000,7.181145057893882,8,9500,9500
block,2,0.4,9,2.65,76000,7.201959253202998,8,9500,9500
block,2,0.4,10,2.8,76000,7.156322636478875,8,9500,9500
block,2,0.4,11,2.95,76000,7.192565408139042,8,9500,9500
block,2,0.4,12,3.1,76000,7.280557196167132,8,9500,9500
block,2,0.4,13,3.25,76000,7.289792120834475,8,9500,9500
block,2,0.4,14,3.4,76000,7.28700374385781,8,9500,9500
block,2,0.4,15,3.55,76000,7.270149477387425,8,9500,9500
block,2,0.4,16,3.7,76000,7.346165665150708,8,9500,9500
block,2,0.4,17,3.85,76000,7.332944078514608,8,9500,9500
block,2,0.4,18,4.0,76000,7.366498719189875,8,9500,9500
block,2,0.4,19,4.2,76000,7.359738578550695,8,9500,9500
block,2,0.4,20,4.4,76000,7.3605996189314835,8,9500,9500
block,2,0.4,21,4.6,76000,7.354977294844043,8,9500,9500
block,2,0.4,22,4.8,76000,7.351616539286435,8,9500,9500
block,2,0.4,23,5.0,76000,7.356614581285119,8,9500,9500
block,2,0.4,24,5.2,76000,7.352569985403635,8,9500,9354
block,2,0.4,25,5.4,76000,7.3482813120175035,8,9500,5829
block,3,0.6,1,1.45,76000,7.1582252265634985,8,9500,9046
block,3,0.6,2,1.6,76000,7.168220378603296,8,9500,9500
block,3,0.6,3,1.75,76000,7.142317782136217,8,9500,9500
block,3,0.6,4,1.9,76000,7.1579945539986065,8,9500,9500
block,3,0.6,5,2.05,76000,7.181318851557962,8,9500,9500
block,3,0.6,6,2.2,76000,7.259522356666321,8,9500,9500
block,3,0.6,7,2.35,76000,7.264010016271585,8,9500,9500
block,3,0.6,8,2.5,76000,7.208612982132002,8,9500,9500
block,3,0.6,9,2.65,76000,7.173205361762439,8,9500,9500
block,3,0.6,10,2.8,76000,7.147134215342705,8,9500,9500
block,3,0.6,11,2.95,76000,7.175947931459053,8,9500,9500
block,3,0.6,12,3.1,76000,7.274554935364854,8,9500,9500
block,3,0.6,13,3.25,76000,7.284576081350467,8,9500,9500
block,3,0.6,14,3.4,76000,7.284130394010242,8,9500,9500
block,3,0.6,15,3.55,76000,7.281600373303877,8,9500,9500
block,3,0.6,16,3.7,76000,7.320525864020239,8,9500,9500
block,3,0.6,17,3.85,76000,7.329006090622916,8,9500,9500
block,3,0.6,18,4.0,76000,7.369191665712069,8,9500,9500
block,3,0.6,19,4.2,76000,7.369088521468206,8,9500,9500
block,3,0.6,20,4.4,76000,7.3482782719061674,8,9500,9500
block,3,0.6,21,4.6,76000,7.352289548814326,8,9500,9500
block,3,0.6,22,4.8,76000,7.348888589152312,8,9500,9500
block,3,0.6,23,5.0,76000,7.349745062470246,8,9500,9500
block,3,0.6,24,5.2,76000,7.353483557423502,8,9500,9322
block,3,0.6,25,5.4,76000,7.351247837051177,8,9500,5926
block,4,0.8,1,1.45,76000,7.181741607469421,8,9500,8996
block,4,0.8,2,1.6,76000,7.165378087655512,8,9500,9500
block,4,0.8,3,1.75,76000,7.143518139811078,8,9500,9500
block,4,0.8,4,1.9,76000,7.186117398408855,8,9500,9500
block,4,0.8,5,2.05,76000,7.161271323834413,8,9500,9500
block,4,0.8,6,2.2,76000,7.268203709804181,8,9500,9500
block,4,0.8,7,2.35,76000,7.263063516459926,8,9500,9500
block,4,0.8,8,2.5,76000,7.169083502888315,8,9500,9500
block,4,0.8,9,2.65,76000,7.172763954726658,8,9500,9500
block,4,0.8,10,2.8,76000,7.180629876060621,8,9500,9500
block,4,0.8,11,2.95,76000,7.179100854326466,8,9500,9500
block,4,0.8,12,3.1,76000,7.2629530214752025,8,9500,9500
block,4,0.8,13,3.25,76000,7.2896855978624915,8,9500,9500
block,4,0.8,14,3.4,76000,7.2646676516491775,8,9500,9500
block,4,0.8,15,3.55,76000,7.262220546190994,8,9500,9500
block,4,0.8,16,3.7,76000,7.338319712229724,8,9500,9500
block,4,0.8,17,3.85,76000,7.332418329495029,8,9500,9500
block,4,0.8,18,4.0,76000,7.371665931640094,8,9500,9500
block,4,0.8,19,4.2,76000,7.3532827189328245,8,9500,9500
block,4,0.8,20,4.4,76000,7.352405375106815,8,9500,9500
block,4,0.8,21,4.6,76000,7.361150533813941,8,9500,9500
block,4,0.8,22,4.8,76000,7.353805725834757,8,9500,9500
block,4,0.8,23,5.0,76000,7.348068176875548,8,9500,9500
block,4,0.8,24,5.2,76000,7.349063905968541,8,9500,9416
block,4,0.8,25,5.4,76000,7.3511026292930435,8,9500,6188
block,5,1.0,1,1.45,76001,7.180294612594887,8,9501,8938
block,5,1.0,2,1.6,76001,7.139077226784964,8,9501,9501
block,5,1.0,3,1.75,76001,7.17770245838469,8,9501,9501
block,5,1.0,4,1.9,76001,7.15586261656032,8,9501,9501
block,5,1.0,5,2.05,76001,7.169617855553771,8,9501,9501
block,5,1.0,6,2.2,76001,7.285126435785728,8,9501,9501
block,5,1.0,7,2.35,76001,7.246169303018368,8,9501,9501
block,5,1.0,8,2.5,76001,7.145097767237963,8,9501,9501
block,5,1.0,9,2.65,76001,7.1338165205101465,8,9501,9501
block,5,1.0,10,2.8,76001,7.166425882875842,8,9501,9501
block,5,1.0,11,2.95,76001,7.169330726648436,8,9501,9501
block,5,1.0,12,3.1,76001,7.253711160715692,8,9501,9501
block,5,1.0,13,3.25,76001,7.269403191843533,8,9501,9501
block,5,1.0,14,3.4,76001,7.2745188593634245,8,9501,9501
block,5,1.0,15,3.55,76001,7.270282341216608,8,9501,9501
block,5,1.0,16,3.7,76001,7.342529832908042,8,9501,9501
block,5,1.0,17,3.85,76001,7.331903252478682,8,9501,9501
block,5,1.0,18,4.0,76001,7.3670053395322235,8,9501,9501
block,5,1.0,19,4.2,76001,7.365862379432337,8,9501,9501
block,5,1.0,20,4.4,76001,7.356797903203013,8,9501,9501
block,5,1.0,21,4.6,76001,7.34636777516879,8,9501,9501
block,5,1.0,22,4.8,76001,7.355331977544121,8,9501,9501
block,5,1.0,23,5.0,76001,7.348265114565029,8,9501,9501
block,5,1.0,24,5.2,76001,7.356762463534753,8,9501,9338
block,5,1.0,25,5.4,76001,7.340740963291585,8,9501,6475
cumulative,1,0.2,1,1.45,76000,7.190181075831729,8,9500,9061
cumulative,1,0.2,2,1.6,76000,7.143262289039739,8,9500,9500
cumulative,1,0.2,3,1.75,76000,7.154925341619149,8,9500,9500
cumulative,1,0.2,4,1.9,76000,7.17324424703587,8,9500,9500
cumulative,1,0.2,5,2.05,76000,7.189871152941005,8,9500,9500
cumulative,1,0.2,6,2.2,76000,7.26856162905266,8,9500,9500
cumulative,1,0.2,7,2.35,76000,7.29276077970626,8,9500,9500
cumulative,1,0.2,8,2.5,76000,7.185268431031218,8,9500,9500
cumulative,1,0.2,9,2.65,76000,7.156185779886801,8,9500,9500
cumulative,1,0.2,10,2.8,76000,7.163168409622253,8,9500,9500
cumulative,1,0.2,11,2.95,76000,7.157851007035827,8,9500,9500
cumulative,1,0.2,12,3.1,76000,7.273729953884449,8,9500,9500
cumulative,1,0.2,13,3.25,76000,7.293259326051467,8,9500,9500
cumulative,1,0.2,14,3.4,76000,7.282601905348106,8,9500,9500
cumulative,1,0.2,15,3.55,76000,7.286491010603278,8,9500,9500
cumulative,1,0.2,16,3.7,76000,7.339568899090753,8,9500,9500
cumulative,1,0.2,17,3.85,76000,7.332662260719459,8,9500,9500
cumulative,1,0.2,18,4.0,76000,7.371814749155951,8,9500,9500
cumulative,1,0.2,19,4.2,76000,7.36011820236521,8,9500,9500
cumulative,1,0.2,20,4.4,76000,7.35246983995193,8,9500,9500
cumulative,1,0.2,21,4.6,76000,7.357579582336572,8,9500,9500
cumulative,1,0.2,22,4.8,76000,7.353696633192355,8,9500,9500
cumulative,1,0.2,23,5.0,76000,7.348739932404806,8,9500,9500
cumulative,1,0.2,24,5.2,76000,7.346555631824208,8,9500,9376
cumulative,1,0.2,25,5.4,76000,7.345942275198866,8,9500,6014
cumulative,2,0.4,1,1.45,152000,7.179909780459244,8,19000,18036
cumulative,2,0.4,2,1.6,152000,7.141438320964606,8,19000,19000
cumulative,2,0.4,3,1.75,152000,7.172029255026595,8,19000,19000
cumulative,2,0.4,4,1.9,152000,7.171006118526369,8,19000,19000
cumulative,2,0.4,5,2.05,152000,7.181812684111643,8,19000,19000
cumulative,2,0.4,6,2.2,152000,7.280569910352309,8,19000,19000
cumulative,2,0.4,7,2.35,152000,7.286353929005503,8,19000,19000
cumulative,2,0.4,8,2.5,152000,7.184159539604766,8,19000,19000
cumulative,2,0.4,9,2.65,152000,7.1891833987139355,8,19000,19000
cumulative,2,0.4,10,2.8,152000,7.160910060984577,8,19000,19000
cumulative,2,0.4,11,2.95,152000,7.177552239380321,8,19000,19000
cumulative,2,0.4,12,3.1,152000,7.286039582687998,8,19000,19000
cumulative,2,0.4,13,3.25,152000,7.291895137810891,8,19000,19000
cumulative,2,0.4,14,3.4,152000,7.288266230639637,8,19000,19000
cumulative,2,0.4,15,3.55,152000,7.279279489207609,8,19000,19000
cumulative,2,0.4,16,3.7,152000,7.344319229422782,8,19000,19000
cumulative,2,0.4,17,3.85,152000,7.3354875696281585,8,19000,19000
cumulative,2,0.4,18,4.0,152000,7.37045386632266,8,19000,19000
cumulative,2,0.4,19,4.2,152000,7.360000302065664,8,19000,19000
cumulative,2,0.4,20,4.4,152000,7.357667749608977,8,19000,19000
cumulative,2,0.4,21,4.6,152000,7.356542441739382,8,19000,19000
cumulative,2,0.4,22,4.8,152000,7.352778644373143,8,19000,19000
cumulative,2,0.4,23,5.0,152000,7.353361267740344,8,19000,19000
cumulative,2,0.4,24,5.2,152000,7.349907014846975,8,19000,18730
cumulative,2,0.4,25,5.4,152000,7.34727521956901,8,19000,11843
cumulative,3,0.6,1,1.45,228000,7.173524899724118,8,28500,27082
cumulative,3,0.6,2,1.6,228000,7.15301312433096,8,28500,28500
cumulative,3,0.6,3,1.75,228000,7.163725195559965,8,28500,28500
cumulative,3,0.6,4,1.9,228000,7.167409104944615,8,28500,28500
cumulative,3,0.6,5,2.05,228000,7.183640796508065,8,28500,28500
cumulative,3,0.6,6,2.2,228000,7.276216376535146,8,28500,28500
cumulative,3,0.6,7,2.35,228000,7.280327337843115,8,28500,28500
cumulative,3,0.6,8,2.5,228000,7.1956402946633835,8,28500,28500
cumulative,3,0.6,9,2.65,228000,7.185630039494311,8,28500,28500
cumulative,3,0.6,10,2.8,228000,7.1574780139133365,8,28500,28500
cumulative,3,0.6,11,2.95,228000,7.1774109832125665,8,28500,28500
cumulative,3,0.6,12,3.1,228000,7.282681920121291,8,28500,28500
cumulative,3,0.6,13,3.25,228000,7.291088115759774,8,28500,28500
cumulative,3,0.6,14,3.4,228000,7.287270371054612,8,28500,28500
cumulative,3,0.6,15,3.55,228000,7.280773199488776,8,28500,28500
cumulative,3,0.6,16,3.7,228000,7.340719853825291,8,28500,28500
cumulative,3,0.6,17,3.85,228000,7.333574634689392,8,28500,28500
cumulative,3,0.6,18,4.0,228000,7.370788680355896,8,28500,28500
cumulative,3,0.6,19,4.2,228000,7.36491721866072,8,28500,28500
cumulative,3,0.6,20,4.4,228000,7.355364874187874,8,28500,28500
cumulative,3,0.6,21,4.6,228000,7.355291533283829,8,28500,28500
cumulative,3,0.6,22,4.8,228000,7.351631138172077,8,28500,28500
cumulative,3,0.6,23,5.0,228000,7.352275488306591,8,28500,28500
cumulative,3,0.6,24,5.2,228000,7.3512883992708105,8,28500,28052
cumulative,3,0.6,25,5.4,228000,7.348797366819715,8,28500,17769
cumulative,4,0.8,1,1.45,304000,7.175879202554693,8,38000,36078
cumulative,4,0.8,2,1.6,304000,7.158158501332448,8,38000,38000
cumulative,4,0.8,3,1.75,304000,7.15989442269908,8,38000,38000
cumulative,4,0.8,4,1.9,304000,7.1728873081140865,8,38000,38000
cumulative,4,0.8,5,2.05,304000,7.178989495081421,8,38000,38000
cumulative,4,0.8,6,2.2,304000,7.274448850368547,8,38000,38000
cumulative,4,0.8,7,2.35,304000,7.2768280799575935,8,38000,38000
cumulative,4,0.8,8,2.5,304000,7.19136234119606,8,38000,38000
cumulative,4,0.8,9,2.65,304000,7.183848342014745,8,38000,38000
cumulative,4,0.8,10,2.8,304000,7.163954681262604,8,38000,38000
cumulative,4,0.8,11,2.95,304000,7.179234384514307,8,38000,38000
cumulative,4,0.8,12,3.1,304000,7.27872383645733,8,38000,38000
cumulative,4,0.8,13,3.25,304000,7.292315268577844,8,38000,38000
cumulative,4,0.8,14,3.4,304000,7.282716973965842,8,38000,38000
cumulative,4,0.8,15,3.55,304000,7.278614732344233,8,38000,38000
cumulative,4,0.8,16,3.7,304000,7.341342382250533,8,38000,38000
cumulative,4,0.8,17,3.85,304000,7.33338057332769,8,38000,38000
cumulative,4,0.8,18,4.0,304000,7.371159389852874,8,38000,38000
cumulative,4,0.8,19,4.2,304000,7.362816444767802,8,38000,38000
cumulative,4,0.8,20,4.4,304000,7.354833848307431,8,38000,38000
cumulative,4,0.8,21,4.6,304000,7.357076244441737,8,38000,38000
cumulative,4,0.8,22,4.8,304000,7.352272905197703,8,38000,38000
cumulative,4,0.8,23,5.0,304000,7.35135575271214,8,38000,38000
cumulative,4,0.8,24,5.2,304000,7.350872962031817,8,38000,37468
cumulative,4,0.8,25,5.4,304000,7.34947975447625,8,38000,23957
cumulative,5,1.0,1,1.45,380001,7.176967041613534,8,47501,45016
cumulative,5,1.0,2,1.6,380001,7.155155819211022,8,47501,47501
cumulative,5,1.0,3,1.75,380001,7.164177286596217,8,47501,47501
cumulative,5,1.0,4,1.9,380001,7.170176270045142,8,47501,47501
cumulative,5,1.0,5,2.05,380001,7.1774550469116205,8,47501,47501
cumulative,5,1.0,6,2.2,380001,7.282691286094288,8,47501,47501
cumulative,5,1.0,7,2.35,380001,7.271872596327354,8,47501,47501
cumulative,5,1.0,8,2.5,380001,7.183686931782822,8,47501,47501
cumulative,5,1.0,9,2.65,380001,7.175812958736664,8,47501,47501
cumulative,5,1.0,10,2.8,380001,7.165136276858715,8,47501,47501
cumulative,5,1.0,11,2.95,380001,7.177843252731502,8,47501,47501
cumulative,5,1.0,12,3.1,380001,7.274603066693147,8,47501,47501
cumulative,5,1.0,13,3.25,380001,7.289148539756538,8,47501,47501
cumulative,5,1.0,14,3.4,380001,7.281309844074523,8,47501,47501
cumulative,5,1.0,15,3.55,380001,7.277551709219022,8,47501,47501
cumulative,5,1.0,16,3.7,380001,7.341869323006489,8,47501,47501
cumulative,5,1.0,17,3.85,380001,7.333262218460906,8,47501,47501
cumulative,5,1.0,18,4.0,380001,7.370541619077976,8,47501,47501
cumulative,5,1.0,19,4.2,380001,7.363571938089141,8,47501,47501
cumulative,5,1.0,20,4.4,380001,7.355376142057566,8,47501,47501
cumulative,5,1.0,21,4.6,380001,7.355650663662701,8,47501,47501
cumulative,5,1.0,22,4.8,380001,7.353183556895265,8,47501,47501
cumulative,5,1.0,23,5.0,380001,7.350832072758651,8,47501,47501
cumulative,5,1.0,24,5.2,380001,7.352269970048382,8,47501,46806
cumulative,5,1.0,25,5.4,380001,7.34802650804417,8,47501,30432
