analysis,index,fraction,coordinate_nm,free_energy_kj_mol,between_block_sd_kj_mol
block,1,0.2,1.45,-34.97608681660647,
block,1,0.2,1.5,-37.42268920522341,
block,1,0.2,1.55,-39.82657104246407,
block,1,0.2,1.6,-42.4527957866148,
block,1,0.2,1.65,-45.215661215127675,
block,1,0.2,1.7,-46.74722005796009,
block,1,0.2,1.75,-48.89790271194806,
block,1,0.2,1.8,-50.90606349951454,
block,1,0.2,1.85,-52.10962515584967,
block,1,0.2,1.9,-53.046394683962205,
block,1,0.2,1.95,-53.797864375949246,
block,1,0.2,2.0,-54.20361195944613,
block,1,0.2,2.05,-54.98920170578907,
block,1,0.2,2.1,-55.27563753730257,
block,1,0.2,2.15,-55.93707585918191,
block,1,0.2,2.2,-57.03171519525481,
block,1,0.2,2.25,-57.154688004638736,
block,1,0.2,2.3,-56.694840564045506,
block,1,0.2,2.35,-55.98724325627829,
block,1,0.2,2.4,-55.04623121324467,
block,1,0.2,2.45,-54.20435682873176,
block,1,0.2,2.5,-52.8728986939757,
block,1,0.2,2.55,-51.72698757510435,
block,1,0.2,2.6,-50.29047624947657,
block,1,0.2,2.65,-48.13084950316305,
block,1,0.2,2.7,-45.93776939160182,
block,1,0.2,2.75,-44.50524897763704,
block,1,0.2,2.8,-42.333553333241184,
block,1,0.2,2.85,-40.098871491024866,
block,1,0.2,2.9,-38.393610029284275,
block,1,0.2,2.95,-35.95590435822295,
block,1,0.2,3.0,-33.81987117382265,
block,1,0.2,3.05,-31.54153557433423,
block,1,0.2,3.1,-29.026942583831342,
block,1,0.2,3.15,-27.366342404470963,
block,1,0.2,3.2,-25.601515144956863,
block,1,0.2,3.25,-23.889543413573755,
block,1,0.2,3.3,-22.364257776585887,
block,1,0.2,3.35,-20.829326687757685,
block,1,0.2,3.4,-19.23837398489217,
block,1,0.2,3.45,-17.535198314834453,
block,1,0.2,3.5,-15.862832704414956,
block,1,0.2,3.55,-14.533699676611498,
block,1,0.2,3.6,-13.101305632008668,
block,1,0.2,3.65,-11.642714604119512,
block,1,0.2,3.7,-10.310899589404265,
block,1,0.2,3.75,-9.192772107001453,
block,1,0.2,3.8,-8.178064091528775,
block,1,0.2,3.85,-6.950646754415374,
block,1,0.2,3.9,-5.293064629042782,
block,1,0.2,3.95,-4.078683581485826,
block,1,0.2,4.0,-3.407029389079675,
block,1,0.2,4.05,-3.6449202799025926,
block,1,0.2,4.1,-3.439206868507938,
block,1,0.2,4.15,-3.3206398677800166,
block,1,0.2,4.2,-3.1474414588531445,
block,1,0.2,4.25,-2.794686851047828,
block,1,0.2,4.3,-2.98361728810886,
block,1,0.2,4.35,-3.1034056526979086,
block,1,0.2,4.4,-3.055844199918589,
block,1,0.2,4.45,-2.878777449972034,
block,1,0.2,4.5,-2.7342420280111384,
block,1,0.2,4.55,-2.28924027542579,
block,1,0.2,4.6,-1.618138054889208,
block,1,0.2,4.65,-1.2802792013538067,
block,1,0.2,4.7,-1.0759516364379138,
block,1,0.2,4.75,-1.1561446977898555,
block,1,0.2,4.8,-0.8809605406393928,
block,1,0.2,4.85,-0.7594745492821033,
block,1,0.2,4.9,-0.7366545288335047,
block,1,0.2,4.95,-0.5587706185004464,
block,1,0.2,5.0,-0.4815579593485708,
block,1,0.2,5.05,-0.10872821100824837,
block,1,0.2,5.1,0.0,
block,1,0.2,5.15,-0.09603599696664844,
block,1,0.2,5.2,-0.3453828229593654,
block,1,0.2,5.25,-0.18697916554264538,
block,1,0.2,5.3,-0.05651102597197877,
block,1,0.2,5.35,-0.2699159944157614,
block,1,0.2,5.4,-0.2994025038835133,
block,2,0.4,1.45,-29.6409106512846,
block,2,0.4,1.5,-31.498449052542746,
block,2,0.4,1.55,-32.929737604637836,
block,2,0.4,1.6,-35.763944689761516,
block,2,0.4,1.65,-38.34535298116541,
block,2,0.4,1.7,-39.879788253496706,
block,2,0.4,1.75,-41.35138037703783,
block,2,0.4,1.8,-42.24875404296065,
block,2,0.4,1.85,-43.30703234767542,
block,2,0.4,1.9,-44.98571317058117,
block,2,0.4,1.95,-46.33237891009578,
block,2,0.4,2.0,-47.10324644854036,
block,2,0.4,2.05,-47.777782805757724,
block,2,0.4,2.1,-47.78776944950398,
block,2,0.4,2.15,-47.63642204471707,
block,2,0.4,2.2,-47.13489585863521,
block,2,0.4,2.25,-46.07075977909959,
block,2,0.4,2.3,-45.95152267530845,
block,2,0.4,2.35,-46.34522940203608,
block,2,0.4,2.4,-46.115830977158694,
block,2,0.4,2.45,-45.5875344904645,
block,2,0.4,2.5,-44.53541455909219,
block,2,0.4,2.55,-43.108590150893285,
block,2,0.4,2.6,-42.17551479237814,
block,2,0.4,2.65,-41.04152559761217,
block,2,0.4,2.7,-40.30499107439076,
block,2,0.4,2.75,-39.07629303314023,
block,2,0.4,2.8,-36.99675199558549,
block,2,0.4,2.85,-35.04778507044737,
block,2,0.4,2.9,-33.20904676273291,
block,2,0.4,2.95,-31.28067350174351,
block,2,0.4,3.0,-29.775378178187896,
block,2,0.4,3.05,-28.592417102857752,
block,2,0.4,3.1,-27.24802415252338,
block,2,0.4,3.15,-25.77327758848724,
block,2,0.4,3.2,-23.87800387353249,
block,2,0.4,3.25,-21.992663146801853,
block,2,0.4,3.3,-21.163701356980155,
block,2,0.4,3.35,-20.09155771208146,
block,2,0.4,3.4,-19.17735840643236,
block,2,0.4,3.45,-18.027438696061026,
block,2,0.4,3.5,-16.41209279922993,
block,2,0.4,3.55,-14.672351371695889,
block,2,0.4,3.6,-13.13339370115834,
block,2,0.4,3.65,-11.750494154598215,
block,2,0.4,3.7,-10.517392210119539,
block,2,0.4,3.75,-9.38212357585931,
block,2,0.4,3.8,-8.0870149407423,
block,2,0.4,3.85,-6.756391149581788,
block,2,0.4,3.9,-5.175031680639314,
block,2,0.4,3.95,-4.331756558563228,
block,2,0.4,4.0,-3.8986544936369896,
block,2,0.4,4.05,-3.9358212333206097,
block,2,0.4,4.1,-3.921208018306821,
block,2,0.4,4.15,-3.82486629409199,
block,2,0.4,4.2,-3.6248945154060763,
block,2,0.4,4.25,-3.268014483088521,
block,2,0.4,4.3,-2.778157429539661,
block,2,0.4,4.35,-2.6249026301240903,
block,2,0.4,4.4,-2.4257089566638967,
block,2,0.4,4.45,-2.1187899334156484,
block,2,0.4,4.5,-2.099315223424,
block,2,0.4,4.55,-1.8340013198539182,
block,2,0.4,4.6,-1.5195720717003454,
block,2,0.4,4.65,-1.451863954095991,
block,2,0.4,4.7,-1.2736283734220208,
block,2,0.4,4.75,-1.124087250772284,
block,2,0.4,4.8,-0.9533058599286761,
block,2,0.4,4.85,-0.5812249620020395,
block,2,0.4,4.9,-0.38883976010883003,
block,2,0.4,4.95,-0.26675739671684084,
block,2,0.4,5.0,-0.06205904960953745,
block,2,0.4,5.05,0.0,
block,2,0.4,5.1,-0.1842323336493763,
block,2,0.4,5.15,-0.16164081525311502,
block,2,0.4,5.2,-0.3169090745575929,
block,2,0.4,5.25,-0.5009552050654307,
block,2,0.4,5.3,-0.4889268905704043,
block,2,0.4,5.35,-0.4291498639906024,
block,2,0.4,5.4,-0.5142486688421286,
block,3,0.6,1.45,-36.565291043621876,
block,3,0.6,1.5,-39.023321490757404,
block,3,0.6,1.55,-40.782425738401784,
block,3,0.6,1.6,-42.97541818764406,
block,3,0.6,1.65,-44.877025115847175,
block,3,0.6,1.7,-46.43332983095398,
block,3,0.6,1.75,-48.45448325261516,
block,3,0.6,1.8,-49.4983386766742,
block,3,0.6,1.85,-50.30809997084862,
block,3,0.6,1.9,-52.14612479227591,
block,3,0.6,1.95,-53.16867406830252,
block,3,0.6,2.0,-53.49809158826201,
block,3,0.6,2.05,-53.79665240769687,
block,3,0.6,2.1,-53.69300664185009,
block,3,0.6,2.15,-53.5563790274964,
block,3,0.6,2.2,-53.31534197017156,
block,3,0.6,2.25,-52.34877781529096,
block,3,0.6,2.3,-51.811775086761976,
block,3,0.6,2.35,-51.71175500567563,
block,3,0.6,2.4,-50.38320435328468,
block,3,0.6,2.45,-49.272240163199385,
block,3,0.6,2.5,-49.03569310619171,
block,3,0.6,2.55,-48.41903783552753,
block,3,0.6,2.6,-47.63852672123669,
block,3,0.6,2.65,-46.703737055328695,
block,3,0.6,2.7,-45.232812796571764,
block,3,0.6,2.75,-44.42491431251696,
block,3,0.6,2.8,-42.55667825201859,
block,3,0.6,2.85,-40.45998869985009,
block,3,0.6,2.9,-38.543675514708625,
block,3,0.6,2.95,-36.19439604288773,
block,3,0.6,3.0,-34.50601144745334,
block,3,0.6,3.05,-33.28581877751419,
block,3,0.6,3.1,-31.235363043583796,
block,3,0.6,3.15,-29.28206682415519,
block,3,0.6,3.2,-26.9505081361064,
block,3,0.6,3.25,-24.976571083729525,
block,3,0.6,3.3,-23.27604143362027,
block,3,0.6,3.35,-22.120379680810515,
block,3,0.6,3.4,-20.451856375807346,
block,3,0.6,3.45,-19.16685731348236,
block,3,0.6,3.5,-18.188495273865612,
block,3,0.6,3.55,-17.25175241720745,
block,3,0.6,3.6,-15.840145612418787,
block,3,0.6,3.65,-14.470972340309132,
block,3,0.6,3.7,-13.003404118748215,
block,3,0.6,3.75,-11.674012276117914,
block,3,0.6,3.8,-10.137554840374825,
block,3,0.6,3.85,-8.686914820592072,
block,3,0.6,3.9,-6.731000983471397,
block,3,0.6,3.95,-5.4957486117164365,
block,3,0.6,4.0,-5.183956473001537,
block,3,0.6,4.05,-5.034628344631805,
block,3,0.6,4.1,-4.511047384151411,
block,3,0.6,4.15,-4.344654898533747,
block,3,0.6,4.2,-3.938049596640681,
block,3,0.6,4.25,-3.7617234258021597,
block,3,0.6,4.3,-3.521866746332961,
block,3,0.6,4.35,-3.0882005016560754,
block,3,0.6,4.4,-3.2585005447327546,
block,3,0.6,4.45,-2.7912766457697202,
block,3,0.6,4.5,-2.516688147336808,
block,3,0.6,4.55,-2.104882276446176,
block,3,0.6,4.6,-1.7211139266261668,
block,3,0.6,4.65,-1.6734941988863952,
block,3,0.6,4.7,-1.609110582087773,
block,3,0.6,4.75,-1.3445862572521037,
block,3,0.6,4.8,-0.930776996053666,
block,3,0.6,4.85,-0.7677155825568818,
block,3,0.6,4.9,-0.6795022284954442,
block,3,0.6,4.95,-0.5327621637158941,
block,3,0.6,5.0,-0.3933196761412461,
block,3,0.6,5.05,-0.37150318918581604,
block,3,0.6,5.1,0.0,
block,3,0.6,5.15,-0.23258260880282933,
block,3,0.6,5.2,-0.40058472015028457,
block,3,0.6,5.25,-0.47570760943081325,
block,3,0.6,5.3,-0.5894591893236267,
block,3,0.6,5.35,-0.4147496187455104,
block,3,0.6,5.4,-0.48809251095600104,
block,4,0.8,1.45,-29.428592883553303,
block,4,0.8,1.5,-31.63580318013279,
block,4,0.8,1.55,-33.56964262128081,
block,4,0.8,1.6,-35.658188884276555,
block,4,0.8,1.65,-37.44263227280794,
block,4,0.8,1.7,-38.52852711933612,
block,4,0.8,1.75,-40.810607463292854,
block,4,0.8,1.8,-42.60996115692784,
block,4,0.8,1.85,-43.50452730542457,
block,4,0.8,1.9,-44.881064635571605,
block,4,0.8,1.95,-46.10568138011474,
block,4,0.8,2.0,-47.090269708751585,
block,4,0.8,2.05,-47.43387912176161,
block,4,0.8,2.1,-47.427880491023224,
block,4,0.8,2.15,-47.32345590844586,
block,4,0.8,2.2,-47.553156545960974,
block,4,0.8,2.25,-47.00467117537847,
block,4,0.8,2.3,-46.739483384733525,
block,4,0.8,2.35,-45.94517730858122,
block,4,0.8,2.4,-44.830503454486774,
block,4,0.8,2.45,-44.26738997436577,
block,4,0.8,2.5,-44.05654716296876,
block,4,0.8,2.55,-43.31003208303001,
block,4,0.8,2.6,-42.53664616213702,
block,4,0.8,2.65,-41.70111838185407,
block,4,0.8,2.7,-40.47599627244452,
block,4,0.8,2.75,-39.17114214447927,
block,4,0.8,2.8,-37.144479236404884,
block,4,0.8,2.85,-35.36044383030842,
block,4,0.8,2.9,-33.910874574845465,
block,4,0.8,2.95,-32.144325522499756,
block,4,0.8,3.0,-30.61207694930642,
block,4,0.8,3.05,-28.335946918522847,
block,4,0.8,3.1,-26.243947578136197,
block,4,0.8,3.15,-24.647421945997234,
block,4,0.8,3.2,-23.337641979347218,
block,4,0.8,3.25,-22.045040010413818,
block,4,0.8,3.3,-20.763798814210816,
block,4,0.8,3.35,-19.95769028331749,
block,4,0.8,3.4,-18.62610511447398,
block,4,0.8,3.45,-17.247501084015497,
block,4,0.8,3.5,-16.454087177373076,
block,4,0.8,3.55,-15.326122059796852,
block,4,0.8,3.6,-13.80696529555803,
block,4,0.8,3.65,-12.553529936819487,
block,4,0.8,3.7,-11.382207670288274,
block,4,0.8,3.75,-10.083130074143014,
block,4,0.8,3.8,-9.060320163263306,
block,4,0.8,3.85,-7.38964781559789,
block,4,0.8,3.9,-5.868103511551396,
block,4,0.8,3.95,-4.467198394618528,
block,4,0.8,4.0,-3.8753653035647844,
block,4,0.8,4.05,-4.131337401510251,
block,4,0.8,4.1,-4.305483623791837,
block,4,0.8,4.15,-4.245606551513561,
block,4,0.8,4.2,-3.8902988796612803,
block,4,0.8,4.25,-3.431511248040117,
block,4,0.8,4.3,-3.386668273621794,
block,4,0.8,4.35,-3.027882460510874,
block,4,0.8,4.4,-2.490901310152111,
block,4,0.8,4.45,-1.8592965314411103,
block,4,0.8,4.5,-1.8078212406935634,
block,4,0.8,4.55,-1.574795592795482,
block,4,0.8,4.6,-1.418029092337214,
block,4,0.8,4.65,-1.4723164893256637,
block,4,0.8,4.7,-1.318518800480767,
block,4,0.8,4.75,-1.0485963876356124,
block,4,0.8,4.8,-0.9772257140943594,
block,4,0.8,4.85,-0.7744190902470578,
block,4,0.8,4.9,-0.6801922050874936,
block,4,0.8,4.95,-0.6877500649013086,
block,4,0.8,5.0,-0.5355421481241649,
block,4,0.8,5.05,-0.36381338168786215,
block,4,0.8,5.1,-0.1861133064747733,
block,4,0.8,5.15,-0.15063615923096307,
block,4,0.8,5.2,-0.1786974724670003,
block,4,0.8,5.25,-0.2252882699590586,
block,4,0.8,5.3,-0.1965247591466266,
block,4,0.8,5.35,-0.09465386590014901,
block,4,0.8,5.4,0.0,
block,5,1.0,1.45,-27.694159967815608,
block,5,1.0,1.5,-29.899580794856043,
block,5,1.0,1.55,-31.877908776657684,
block,5,1.0,1.6,-34.24534070897978,
block,5,1.0,1.65,-36.384243989227656,
block,5,1.0,1.7,-37.24238328594089,
block,5,1.0,1.75,-39.452421463905985,
block,5,1.0,1.8,-40.932256467528035,
block,5,1.0,1.85,-42.246318128722365,
block,5,1.0,1.9,-44.12793126686732,
block,5,1.0,1.95,-45.55584888386694,
block,5,1.0,2.0,-46.12033470659304,
block,5,1.0,2.05,-46.94346430586276,
block,5,1.0,2.1,-47.03974081710305,
block,5,1.0,2.15,-47.24323917675565,
block,5,1.0,2.2,-48.1339340950865,
block,5,1.0,2.25,-49.307536549698135,
block,5,1.0,2.3,-49.737487869661194,
block,5,1.0,2.35,-49.213146437220715,
block,5,1.0,2.4,-47.868558568104106,
block,5,1.0,2.45,-47.31429981315525,
block,5,1.0,2.5,-46.55776046033661,
block,5,1.0,2.55,-45.19438608472776,
block,5,1.0,2.6,-44.98863283886267,
block,5,1.0,2.65,-44.00586631216736,
block,5,1.0,2.7,-42.224927642857615,
block,5,1.0,2.75,-41.025649857230434,
block,5,1.0,2.8,-39.585508963582214,
block,5,1.0,2.85,-37.66909755393117,
block,5,1.0,2.9,-36.15653030002572,
block,5,1.0,2.95,-34.3152662946971,
block,5,1.0,3.0,-32.688123087470075,
block,5,1.0,3.05,-30.900255571409023,
block,5,1.0,3.1,-28.645277000347086,
block,5,1.0,3.15,-26.53461141289919,
block,5,1.0,3.2,-24.765676221960113,
block,5,1.0,3.25,-22.450199686978138,
block,5,1.0,3.3,-20.966767089908622,
block,5,1.0,3.35,-20.042311678311854,
block,5,1.0,3.4,-18.70149173770961,
block,5,1.0,3.45,-17.44622545542633,
block,5,1.0,3.5,-16.53988475159288,
block,5,1.0,3.55,-15.329696677754058,
block,5,1.0,3.6,-13.613904217341336,
block,5,1.0,3.65,-12.329270098035849,
block,5,1.0,3.7,-10.978342788380097,
block,5,1.0,3.75,-9.846749879932858,
block,5,1.0,3.8,-8.713230630851363,
block,5,1.0,3.85,-6.9981221219073575,
block,5,1.0,3.9,-5.3389340582901,
block,5,1.0,3.95,-4.521484851750941,
block,5,1.0,4.0,-4.0431859154327086,
block,5,1.0,4.05,-3.7266859100091594,
block,5,1.0,4.1,-3.4399746599445393,
block,5,1.0,4.15,-3.319275039578976,
block,5,1.0,4.2,-3.1846093774723983,
block,5,1.0,4.25,-2.569469567123676,
block,5,1.0,4.3,-2.305169321911684,
block,5,1.0,4.35,-1.9461461333826406,
block,5,1.0,4.4,-1.411771136450099,
block,5,1.0,4.45,-1.5123867335897074,
block,5,1.0,4.5,-1.59421139007965,
block,5,1.0,4.55,-1.4880110524423529,
block,5,1.0,4.6,-1.2576775412558163,
block,5,1.0,4.65,-1.093204279553234,
block,5,1.0,4.7,-0.9813735310662253,
block,5,1.0,4.75,-0.9087345030650127,
block,5,1.0,4.8,-0.6363525070247675,
block,5,1.0,4.85,-0.5034857080326347,
block,5,1.0,4.9,-0.5369276126154361,
block,5,1.0,4.95,-0.6542272018264086,
block,5,1.0,5.0,-0.6708854300713725,
block,5,1.0,5.05,-0.5490833237873858,
block,5,1.0,5.1,-0.21419671991691303,
block,5,1.0,5.15,0.0,
block,5,1.0,5.2,-0.08758590819472545,
block,5,1.0,5.25,-0.14882124663420626,
block,5,1.0,5.3,-0.6463406800455687,
block,5,1.0,5.35,-0.770011314037852,
block,5,1.0,5.4,-0.6728291585836033,
cumulative,1,0.2,1.45,-34.97608681660647,
cumulative,1,0.2,1.5,-37.42268920522341,
cumulative,1,0.2,1.55,-39.82657104246407,
cumulative,1,0.2,1.6,-42.4527957866148,
cumulative,1,0.2,1.65,-45.215661215127675,
cumulative,1,0.2,1.7,-46.74722005796009,
cumulative,1,0.2,1.75,-48.89790271194806,
cumulative,1,0.2,1.8,-50.90606349951454,
cumulative,1,0.2,1.85,-52.10962515584967,
cumulative,1,0.2,1.9,-53.046394683962205,
cumulative,1,0.2,1.95,-53.797864375949246,
cumulative,1,0.2,2.0,-54.20361195944613,
cumulative,1,0.2,2.05,-54.98920170578907,
cumulative,1,0.2,2.1,-55.27563753730257,
cumulative,1,0.2,2.15,-55.93707585918191,
cumulative,1,0.2,2.2,-57.03171519525481,
cumulative,1,0.2,2.25,-57.154688004638736,
cumulative,1,0.2,2.3,-56.694840564045506,
cumulative,1,0.2,2.35,-55.98724325627829,
cumulative,1,0.2,2.4,-55.04623121324467,
cumulative,1,0.2,2.45,-54.20435682873176,
cumulative,1,0.2,2.5,-52.8728986939757,
cumulative,1,0.2,2.55,-51.72698757510435,
cumulative,1,0.2,2.6,-50.29047624947657,
cumulative,1,0.2,2.65,-48.13084950316305,
cumulative,1,0.2,2.7,-45.93776939160182,
cumulative,1,0.2,2.75,-44.50524897763704,
cumulative,1,0.2,2.8,-42.333553333241184,
cumulative,1,0.2,2.85,-40.098871491024866,
cumulative,1,0.2,2.9,-38.393610029284275,
cumulative,1,0.2,2.95,-35.95590435822295,
cumulative,1,0.2,3.0,-33.81987117382265,
cumulative,1,0.2,3.05,-31.54153557433423,
cumulative,1,0.2,3.1,-29.026942583831342,
cumulative,1,0.2,3.15,-27.366342404470963,
cumulative,1,0.2,3.2,-25.601515144956863,
cumulative,1,0.2,3.25,-23.889543413573755,
cumulative,1,0.2,3.3,-22.364257776585887,
cumulative,1,0.2,3.35,-20.829326687757685,
cumulative,1,0.2,3.4,-19.23837398489217,
cumulative,1,0.2,3.45,-17.535198314834453,
cumulative,1,0.2,3.5,-15.862832704414956,
cumulative,1,0.2,3.55,-14.533699676611498,
cumulative,1,0.2,3.6,-13.101305632008668,
cumulative,1,0.2,3.65,-11.642714604119512,
cumulative,1,0.2,3.7,-10.310899589404265,
cumulative,1,0.2,3.75,-9.192772107001453,
cumulative,1,0.2,3.8,-8.178064091528775,
cumulative,1,0.2,3.85,-6.950646754415374,
cumulative,1,0.2,3.9,-5.293064629042782,
cumulative,1,0.2,3.95,-4.078683581485826,
cumulative,1,0.2,4.0,-3.407029389079675,
cumulative,1,0.2,4.05,-3.6449202799025926,
cumulative,1,0.2,4.1,-3.439206868507938,
cumulative,1,0.2,4.15,-3.3206398677800166,
cumulative,1,0.2,4.2,-3.1474414588531445,
cumulative,1,0.2,4.25,-2.794686851047828,
cumulative,1,0.2,4.3,-2.98361728810886,
cumulative,1,0.2,4.35,-3.1034056526979086,
cumulative,1,0.2,4.4,-3.055844199918589,
cumulative,1,0.2,4.45,-2.878777449972034,
cumulative,1,0.2,4.5,-2.7342420280111384,
cumulative,1,0.2,4.55,-2.28924027542579,
cumulative,1,0.2,4.6,-1.618138054889208,
cumulative,1,0.2,4.65,-1.2802792013538067,
cumulative,1,0.2,4.7,-1.0759516364379138,
cumulative,1,0.2,4.75,-1.1561446977898555,
cumulative,1,0.2,4.8,-0.8809605406393928,
cumulative,1,0.2,4.85,-0.7594745492821033,
cumulative,1,0.2,4.9,-0.7366545288335047,
cumulative,1,0.2,4.95,-0.5587706185004464,
cumulative,1,0.2,5.0,-0.4815579593485708,
cumulative,1,0.2,5.05,-0.10872821100824837,
cumulative,1,0.2,5.1,0.0,
cumulative,1,0.2,5.15,-0.09603599696664844,
cumulative,1,0.2,5.2,-0.3453828229593654,
cumulative,1,0.2,5.25,-0.18697916554264538,
cumulative,1,0.2,5.3,-0.05651102597197877,
cumulative,1,0.2,5.35,-0.2699159944157614,
cumulative,1,0.2,5.4,-0.2994025038835133,
cumulative,2,0.4,1.45,-32.29650110682858,
cumulative,2,0.4,1.5,-34.42962241304349,
cumulative,2,0.4,1.55,-36.38568621630111,
cumulative,2,0.4,1.6,-39.105771639886115,
cumulative,2,0.4,1.65,-41.778201809153984,
cumulative,2,0.4,1.7,-43.319395666970465,
cumulative,2,0.4,1.75,-45.09425061886034,
cumulative,2,0.4,1.8,-46.547160670775554,
cumulative,2,0.4,1.85,-47.688580242266305,
cumulative,2,0.4,1.9,-48.95696824284074,
cumulative,2,0.4,1.95,-50.01194512844864,
cumulative,2,0.4,2.0,-50.616011760196336,
cumulative,2,0.4,2.05,-51.34622799660306,
cumulative,2,0.4,2.1,-51.50401458067159,
cumulative,2,0.4,2.15,-51.70379999044965,
cumulative,2,0.4,2.2,-51.91681070595595,
cumulative,2,0.4,2.25,-51.53947119649582,
cumulative,2,0.4,2.3,-51.206324113070785,
cumulative,2,0.4,2.35,-51.01573701184899,
cumulative,2,0.4,2.4,-50.47582444518547,
cumulative,2,0.4,2.45,-49.797717521636265,
cumulative,2,0.4,2.5,-48.60494481180555,
cumulative,2,0.4,2.55,-47.32294808327114,
cumulative,2,0.4,2.6,-46.10717238789052,
cumulative,2,0.4,2.65,-44.466088474319605,
cumulative,2,0.4,2.7,-43.112768819761264,
cumulative,2,0.4,2.75,-41.75781337394327,
cumulative,2,0.4,2.8,-39.630296215017125,
cumulative,2,0.4,2.85,-37.53928546577862,
cumulative,2,0.4,2.9,-35.775082744788236,
cumulative,2,0.4,2.95,-33.58356544276174,
cumulative,2,0.4,3.0,-31.736152770256027,
cumulative,2,0.4,3.05,-29.988773233942545,
cumulative,2,0.4,3.1,-28.12079958727049,
cumulative,2,0.4,3.15,-26.542330627389408,
cumulative,2,0.4,3.2,-24.700263703074285,
cumulative,2,0.4,3.25,-22.914252858965042,
cumulative,2,0.4,3.3,-21.71486456560949,
cumulative,2,0.4,3.35,-20.40235671642447,
cumulative,2,0.4,3.4,-19.157900527784463,
cumulative,2,0.4,3.45,-17.741240841578218,
cumulative,2,0.4,3.5,-16.091827356008707,
cumulative,2,0.4,3.55,-14.54957285538152,
cumulative,2,0.4,3.6,-13.064191933646356,
cumulative,2,0.4,3.65,-11.642265864400215,
cumulative,2,0.4,3.7,-10.359959014990523,
cumulative,2,0.4,3.75,-9.233072346894666,
cumulative,2,0.4,3.8,-8.079535920832654,
cumulative,2,0.4,3.85,-6.80294649471972,
cumulative,2,0.4,3.9,-5.181482779297184,
cumulative,2,0.4,3.95,-4.15075145536516,
cumulative,2,0.4,4.0,-3.604221924514839,
cumulative,2,0.4,4.05,-3.736496487488324,
cumulative,2,0.4,4.1,-3.6324895787455915,
cumulative,2,0.4,4.15,-3.527402842646694,
cumulative,2,0.4,4.2,-3.341504330857802,
cumulative,2,0.4,4.25,-2.988672025703181,
cumulative,2,0.4,4.3,-2.8261412292326966,
cumulative,2,0.4,4.35,-2.81451335016186,
cumulative,2,0.4,4.4,-2.6954973969015583,
cumulative,2,0.4,4.45,-2.4586331987188714,
cumulative,2,0.4,4.5,-2.3698052199669846,
cumulative,2,0.4,4.55,-2.0087925575843144,
cumulative,2,0.4,4.6,-1.5139620437286823,
cumulative,2,0.4,4.65,-1.3174287863901526,
cumulative,2,0.4,4.7,-1.1266302562296886,
cumulative,2,0.4,4.75,-1.0859665886956194,
cumulative,2,0.4,4.8,-0.8644037785077003,
cumulative,2,0.4,4.85,-0.6157054399746116,
cumulative,2,0.4,4.9,-0.5110738696993238,
cumulative,2,0.4,4.95,-0.3603181848184889,
cumulative,2,0.4,5.0,-0.22390229084123803,
cumulative,2,0.4,5.05,0.0,
cumulative,2,0.4,5.1,-0.03867550525042418,
cumulative,2,0.4,5.15,-0.07404798729957918,
cumulative,2,0.4,5.2,-0.277073834029693,
cumulative,2,0.4,5.25,-0.2907630981491067,
cumulative,2,0.4,5.3,-0.2213578964230507,
cumulative,2,0.4,5.35,-0.2945972665154528,
cumulative,2,0.4,5.4,-0.3517586302522844,
cumulative,3,0.6,1.45,-33.719255209580545,
cumulative,3,0.6,1.5,-35.96193829548719,
cumulative,3,0.6,1.55,-37.855439861067076,
cumulative,3,0.6,1.6,-40.38590501033812,
cumulative,3,0.6,1.65,-42.79426349194989,
cumulative,3,0.6,1.7,-44.33878701663741,
cumulative,3,0.6,1.75,-46.197460734381394,
cumulative,3,0.6,1.8,-47.511940113256394,
cumulative,3,0.6,1.85,-48.55116769944985,
cumulative,3,0.6,1.9,-50.001515041988085,
cumulative,3,0.6,1.95,-51.046486877226016,
cumulative,3,0.6,2.0,-51.55710209341321,
cumulative,3,0.6,2.05,-52.13569320366617,
cumulative,3,0.6,2.1,-52.20846670824964,
cumulative,3,0.6,2.15,-52.28859277751358,
cumulative,3,0.6,2.2,-52.34237061630574,
cumulative,3,0.6,2.25,-51.776807621747906,
cumulative,3,0.6,2.3,-51.37396620916398,
cumulative,3,0.6,2.35,-51.21075003779965,
cumulative,3,0.6,2.4,-50.4232485612677,
cumulative,3,0.6,2.45,-49.62204884606727,
cumulative,3,0.6,2.5,-48.727540405533794,
cumulative,3,0.6,2.55,-47.696874800124874,
cumulative,3,0.6,2.6,-46.61168186337114,
cumulative,3,0.6,2.65,-45.20766340392393,
cumulative,3,0.6,2.7,-43.815432804413774,
cumulative,3,0.6,2.75,-42.63446685007156,
cumulative,3,0.6,2.8,-40.594817193345804,
cumulative,3,0.6,2.85,-38.501625800556994,
cumulative,3,0.6,2.9,-36.68573972208712,
cumulative,3,0.6,2.95,-34.443433075247185,
cumulative,3,0.6,3.0,-32.6466795157689,
cumulative,3,0.6,3.05,-31.081651436522748,
cumulative,3,0.6,3.1,-29.14885463889852,
cumulative,3,0.6,3.15,-27.436780065111535,
cumulative,3,0.6,3.2,-25.43243284534295,
cumulative,3,0.6,3.25,-23.588839084963574,
cumulative,3,0.6,3.3,-22.22709640369039,
cumulative,3,0.6,3.35,-20.96013283330172,
cumulative,3,0.6,3.4,-19.585002825194827,
cumulative,3,0.6,3.45,-18.208538346229247,
cumulative,3,0.6,3.5,-16.76319621892946,
cumulative,3,0.6,3.55,-15.43201631213735,
cumulative,3,0.6,3.6,-13.971864147071038,
cumulative,3,0.6,3.65,-12.569349896438737,
cumulative,3,0.6,3.7,-11.218846151121511,
cumulative,3,0.6,3.75,-10.020759371952373,
cumulative,3,0.6,3.8,-8.738483101993388,
cumulative,3,0.6,3.85,-7.406356183607173,
cumulative,3,0.6,3.9,-5.678797823209273,
cumulative,3,0.6,3.95,-4.580587367240383,
cumulative,3,0.6,4.0,-4.107137147771837,
cumulative,3,0.6,4.05,-4.142852341033667,
cumulative,3,0.6,4.1,-3.9003768089197095,
cumulative,3,0.6,4.15,-3.772777214480378,
cumulative,3,0.6,4.2,-3.5153474269759997,
cumulative,3,0.6,4.25,-3.217464869094748,
cumulative,3,0.6,4.3,-3.029334519895947,
cumulative,3,0.6,4.35,-2.881843873634921,
cumulative,3,0.6,4.4,-2.8548282540866765,
cumulative,3,0.6,4.45,-2.5418250136112803,
cumulative,3,0.6,4.5,-2.393240561966479,
cumulative,3,0.6,4.55,-2.0154704320661807,
cumulative,3,0.6,4.6,-1.5553675303204741,
cumulative,3,0.6,4.65,-1.4082039810930667,
cumulative,3,0.6,4.7,-1.2614908352270575,
cumulative,3,0.6,4.75,-1.1441221292147574,
cumulative,3,0.6,4.8,-0.8596651658204593,
cumulative,3,0.6,4.85,-0.6385368463837722,
cumulative,3,0.6,4.9,-0.5392597343099155,
cumulative,3,0.6,4.95,-0.3898079599055393,
cumulative,3,0.6,5.0,-0.2523756204657204,
cumulative,3,0.6,5.05,-0.09726160213885748,
cumulative,3,0.6,5.1,0.0,
cumulative,3,0.6,5.15,-0.09889990061271448,
cumulative,3,0.6,5.2,-0.2903872950163091,
cumulative,3,0.6,5.25,-0.3243851728073679,
cumulative,3,0.6,5.3,-0.31753559008579657,
cumulative,3,0.6,5.35,-0.3067992233391692,
cumulative,3,0.6,5.4,-0.36927325540646194,
cumulative,4,0.8,1.45,-32.625651063726345,
cumulative,4,0.8,1.5,-34.859605345465624,
cumulative,4,0.8,1.55,-36.76641791173061,
cumulative,4,0.8,1.6,-39.175849241015754,
cumulative,4,0.8,1.65,-41.421297532353194,
cumulative,4,0.8,1.7,-42.86463812671492,
cumulative,4,0.8,1.75,-44.816427144202905,
cumulative,4,0.8,1.8,-46.253575769350526,
cumulative,4,0.8,1.85,-47.254530385779695,
cumulative,4,0.8,1.9,-48.68712635380825,
cumulative,4,0.8,1.95,-49.77677401493788,
cumulative,4,0.8,2.0,-50.412523856215046,
cumulative,4,0.8,2.05,-50.92919635841611,
cumulative,4,0.8,2.1,-50.982585725649734,
cumulative,4,0.8,2.15,-51.01769390041297,
cumulative,4,0.8,2.2,-51.11454341320003,
cumulative,4,0.8,2.25,-50.55344934472878,
cumulative,4,0.8,2.3,-50.18813301266899,
cumulative,4,0.8,2.35,-49.86391384935013,
cumulative,4,0.8,2.4,-49.00418073688027,
cumulative,4,0.8,2.45,-48.254262759947224,
cumulative,4,0.8,2.5,-47.52620008892212,
cumulative,4,0.8,2.55,-46.575001630243506,
cumulative,4,0.8,2.6,-45.561512712819855,
cumulative,4,0.8,2.65,-44.29902905317992,
cumulative,4,0.8,2.7,-42.952057432726036,
cumulative,4,0.8,2.75,-41.73927179322594,
cumulative,4,0.8,2.8,-39.70416659819733,
cumulative,4,0.8,2.85,-37.68710417377005,
cumulative,4,0.8,2.9,-35.95420986793366,
cumulative,4,0.8,2.95,-33.83367350123892,
cumulative,4,0.8,3.0,-32.10988944229245,
cumulative,4,0.8,3.05,-30.36009154383887,
cumulative,4,0.8,3.1,-28.39289470275063,
cumulative,4,0.8,3.15,-26.707826630537102,
cumulative,4,0.8,3.2,-24.869211187401923,
cumulative,4,0.8,3.25,-23.173895373161116,
cumulative,4,0.8,3.3,-21.831111200114044,
cumulative,4,0.8,3.35,-20.677185073147236,
cumulative,4,0.8,3.4,-19.311286825254975,
cumulative,4,0.8,3.45,-17.93513531635176,
cumulative,4,0.8,3.5,-16.643137459619105,
cumulative,4,0.8,3.55,-15.36199177760895,
cumulative,4,0.8,3.6,-13.885073768627308,
cumulative,4,0.8,3.65,-12.519080729833107,
cumulative,4,0.8,3.7,-11.213920605356506,
cumulative,4,0.8,3.75,-9.989343958269487,
cumulative,4,0.8,3.8,-8.774544759255399,
cumulative,4,0.8,3.85,-7.355114188664736,
cumulative,4,0.8,3.9,-5.67920352775711,
cumulative,4,0.8,3.95,-4.506183963872985,
cumulative,4,0.8,4.0,-4.005501906071821,
cumulative,4,0.8,4.05,-4.092825203570364,
cumulative,4,0.8,4.1,-3.9576406843718317,
cumulative,4,0.8,4.15,-3.8490378610320093,
cumulative,4,0.8,4.2,-3.564967260384755,
cumulative,4,0.8,4.25,-3.2243020181429998,
cumulative,4,0.8,4.3,-3.075341939932244,
cumulative,4,0.8,4.35,-2.8714416557182787,
cumulative,4,0.8,4.4,-2.7195109625109097,
cumulative,4,0.8,4.45,-2.336574273630589,
cumulative,4,0.8,4.5,-2.2079686645824452,
cumulative,4,0.8,4.55,-1.8619773278574314,
cumulative,4,0.8,4.6,-1.4734355922485705,
cumulative,4,0.8,4.65,-1.3772235531030148,
cumulative,4,0.8,4.7,-1.228538237193888,
cumulative,4,0.8,4.75,-1.0729818413605514,
cumulative,4,0.8,4.8,-0.8418998260931687,
cumulative,4,0.8,4.85,-0.6252920067558989,
cumulative,4,0.8,4.9,-0.5271788249189129,
cumulative,4,0.8,4.95,-0.4187890976016462,
cumulative,4,0.8,5.0,-0.2774735998533515,
cumulative,4,0.8,5.05,-0.11818366255132418,
cumulative,4,0.8,5.1,0.0,
cumulative,4,0.8,5.15,-0.06442907712023072,
cumulative,4,0.8,5.2,-0.21505180175291372,
cumulative,4,0.8,5.25,-0.2519920570461949,
cumulative,4,0.8,5.3,-0.23955355572483938,
cumulative,4,0.8,5.35,-0.20601721911729243,
cumulative,4,0.8,5.4,-0.23020798033594048,
cumulative,5,1.0,1.45,-31.622197409566393,
cumulative,5,1.0,1.5,-33.85049625091053,
cumulative,5,1.0,1.55,-35.77164485114919,
cumulative,5,1.0,1.6,-38.17243067003846,
cumulative,5,1.0,1.65,-40.39593917892656,
cumulative,5,1.0,1.7,-41.72971826463103,
cumulative,5,1.0,1.75,-43.728844920582354,
cumulative,5,1.0,1.8,-45.17528039415822,
cumulative,5,1.0,1.85,-46.24184083481092,
cumulative,5,1.0,1.9,-47.7577910022604,
cumulative,5,1.0,1.95,-48.91556911999859,
cumulative,5,1.0,2.0,-49.537058921511225,
cumulative,5,1.0,2.05,-50.1133544947335,
cumulative,5,1.0,2.1,-50.17620788634926,
cumulative,5,1.0,2.15,-50.24161599985318,
cumulative,5,1.0,2.2,-50.46735392313069,
cumulative,5,1.0,2.25,-50.26995759253441,
cumulative,5,1.0,2.3,-50.09048452796847,
cumulative,5,1.0,2.35,-49.703423182445356,
cumulative,5,1.0,2.4,-48.742412266942054,
cumulative,5,1.0,2.45,-48.03077793364766,
cumulative,5,1.0,2.5,-47.296910014395706,
cumulative,5,1.0,2.55,-46.27014161800413,
cumulative,5,1.0,2.6,-45.40393559616656,
cumulative,5,1.0,2.65,-44.198939761108925,
cumulative,5,1.0,2.7,-42.76378330943613,
cumulative,5,1.0,2.75,-41.553957019329594,
cumulative,5,1.0,2.8,-39.63897134494982,
cumulative,5,1.0,2.85,-37.64347498667921,
cumulative,5,1.0,2.9,-35.952090595616895,
cumulative,5,1.0,2.95,-33.88795275627545,
cumulative,5,1.0,3.0,-32.18453139754284,
cumulative,5,1.0,3.05,-30.42806834970566,
cumulative,5,1.0,3.1,-28.40212995472848,
cumulative,5,1.0,3.15,-26.629568879060496,
cumulative,5,1.0,3.2,-24.804324497015592,
cumulative,5,1.0,3.25,-22.99072384885047,
cumulative,5,1.0,3.3,-21.621122957219754,
cumulative,5,1.0,3.35,-20.509738106959688,
cumulative,5,1.0,3.4,-19.149320301583323,
cumulative,5,1.0,3.45,-17.796560571018922,
cumulative,5,1.0,3.5,-16.580929367629544,
cumulative,5,1.0,3.55,-15.314196451055963,
cumulative,5,1.0,3.6,-13.78821987083301,
cumulative,5,1.0,3.65,-12.43844267307503,
cumulative,5,1.0,3.7,-11.124147239476663,
cumulative,5,1.0,3.75,-9.918338906101937,
cumulative,5,1.0,3.8,-8.720526124268993,
cumulative,5,1.0,3.85,-7.241417496224237,
cumulative,5,1.0,3.9,-5.568546894566012,
cumulative,5,1.0,3.95,-4.47025216224025,
cumulative,5,1.0,4.0,-3.975649757314656,
cumulative,5,1.0,4.05,-3.9765296681843694,
cumulative,5,1.0,4.1,-3.8109469427147573,
cumulative,5,1.0,4.15,-3.6998005789503523,
cumulative,5,1.0,4.2,-3.4462091676470408,
cumulative,5,1.0,4.25,-3.050276573114644,
cumulative,5,1.0,4.3,-2.8791457117962977,
cumulative,5,1.0,4.35,-2.6467464800578284,
cumulative,5,1.0,4.4,-2.431059707407151,
cumulative,5,1.0,4.45,-2.130777068821935,
cumulative,5,1.0,4.5,-2.0421784314776517,
cumulative,5,1.0,4.55,-1.7440230114528106,
cumulative,5,1.0,4.6,-1.388056674783762,
cumulative,5,1.0,4.65,-1.2773443757087293,
cumulative,5,1.0,4.7,-1.1360418981405473,
cumulative,5,1.0,4.75,-0.997128751447093,
cumulative,5,1.0,4.8,-0.757936755062822,
cumulative,5,1.0,4.85,-0.5579802826844329,
cumulative,5,1.0,4.9,-0.4861048296917261,
cumulative,5,1.0,4.95,-0.42415239722016196,
cumulative,5,1.0,5.0,-0.3164453438354471,
cumulative,5,1.0,5.05,-0.16477313364654833,
cumulative,5,1.0,5.1,0.0,
cumulative,5,1.0,5.15,-0.009757065406375887,
cumulative,5,1.0,5.2,-0.1487852319175076,
cumulative,5,1.0,5.25,-0.19017217131823827,
cumulative,5,1.0,5.3,-0.28003713648976003,
cumulative,5,1.0,5.35,-0.2816591283155958,
cumulative,5,1.0,5.4,-0.27870659878878,
block_average,0,0.2,1.45,-31.661008272576375,3.867883581273534
block_average,0,0.2,1.5,-33.89596874470248,4.048304246483091
block_average,0,0.2,1.55,-35.79725715668844,4.172334562388534
block_average,0,0.2,1.6,-38.21913765145534,4.151010688724586
block_average,0,0.2,1.65,-40.45298311483517,4.25188797354835
block_average,0,0.2,1.7,-41.766249709537554,4.502739562931622
block_average,0,0.2,1.75,-43.79335905375998,4.513486757001421
block_average,0,0.2,1.8,-45.239074768721046,4.60051710731121
block_average,0,0.2,1.85,-46.29512058170413,4.555802631032391
block_average,0,0.2,1.9,-47.83744570985165,4.368378697663826
block_average,0,0.2,1.95,-48.99208952366585,4.115595116232842
block_average,0,0.2,2.0,-49.603110882318624,3.906050041325877
block_average,0,0.2,2.05,-50.1881960693736,3.8728300515557286
block_average,0,0.2,2.1,-50.24480698735658,3.9193077954973226
block_average,0,0.2,2.15,-50.33931440331938,4.113123797210114
block_average,0,0.2,2.2,-50.63380873302181,4.3619379296078025
block_average,0,0.2,2.25,-50.37728666482118,4.496804994749579
block_average,0,0.2,2.3,-50.187021916102125,4.330663431364568
block_average,0,0.2,2.35,-49.84051028195838,4.155360269289086
block_average,0,0.2,2.4,-48.84886571325579,4.041634892372953
block_average,0,0.2,2.45,-48.129164253983326,3.8811008056012652
block_average,0,0.2,2.5,-47.411662796513,3.6304726280450423
block_average,0,0.2,2.55,-46.35180674585659,3.683628743958931
block_average,0,0.2,2.6,-45.52595935281821,3.4501360129642795
block_average,0,0.2,2.65,-44.316619370025066,3.0785684356619485
block_average,0,0.2,2.7,-42.8352994355733,2.632238386230835
block_average,0,0.2,2.75,-41.64064966500079,2.6930779761363004
block_average,0,0.2,2.8,-39.72339435616648,2.6900195937500317
block_average,0,0.2,2.85,-37.727237329112384,2.5434786591459266
block_average,0,0.2,2.9,-36.0427474363194,2.4682424986882854
block_average,0,0.2,2.95,-33.97811314401021,2.2122498664464323
block_average,0,0.2,3.0,-32.28029216724808,2.0339611597332192
block_average,0,0.2,3.05,-30.53119478892761,2.081040593719733
block_average,0,0.2,3.1,-28.479910871684364,1.8997488690066788
block_average,0,0.2,3.15,-26.720744035201967,1.747009887631845
block_average,0,0.2,3.2,-24.90666907118062,1.4317791621658975
block_average,0,0.2,3.25,-23.070803468299417,1.3135839885378995
block_average,0,0.2,3.3,-21.70691329426115,1.0754795931669314
block_average,0,0.2,3.35,-20.6082532084558,0.9145895421890449
block_average,0,0.2,3.4,-19.239037123863092,0.7313302831369156
block_average,0,0.2,3.45,-17.884644172763934,0.7721294433238793
block_average,0,0.2,3.5,-16.69147854129529,0.8782233130282457
block_average,0,0.2,3.55,-15.422724440613148,1.0859044959584476
block_average,0,0.2,3.6,-13.899142891697034,1.1269722144073824
block_average,0,0.2,3.65,-12.54939622677644,1.140311738737143
block_average,0,0.2,3.7,-11.238449275388078,1.0704740972030413
block_average,0,0.2,3.75,-10.035757582610909,0.982307033505051
block_average,0,0.2,3.8,-8.835236933352114,0.8296523704908488
block_average,0,0.2,3.85,-7.3563445324188965,0.7785217473659827
block_average,0,0.2,3.9,-5.6812269725989974,0.6444021323011805
block_average,0,0.2,3.95,-4.578974399626992,0.5402965489014926
block_average,0,0.2,4.0,-4.081638314943139,0.661005435974418
block_average,0,0.2,4.05,-4.094678633874883,0.5585217586391343
block_average,0,0.2,4.1,-3.923384110940509,0.48976147132638875
block_average,0,0.2,4.15,-3.811008530299658,0.48890417646698575
block_average,0,0.2,4.2,-3.5570587656067163,0.37659977449925836
block_average,0,0.2,4.25,-3.1650811150204605,0.482054812191898
block_average,0,0.2,4.3,-2.995095811902992,0.4883669701104341
block_average,0,0.2,4.35,-2.7581074756743176,0.4944682829958193
block_average,0,0.2,4.4,-2.5285452295834903,0.7193844078486784
block_average,0,0.2,4.45,-2.232105458837644,0.5917514318811311
block_average,0,0.2,4.5,-2.150455605909032,0.4754876800776212
block_average,0,0.2,4.55,-1.8581861033927438,0.3408046928314754
block_average,0,0.2,4.6,-1.50690613736175,0.17918702840906314
block_average,0,0.2,4.65,-1.3942316246430182,0.21852284441735628
block_average,0,0.2,4.7,-1.25171658469894,0.2432343600175754
block_average,0,0.2,4.75,-1.1164298193029736,0.159240373999912
block_average,0,0.2,4.8,-0.8757243235481724,0.13845442240599173
block_average,0,0.2,4.85,-0.6772639784241434,0.12629485969338747
block_average,0,0.2,4.9,-0.6044232670281418,0.141328341857284
block_average,0,0.2,4.95,-0.5400534891321798,0.1657891459444182
block_average,0,0.2,5.0,-0.42867285265897836,0.22833108699639332
block_average,0,0.2,5.05,-0.27862562113386247,0.22109270275141052
block_average,0,0.2,5.1,-0.11690847200821253,0.10738016145401048
block_average,0,0.2,5.15,-0.12817911605071117,0.08658400443607837
block_average,0,0.2,5.2,-0.26583199966579374,0.128898789461954
block_average,0,0.2,5.25,-0.30755029932643085,0.16746767632260393
block_average,0,0.2,5.3,-0.395552509011641,0.256794886519233
block_average,0,0.2,5.35,-0.39569613141797505,0.24901863988190426
block_average,0,0.2,5.4,-0.39491456845304923,0.2575069643461034
