window_count,trajectory_fraction,replicate_count,valid_replicate_count,rmse_wham,avg_total_std,avg_total_variance,mean_crps_kj_mol,wham_inclusion_68,wham_inclusion_95,mcmc_max_r_hat,mcmc_min_n_eff,mcmc_divergence_total
3,0.04,5,5,20.163391020427632,4.067179958289256,16.93477111586524,15.750856164894092,0.05500000000000001,0.16,1.0151588943960508,115.75905431143046,0
3,0.063,5,5,20.747090899031566,4.045710734904976,16.750161331170208,16.140811675689918,0.0475,0.16749999999999998,1.0284795576508732,135.12400656243904,0
3,0.1,5,1,17.893097053210692,4.120654959792466,17.42106322010644,13.263190208749592,0.0375,0.1875,1.0170933674100577,144.96234839745995,0
3,0.16,5,4,20.39187605413217,3.6808017616355078,14.053469502665124,15.510744710146195,0.08437499999999999,0.184375,1.0232662209889924,103.4854196904171,0
3,0.25,5,5,20.413647235884085,3.935026989394945,15.916947141249745,15.423490061554753,0.07999999999999999,0.1625,1.0168724066643176,113.38919419083244,0
3,0.4,5,5,20.076714795857008,3.910944507966677,15.841989783711131,15.62536964468455,0.045000000000000005,0.1425,1.0125562157646417,142.37388951450123,0
3,0.6,5,5,21.163366416262736,3.6499776179335037,13.802608632240615,16.26570236984856,0.06,0.195,1.0257859258563775,100.48344999689691,0
3,0.8,5,2,19.249530006606598,3.734905941445361,14.455610568154345,15.176608032495501,0.03125,0.1125,1.025874575738357,112.10383266747212,0
3,0.9,5,2,20.65343514021,3.4481806539817352,12.449345246037105,16.384504095927305,0.018750000000000003,0.1,1.0166532238309698,100.61992681267837,0
3,1.0,5,3,19.054729758690822,3.8447832169847103,15.30612685069074,14.820981328554609,0.05833333333333333,0.1625,1.0190581831708119,105.13812688229117,0
4,0.04,5,5,20.60505360376984,3.8790220188251787,15.47921098365527,15.381433875372448,0.08,0.24500000000000002,1.0342679383441937,101.86401684685305,0
4,0.063,5,4,20.852856124425024,4.0013299737724,16.457193305007863,15.761692342165727,0.08125,0.20625000000000002,1.0184887824655764,129.5914745284059,0
4,0.1,5,3,21.215395551179252,3.95965203438427,16.041190084684303,15.976892079520743,0.05833333333333333,0.1708333333333333,1.0115805012307575,108.54238119070463,0
4,0.16,5,4,20.20557988717748,3.581493094242482,13.395828367884977,15.602758613030261,0.053125000000000006,0.175,1.0186004679894736,106.79057666662132,0
4,0.25,5,1,20.627303965330647,4.034150967002582,16.676116627125044,15.38472303269512,0.0625,0.175,1.0136494809681793,180.6037684797182,0
4,0.4,5,5,20.56332017957129,3.4675783242268814,12.626337659132043,15.72314348000998,0.0925,0.18,1.0366780012508319,102.1134785904898,0
4,0.6,5,4,19.74742076465322,3.6592225931025477,13.962454668576719,15.19056551626182,0.0875,0.1875,1.02870400209742,100.70596115465005,0
4,0.8,5,3,19.737144135513336,3.5843171127702718,13.441951722193403,15.70492650655836,0.05833333333333333,0.12916666666666665,1.0238160192844479,110.8996429307916,0
4,0.9,5,3,20.37795270876751,3.73132043436278,14.377691786267881,15.543868453915508,0.07916666666666666,0.14166666666666666,1.0267236858425084,109.76577529497503,0
4,1.0,5,2,20.92975924888132,3.66360516512156,13.861157729724766,16.194644219580656,0.075,0.1625,1.0184968586532654,103.66026440247803,0
6,0.04,5,5,20.85342722525118,3.7093063293304693,14.173898805942716,16.606832910500444,0.04,0.1575,1.0209751734823247,134.88870931594704,0
6,0.063,5,3,18.106955164713163,3.5794075040071935,13.167277381654253,14.010401643591598,0.05416666666666667,0.25416666666666665,1.0212041057633394,111.6640769852174,0
6,0.1,5,2,20.91848583334619,3.920063402970424,15.838566358852361,16.464809480688682,0.04375,0.19375,1.0094243919608892,195.42317684650297,0
6,0.16,5,4,18.679201946104236,3.7615280335882586,14.511685563761601,14.579319645075543,0.065625,0.171875,1.024683522320848,103.41731307261466,0
6,0.25,5,4,20.247806936190635,3.644940197056306,13.769852777948293,16.07201252214442,0.09375000000000001,0.165625,1.0232458011664782,100.37791192611138,0
6,0.4,5,3,19.04731004011252,3.4668502449829313,12.517644883052634,13.913955511799097,0.14583333333333334,0.275,1.046517950943694,101.80679735569461,0
6,0.6,5,4,17.27069389968018,3.263274875570729,11.14878720433417,13.34515672404266,0.121875,0.24375,1.0404790766179755,101.26360327755721,0
6,0.8,5,2,17.932536879396686,3.4875558344210242,12.533360198610279,14.022676122662556,0.10625,0.1625,1.0210087856088053,112.44275582379342,0
6,0.9,5,1,19.957321771038934,3.2362409548953686,10.75612090524248,15.567074464895958,0.1625,0.1875,1.033851632213367,143.28185926048718,0
6,1.0,5,2,17.569442571359538,2.262417132188808,6.313208947714488,14.331217277450717,0.06875,0.125,1.0121504025563213,168.74733275889338,0
8,0.04,5,2,19.522062622392824,3.233093911187686,10.95729906883488,16.116226821390253,0.07500000000000001,0.14375,1.0421605871404913,108.94748160736923,0
8,0.063,5,4,16.656302310141232,3.694983188488826,13.966229171508937,13.086895187554804,0.1125,0.22812499999999997,1.01861564705155,111.83303432635587,0
8,0.1,5,4,18.259349642104123,3.304169483807157,11.224569734805042,14.544065365812404,0.075,0.18437499999999998,1.0306446353060388,121.0057929282546,0
8,0.16,5,1,10.198293289934915,3.343173842445187,11.573060288173721,7.528652837838732,0.1625,0.3625,1.0098101459618591,199.01091919735794,0
8,0.25,5,5,13.671876869737364,2.326066531548763,7.639264956570377,10.296376672440024,0.05,0.11750000000000001,1.02015132357376,115.20850319075544,0
8,0.4,5,1,18.417673435077596,2.9519057555302357,9.191554664816827,13.277433556023137,0.3,0.3375,1.01464377522273,118.52601653635915,0
8,0.6,5,2,16.18319991438137,2.641887433702607,8.66018620150351,11.996778211997585,0.1375,0.18125,1.03579809842531,113.01319254434723,0
8,0.8,5,2,13.34249323455878,1.2275220881879,2.461362276998493,10.066886011618092,0.03125,0.0875,1.010988197126911,114.98045574144949,0
8,0.9,5,3,9.454246886677753,1.8090471359595819,5.114859321945255,7.4709699692635185,0.125,0.2041666666666667,1.0217493327506024,108.4312499061182,0
8,1.0,5,3,13.511480059784283,2.69586260498787,8.852601911167183,10.855705345627536,0.09999999999999999,0.1625,1.018169683026284,103.25994825115794,0
10,0.04,5,4,19.052029790898853,3.017703135363644,9.703616542085143,14.473837842155529,0.11875,0.234375,1.0197312529039848,101.7659608084274,0
10,0.063,5,2,11.909274344378865,1.2484502973839726,2.0474542780463563,9.965596566657739,0.09375,0.175,1.0299635862270158,110.6743362893884,0
10,0.1,5,5,14.418500117305097,2.0685122996057177,6.004233385838006,11.519459486473496,0.05,0.1275,1.0299153691992267,105.07659876360732,0
10,0.16,5,4,15.756249200307643,2.3021661745366266,6.511974763970409,11.169693528862943,0.078125,0.19062500000000002,1.0309329529334033,100.53628850056914,0
10,0.25,5,1,15.843682679291637,0.6975303699209487,0.6570059635852982,11.90298953048089,0.025,0.0625,1.0094575638174255,198.79129056046645,0
10,0.4,5,2,12.057679931523804,0.9606421372878131,1.408045895782064,9.482230010277586,0.0125,0.025,1.021050602168769,107.45591196798401,0
10,0.6,5,2,12.304661526583342,3.41348355795109,11.933436840736091,8.764718727827574,0.25625000000000003,0.30625,1.0330032935545674,140.0994572135865,0
10,0.8,5,2,11.261585227279154,1.6711796760363415,4.50566873074351,8.716435517288744,0.10625,0.15000000000000002,1.0147386294220122,103.08140380528587,0
10,0.9,5,1,11.732418558936686,0.47336661890126397,0.35624359402500905,9.074102128586478,0.0,0.025,1.0089102362436153,181.74835486456246,0
10,1.0,5,2,13.365848642473964,0.586392259785505,0.6448836396188389,9.424369984126404,0.00625,0.00625,1.0234397232030257,102.92620420707401,0
13,0.04,5,3,14.80973007742453,2.567496134766993,8.510150553521513,12.010289855543325,0.054166666666666675,0.10833333333333334,1.017043851292681,156.27607459478708,0
13,0.063,5,4,10.566828453084053,1.4864825155601549,3.4523413416078284,7.9539825042169525,0.0875,0.12812500000000002,1.0235686288121322,103.85571568052097,0
13,0.1,5,4,7.065886377917519,0.6428358661925294,0.6172394089116457,5.261279478651934,0.06875,0.15,1.0226194400996063,104.03751559907712,0
13,0.16,5,2,11.379159497367322,1.065044041262293,1.7758885794524333,8.28230756673361,0.05,0.0875,1.0123081241177472,103.4479383882444,0
13,0.25,5,3,10.284241169065316,1.6559220447598222,3.5260102286187376,6.981948486914689,0.09166666666666667,0.15416666666666667,1.015595231199702,132.33558789623376,0
13,0.4,5,2,10.309150210871994,1.0388220592051978,1.9385950060886419,7.019685077328157,0.03125,0.1,1.0355401218000666,127.92861898092714,0
13,0.6,5,1,9.1080535015881,1.2150897620775727,1.6913650090758026,8.102619617919258,0.0625,0.0625,1.0113708270321662,128.54930846947798,0
13,0.8,5,1,1.5847720618164542,0.1959301247417676,0.06349821646003637,1.2818664309495784,0.025,0.0875,1.0068713546039108,186.61556010055514,0
13,0.9,5,2,2.115963305979577,0.2854893256672837,0.46826014202372324,1.302663339328702,0.05,0.1,1.0098508914798225,118.63231013486096,0
13,1.0,5,1,1.412120395088205,0.17762140013036948,0.05232991672397256,1.1402725869158599,0.05,0.1125,1.0137308369557914,105.58417392645971,0
16,0.04,5,3,13.496326337119049,1.6526008382926778,4.248992123123689,10.308639410579657,0.1125,0.18333333333333335,1.0301213641085036,120.05583511990888,0
16,0.063,5,4,7.379082849990347,0.7074240463929746,0.9229698478829611,5.76854956481116,0.040625,0.078125,1.0127536412024492,124.74955940341096,0
16,0.1,5,4,5.8238331967170724,0.704391316635645,0.7932190359763209,4.273766536170376,0.040625,0.09375,1.0292008571351587,108.64911200799197,0
16,0.16,5,2,10.766139832839627,1.5583491046432627,4.03748977092158,8.717240035349459,0.025,0.04375,1.0267226570679338,102.46166406316347,0
16,0.25,5,3,5.83965789937924,0.3330913864417606,0.3185202912860712,4.062822615762375,0.04583333333333333,0.07083333333333333,1.0129122469803113,101.9374811238179,0
16,0.4,5,4,2.88320221395464,0.37537665901367095,0.22559358400349674,2.261047589488429,0.1,0.171875,1.0209469050644597,143.54397019483773,0
16,0.6,5,3,3.4637997560676475,0.3426589702523801,0.16580608402659203,3.038188159760368,0.016666666666666666,0.041666666666666664,1.02144685972702,115.49980230278678,0
16,0.8,5,1,1.904357683869157,0.14128036741483027,0.028579560301266592,1.6654174153411723,0.0,0.025,1.0054937533482808,167.89855833139077,0
16,0.9,5,4,2.5104311695119597,0.25401875492093917,0.1712703833857605,2.0821007795740796,0.021875,0.053125,1.022052432621257,115.07521278488802,0
16,1.0,5,2,2.1460969392238805,0.20095469486719744,0.2442956437993728,1.6091191177200477,0.08125,0.10625,1.0091979506758542,190.67585999980264,0
19,0.04,5,2,7.343037547822092,0.6058508228968646,0.5029176490085896,6.069017019323616,0.05,0.06875,1.0224717373711867,125.68955922381852,0
19,0.063,5,3,6.302692613369655,0.5549200269845426,0.517233470660448,5.289737900440041,0.016666666666666666,0.05416666666666667,1.0172470764847328,156.08732669385864,0
19,0.1,5,4,5.746666358301317,0.5967998004817019,0.42707046847018004,4.645759539323121,0.0625,0.14375000000000002,1.0230033244700594,126.92603358916155,0
19,0.16,5,3,5.391815469357503,0.4330727981680964,0.2989918295968998,4.655466707982329,0.03333333333333333,0.0625,1.01261589082537,129.0516943829959,0
19,0.25,5,3,2.171450307088365,0.25202063926640733,0.15713697698288484,1.4212882368184154,0.09583333333333333,0.1708333333333333,1.0223345283726677,120.79132827552651,0
19,0.4,5,3,2.368102410427721,0.2305566612701527,0.10331925500338868,1.7425598467439238,0.041666666666666664,0.09166666666666667,1.0252179916085997,110.38568965077556,0
19,0.6,5,3,3.313815486451583,0.21964579248862562,0.1375788591958782,2.9046090248380962,0.008333333333333333,0.020833333333333332,1.0239288306779752,105.50124642038494,0
19,0.8,5,4,2.0731525328601395,0.19486155900984276,0.17572856147228721,1.5430740586803282,0.059375,0.09687499999999999,1.0236506933586953,125.87145969778024,0
19,0.9,5,2,1.6755337075751273,0.12510208648701282,0.05073042822161761,1.3623821008027819,0.0375,0.08124999999999999,1.011901288639752,177.3346254621488,0
19,1.0,5,3,2.209501121281836,0.10495291077774131,0.016002541269031466,1.9124489761756678,0.016666666666666666,0.03333333333333333,1.01247377384275,139.54490881204592,0
22,0.04,5,4,6.054926290980559,0.5268144222432897,0.3723112953625706,4.931761285641088,0.071875,0.121875,1.026471597109931,120.6691533056524,0
22,0.063,5,3,9.467162746267334,1.3141013220151552,3.215497220380451,7.965022041444281,0.05833333333333333,0.09166666666666666,1.0320657902394483,152.85451478427976,0
22,0.1,5,1,7.218370111894777,0.45511221645650207,0.20906144133254342,6.033993168994756,0.025,0.0625,1.0185694651620723,110.4425204248471,0
22,0.16,5,5,3.7501292985250068,0.2286205263064221,0.08158640410137864,2.760557088327437,0.08249999999999999,0.135,1.0174201995285994,131.07227600749292,0
22,0.25,5,4,1.9987630038938466,0.19532758805345626,0.06964273104613683,1.5126577463492907,0.08124999999999999,0.15,1.024472744281167,101.28333067145178,0
22,0.4,5,3,2.0736123998997464,0.1584060747039176,0.034245363286588,1.6942476058882947,0.041666666666666664,0.0625,1.0208526168478531,125.16642137922496,0
22,0.6,5,4,1.8735122397602912,0.14300976906069374,0.07021782447968465,1.298962730586318,0.065625,0.134375,1.0354998490361549,111.43972082480893,0
22,0.8,5,4,1.4310055153614725,0.10426846649742749,0.015984907160313207,1.1291037156169632,0.090625,0.18125000000000002,1.0137129184875981,116.0283427943817,0
22,0.9,5,5,1.5600432767312689,0.09966983718326534,0.013933261797958115,1.4472427166062636,0.017499999999999998,0.03250000000000001,1.0304538524291673,102.35639689464342,0
22,1.0,5,4,0.8120077539566515,0.09316798136122445,0.026899101204735175,0.6108351784433066,0.09375,0.37812499999999993,1.0128496928656658,104.31059002162458,0
25,0.04,1,1,5.368868135604362,0.31182738172741636,0.11669275541185639,4.19531937486184,0.05,0.0875,1.0229141135972877,119.25646267051374,0
25,0.063,1,1,5.1171272958026455,0.2497432201762131,0.07602005750120079,3.9380956065853403,0.025,0.0625,1.0276716367434098,165.6885824324313,0
25,0.1,1,1,4.474071910454243,0.1914003973401742,0.04455083161427805,3.250796367998251,0.1,0.15,1.0049673472704561,147.3304708082527,0
25,0.16,1,1,4.306776238631732,0.1478715452323816,0.026344757873437024,2.9012165612949863,0.1,0.15,1.016809205153457,145.62654857209154,0
25,0.25,1,1,1.4654498637885074,0.12215506785222577,0.018008462211406815,0.9952787983244035,0.125,0.2125,1.022870168227107,177.99883798631956,0
25,0.4,1,1,0.7649834109168411,0.09867754183792028,0.011787313763945562,0.4924414890258343,0.1625,0.2625,1.012896062414935,132.60582555941903,0
25,0.6,1,1,1.249156094935272,0.07925489580650547,0.007487244791183995,0.8530675078197743,0.0375,0.05,1.014460836855272,199.9577019039595,0
25,0.8,1,1,0.5566520537008224,0.0686151853850516,0.005650450262589222,0.34084995139532326,0.1,0.1875,1.005338843551497,248.13665954308826,0
25,0.9,1,1,0.18042156826618594,0.06511091018834071,0.005112373595654274,0.13123684898512938,0.2,0.3875,1.013071487678467,180.97108109284397,0
25,1.0,1,1,0.15721823836296683,0.06147510773199226,0.004591614896706385,0.09757733690968168,0.075,0.5,1.0310296678754705,119.37437339761865,0
