window_count,trajectory_fraction,replicate,result_source,window_overlap_connected,included_in_valid_only_analysis,exclusion_reason,rmse_wham,avg_total_std,avg_total_variance,mean_crps_kj_mol,wham_inclusion_68,wham_inclusion_95,max_r_hat,min_effective_sample_size,divergence_count,r_hat_above_1p05,ess_below_100,failure_reason
3,0.1,1,nuts,False,False,failed_sampler_diagnostics,19.66775923544812,4.207398604450662,18.119430997021645,15.971788831757076,0.0125,0.0875,1.0139869540789515,99.60816370803713,0,False,True,failed_sampler_diagnostics
3,0.1,3,nuts,False,False,failed_sampler_diagnostics,20.269815464062678,3.709242025189444,14.23096734611658,15.66220741861925,0.0375,0.175,1.0207001855723563,84.03430051677942,0,False,True,failed_sampler_diagnostics
3,0.1,4,nuts,True,False,failed_sampler_diagnostics,21.08101605368127,4.07132469450386,16.955621683208204,15.800077262596028,0.0875,0.1875,1.0458717565498103,82.23141330827083,0,False,True,failed_sampler_diagnostics
3,0.1,5,nuts,False,False,failed_sampler_diagnostics,18.34291843052308,3.8990361490353456,15.732676814630329,13.7264118966582,0.1125,0.2625,1.0244394609204623,75.56952586308954,0,False,True,failed_sampler_diagnostics
3,0.16,1,nuts,False,False,failed_sampler_diagnostics,20.246215916230625,3.6880151048523784,14.059959237437624,16.410550607156,0.025,0.075,1.0405551307794474,95.88599985220871,0,False,True,failed_sampler_diagnostics
3,0.8,3,nuts,False,False,failed_sampler_diagnostics,21.94236426468097,3.884677077360373,15.436609213442662,16.181424907731603,0.0875,0.275,1.0293154074471231,66.5998726025066,0,False,True,failed_sampler_diagnostics
3,0.8,4,nuts,False,False,failed_sampler_diagnostics,19.97461125754007,3.4929689021434434,12.719137647777464,15.382324621806907,0.15,0.1875,1.032174527850895,73.44394874010409,0,False,True,failed_sampler_diagnostics
3,0.8,5,nuts,False,False,failed_sampler_diagnostics,19.879976977628402,3.611603981350389,13.554369353093467,15.649029275466598,0.075,0.1375,1.019447469529155,95.13726202829298,0,False,True,failed_sampler_diagnostics
3,0.9,2,nuts_refined_fast,True,False,failed_sampler_diagnostics,15.7690717870875,3.8464063562464106,15.260566061505383,12.555767550491373,0.0625,0.15,1.3456223903025706,15.276161438871032,0,True,True,failed_sampler_diagnostics
3,0.9,4,nuts,False,False,failed_sampler_diagnostics,18.355903385545922,4.0593215134347505,16.933523877951757,14.614112918693811,0.0375,0.0875,1.0150692887049737,68.62893195189741,0,False,True,failed_sampler_diagnostics
3,0.9,5,nuts,False,False,failed_sampler_diagnostics,19.692769190413053,3.725550172409099,14.334235499004716,15.03413949337289,0.15,0.225,1.0285964357210002,95.3317804136076,0,False,True,failed_sampler_diagnostics
3,1.0,2,nuts,False,False,failed_sampler_diagnostics,19.266629477439405,3.4257175053001703,12.296802755100172,14.999833141605915,0.0625,0.2375,1.013898788251417,88.63701355734082,0,False,True,failed_sampler_diagnostics
3,1.0,5,nuts,False,False,failed_sampler_diagnostics,20.890930039212876,3.9128106546493937,15.65752597293562,15.557008403286455,0.1,0.3,1.037660355678798,81.52312847816548,0,False,True,failed_sampler_diagnostics
4,0.063,2,nuts,False,False,failed_sampler_diagnostics,21.334307207907237,3.780185772172466,14.709596087072082,16.342967084798044,0.0125,0.1625,1.0481362885934615,94.54241297433617,0,False,True,failed_sampler_diagnostics
4,0.1,2,nuts,False,False,failed_sampler_diagnostics,20.64262990368859,3.8087923814441282,15.007587551570714,15.77061693826443,0.1125,0.275,1.0266020890130554,89.89087186712548,0,False,True,failed_sampler_diagnostics
4,0.1,3,nuts,False,False,failed_sampler_diagnostics,17.69195091577868,4.020824003474883,16.53827868192921,12.78777351670107,0.1875,0.3125,1.0128524995486277,93.35349608226889,0,False,True,failed_sampler_diagnostics
4,0.16,5,nuts,False,False,failed_sampler_diagnostics,19.478427459437494,3.400273565636026,12.135255460202057,16.58251055543817,0.0125,0.025,1.0217611172181897,82.37726396516729,0,False,True,failed_sampler_diagnostics
4,0.25,2,nuts,False,False,failed_sampler_diagnostics,20.728757866547024,3.8928801540030014,15.606094387522688,15.884207208286943,0.05,0.175,1.0292192195002292,97.16505114077145,0,False,True,failed_sampler_diagnostics
4,0.25,3,nuts,False,False,failed_sampler_diagnostics,20.617263005029717,3.8003642031609637,14.840495702588209,16.09629985025533,0.0125,0.175,1.0221523996874964,84.22997492126422,0,False,True,failed_sampler_diagnostics
4,0.25,4,nuts,False,False,failed_sampler_diagnostics,20.803670435248783,3.6764829417182683,13.98065046003229,16.056384289072,0.025,0.175,1.009480206365223,91.00594815656507,0,False,True,failed_sampler_diagnostics
4,0.25,5,nuts,False,False,failed_sampler_diagnostics,21.55667791013661,3.5411339096244356,12.947104043940687,16.20201118348055,0.075,0.175,1.0108578665872567,80.46280183282641,0,False,True,failed_sampler_diagnostics
4,0.6,3,nuts_refined_fast,False,False,failed_sampler_diagnostics,15.955714150098352,3.3374142632073687,11.608927652019492,12.334994397212093,0.05,0.1125,1.0649425981194525,76.7215500219707,0,True,True,failed_sampler_diagnostics
4,0.8,2,nuts,False,False,failed_sampler_diagnostics,17.289198898043303,3.975069533891225,16.23881898124987,13.29185372437927,0.1375,0.2375,1.0320038022014235,38.032398272331186,0,False,True,failed_sampler_diagnostics
4,0.8,3,nuts,False,False,failed_sampler_diagnostics,21.11258901201894,3.559166558075776,13.212615039770487,16.51094918014595,0.075,0.1625,1.0135016139968887,77.24806882569305,0,False,True,failed_sampler_diagnostics
4,0.9,2,nuts,False,False,failed_sampler_diagnostics,19.00834417549462,3.4526426143554945,12.566467223906232,14.96952473953433,0.1375,0.2375,1.0185560992479197,73.25695695458147,0,False,True,failed_sampler_diagnostics
4,0.9,3,nuts,False,False,failed_sampler_diagnostics,18.85029120041357,3.80807195815112,14.976445637556179,14.820290467443474,0.0875,0.125,1.0205970886941054,71.07508012236663,0,False,True,failed_sampler_diagnostics
4,1.0,1,nuts,False,False,failed_sampler_diagnostics,19.08199910718106,3.961812656792857,16.135319700679407,14.85543263204085,0.0625,0.1375,1.0163730185064368,53.078350802302914,0,False,True,failed_sampler_diagnostics
4,1.0,2,nuts,False,False,failed_sampler_diagnostics,20.13508695370745,3.1657239913918773,10.671745629316737,16.349793148457337,0.075,0.2,1.0157258512099339,81.48015945630104,0,False,True,failed_sampler_diagnostics
4,1.0,3,nuts,False,False,failed_sampler_diagnostics,19.89068653727113,3.1512884213220405,10.552122326747984,15.831121040245568,0.1375,0.1625,1.0065775678045306,80.74398239160843,0,False,True,failed_sampler_diagnostics
6,0.063,4,nuts,False,False,failed_sampler_diagnostics,16.926369799396966,3.8331824889307873,14.97365657103922,12.48422612956339,0.175,0.25,1.0358264977975644,75.25507056782386,0,False,True,failed_sampler_diagnostics
6,0.063,5,nuts,False,False,failed_sampler_diagnostics,17.627134160671833,3.651509602558522,13.84874290254831,13.385718049119145,0.15,0.225,1.0258999720758641,93.07864380825778,0,False,True,failed_sampler_diagnostics
6,0.1,3,nuts,False,False,failed_sampler_diagnostics,17.70987303692731,3.672208969826383,13.862252024540044,13.180050379527922,0.1125,0.2375,1.0296098322621259,78.2487492679517,0,False,True,failed_sampler_diagnostics
6,0.1,4,nuts,False,False,failed_sampler_diagnostics,17.010173184162408,3.4180629805291938,12.171021150314623,12.826638497947949,0.1375,0.2875,1.0108886484057091,96.83011253891812,0,False,True,failed_sampler_diagnostics
6,0.1,5,nuts,False,False,failed_sampler_diagnostics,20.023781763162326,3.8813906591819984,15.512155746650288,16.59861430520648,0.0125,0.0625,1.0351277168789048,86.60102261824765,0,False,True,failed_sampler_diagnostics
6,0.16,3,nuts,False,False,failed_sampler_diagnostics,23.379175987343597,3.5089953781161953,12.765874386401862,14.890848180180182,0.1125,0.35,1.0160949411736222,96.8050286082615,0,False,True,failed_sampler_diagnostics
6,0.25,2,nuts,False,False,failed_sampler_diagnostics,19.26898936310558,3.673743138681729,13.849950417506363,16.33155655223817,0.0125,0.05,1.0158216279363537,59.055580271999126,0,False,True,failed_sampler_diagnostics
6,0.4,2,nuts,False,False,failed_sampler_diagnostics,20.264206044162794,3.0568087893042977,10.057535994577497,16.825752628714866,0.075,0.1625,1.100330140053033,15.070394295840291,0,True,True,failed_sampler_diagnostics
6,0.4,4,nuts,False,False,failed_sampler_diagnostics,19.92828987585805,3.317868187857072,11.500451357765407,16.143157206453377,0.075,0.1375,1.0132528346212832,76.54792813587548,0,False,True,failed_sampler_diagnostics
6,0.6,5,nuts,False,False,failed_sampler_diagnostics,13.236741989641176,3.566976820207722,13.19047020381181,9.37873581361726,0.2375,0.2875,1.0105829240409416,64.3343995610802,0,False,True,failed_sampler_diagnostics
6,0.8,2,nuts,False,False,failed_sampler_diagnostics,11.770643958111641,3.5334168170346048,12.763264165658004,8.790327799429564,0.1625,0.35,1.032467323699524,45.074362800269206,0,False,True,failed_sampler_diagnostics
6,0.8,3,nuts,False,False,failed_sampler_diagnostics,20.32822265145101,3.557678701589532,13.053165952641859,15.870401361530742,0.125,0.15,1.0343619984016188,79.13324959949777,0,False,True,failed_sampler_diagnostics
6,0.8,5,nuts,False,False,failed_sampler_diagnostics,18.5950269804775,1.5232453118303262,3.283817380619092,13.425493233627197,0.025,0.0625,1.0218360982645618,57.99695882717854,0,False,True,failed_sampler_diagnostics
6,0.9,2,nuts,True,False,failed_sampler_diagnostics,15.35009369030538,3.557184091231446,13.196569810734633,12.235585306286334,0.075,0.15,1.005058401705915,82.81091677117644,0,False,True,failed_sampler_diagnostics
6,0.9,3,nuts,False,False,failed_sampler_diagnostics,20.57628674594619,2.936944146526709,9.330375429880451,16.519106344041425,0.075,0.2125,1.0227654580094765,65.92027833700426,0,False,True,failed_sampler_diagnostics
6,0.9,4,nuts,False,False,failed_sampler_diagnostics,20.754284987900906,3.326407303038896,11.499120584981437,16.216557031339402,0.0875,0.175,1.0281975363369296,95.7506798524464,0,False,True,failed_sampler_diagnostics
6,0.9,5,nuts,False,False,failed_sampler_diagnostics,18.316200546906995,3.4257950337836425,12.056227947195147,14.882884615426098,0.05,0.1125,1.0333861274958354,70.1861098267452,0,False,True,failed_sampler_diagnostics
6,1.0,1,nuts,False,False,failed_sampler_diagnostics,19.80068050400886,3.108807242314895,9.955786768249927,15.505219466798351,0.1625,0.1875,1.0312088850256536,88.34400933026328,0,False,True,failed_sampler_diagnostics
6,1.0,3,nuts,False,False,failed_sampler_diagnostics,18.23767197604438,3.3552446152878472,11.725918089950799,14.636935368614122,0.075,0.125,1.0197546218615061,51.168695765080365,0,False,True,failed_sampler_diagnostics
6,1.0,4,nuts,False,False,failed_sampler_diagnostics,17.983119269952855,3.8990187452659257,15.559835182293995,13.59181205397294,0.0625,0.25,1.0087042736300627,74.11924825346202,0,False,True,failed_sampler_diagnostics
8,0.04,1,nuts,False,False,failed_sampler_diagnostics,13.230677919202828,3.6237670459503546,13.298767770328146,9.864815983066014,0.1875,0.3,1.0463904869055962,70.04969254691244,0,False,True,failed_sampler_diagnostics
8,0.04,3,nuts_refined_fast,False,False,failed_sampler_diagnostics,20.622774771804522,3.5634674409886458,13.030686330172955,16.908172562075272,0.0625,0.125,1.0505003364242556,149.37714047530156,0,True,False,failed_sampler_diagnostics
8,0.04,4,nuts,False,False,failed_sampler_diagnostics,16.85511348870798,2.0659335014503633,5.152851027216224,12.23005834764117,0.0125,0.075,1.0192667320133793,80.27085084009553,0,False,True,failed_sampler_diagnostics
8,0.063,3,nuts,False,False,failed_sampler_diagnostics,20.13790663895805,3.0680352194323883,9.881371927484278,16.356553501469136,0.0125,0.1875,1.018701759609401,82.58265273411101,0,False,True,failed_sampler_diagnostics
8,0.1,3,nuts,False,False,failed_sampler_diagnostics,16.418734998879145,3.7765382539720784,14.490158524736671,12.874051561285285,0.0625,0.125,1.0214862778224445,93.46285908676501,0,False,True,failed_sampler_diagnostics
8,0.16,1,nuts,False,False,failed_sampler_diagnostics,11.748440804844273,3.1573322205494394,10.071192735753382,9.178150156728787,0.075,0.2375,1.0345871298357534,39.880357512131575,0,False,True,failed_sampler_diagnostics
8,0.16,2,nuts,False,False,failed_sampler_diagnostics,20.48889650055728,2.872237370331954,8.528751858863615,17.036049024977565,0.0375,0.075,1.0186590998529161,92.89613956103788,0,False,True,failed_sampler_diagnostics
8,0.16,4,nuts,False,False,failed_sampler_diagnostics,22.831902928458558,3.06129796256107,9.821214694261162,15.829535953944134,0.2,0.3625,1.0313276334215815,93.23058275942438,0,False,True,failed_sampler_diagnostics
8,0.16,5,nuts,False,False,failed_sampler_diagnostics,13.510491951018134,3.66439183435577,13.667708896523084,10.103171551948583,0.225,0.2875,1.0147316659933765,61.39959082444245,0,False,True,failed_sampler_diagnostics
8,0.4,1,nuts,False,False,failed_sampler_diagnostics,12.097348121410656,1.3707648507995103,2.114191388122967,10.136681357965962,0.025,0.0625,1.0372389449399704,79.08184628794254,0,False,True,failed_sampler_diagnostics
8,0.4,2,nuts,False,False,failed_sampler_diagnostics,19.827902084382995,2.948985211653119,9.025311087564393,16.29167964009232,0.05,0.1,1.055360882905232,55.0454792133984,0,True,True,failed_sampler_diagnostics
8,0.4,4,nuts,False,False,failed_sampler_diagnostics,18.092354640190372,3.4410822964748875,12.039613670052898,13.04323378332695,0.05,0.2,1.0127800307754151,74.63434878641132,0,False,True,failed_sampler_diagnostics
8,0.4,5,nuts,False,False,failed_sampler_diagnostics,10.287433643441378,2.977889202526446,9.147143934060775,7.7890163472377765,0.125,0.275,1.0384390296980253,54.93841550829756,0,False,True,failed_sampler_diagnostics
8,0.6,1,nuts,False,False,failed_sampler_diagnostics,11.265260139252124,1.1727726767496711,1.6168284470892822,9.289124953331445,0.0,0.075,1.0223034001863984,92.81478763407777,0,False,True,failed_sampler_diagnostics
8,0.6,4,nuts,False,False,failed_sampler_diagnostics,15.218265901891533,1.4681438570697023,2.814823970762125,12.086899271124523,0.0375,0.0375,1.0128214441518715,69.51878485771375,0,False,True,failed_sampler_diagnostics
8,0.6,5,nuts_refined_fast,False,False,failed_sampler_diagnostics,19.763272645956047,2.797873146373073,8.32453642665119,16.463789200802513,0.075,0.1125,1.0770716553406563,110.63692798236774,0,True,False,failed_sampler_diagnostics
8,0.8,2,nuts,False,False,failed_sampler_diagnostics,12.985193558317194,3.285253538900143,11.05524746079622,10.177742352325344,0.1,0.2125,1.039509413761067,39.25016177836382,0,False,True,failed_sampler_diagnostics
8,0.8,4,nuts,False,False,failed_sampler_diagnostics,19.55992806615628,2.618607317567229,7.4043134634372665,16.636971641862644,0.0125,0.025,1.0398815294573032,73.92009199242139,0,False,True,failed_sampler_diagnostics
8,0.8,5,nuts,False,False,failed_sampler_diagnostics,10.316213553700344,1.4321096049275137,2.8445820053206416,9.013606790797981,0.0875,0.125,1.0272820782903238,85.175866526919,0,False,True,failed_sampler_diagnostics
8,0.9,2,nuts,False,False,failed_sampler_diagnostics,19.474351203575885,4.4087541750048445,19.900879640950098,16.599672868645726,0.0125,0.075,1.0164094341994605,51.82695532225128,0,False,True,failed_sampler_diagnostics
8,0.9,4,nuts,False,False,failed_sampler_diagnostics,11.510053398379906,3.058875736144755,9.516432681562218,8.798323964298897,0.1,0.375,1.0244695070621392,56.62223626864379,0,False,True,failed_sampler_diagnostics
8,1.0,2,nuts,False,False,failed_sampler_diagnostics,19.76364359302211,2.46001858333542,6.457583417802321,16.84205297343906,0.0125,0.05,1.0252538002597233,86.84068906544302,0,False,True,failed_sampler_diagnostics
8,1.0,3,nuts,False,False,failed_sampler_diagnostics,12.066678839321883,2.8856549522909627,8.630682791298245,9.462149147770385,0.0375,0.075,1.0312782423829205,99.49785986468848,0,False,True,failed_sampler_diagnostics
10,0.04,4,nuts,False,False,failed_sampler_diagnostics,13.130878561565408,3.545626930940236,12.77627845294132,8.86322495924677,0.2375,0.325,1.0126505700011001,91.89764493537807,0,False,True,failed_sampler_diagnostics
10,0.063,2,nuts,False,False,failed_sampler_diagnostics,19.7277680235164,3.362571512529809,11.755884342567612,16.59734760786821,0.05,0.1,1.070149464605203,34.68871219458809,0,True,True,failed_sampler_diagnostics
10,0.063,4,nuts,False,False,failed_sampler_diagnostics,16.457058591807744,1.2627541044108093,2.8768174593778575,11.285703493366206,0.025,0.0375,1.0400290755880182,92.28364954450831,0,False,True,failed_sampler_diagnostics
10,0.063,5,nuts,False,False,failed_sampler_diagnostics,17.416311150925594,3.692451437568613,13.82800943976578,11.9734314459361,0.325,0.4,1.008476044804996,78.97658939591624,0,False,True,failed_sampler_diagnostics
10,0.16,3,nuts_refined_fast,False,False,failed_sampler_diagnostics,13.09768781579657,3.262073153262675,10.727586263934443,9.052188335586802,0.0625,0.1625,1.0612015855905785,66.58256873589387,0,True,True,failed_sampler_diagnostics
10,0.25,2,nuts,False,False,failed_sampler_diagnostics,20.395882910440346,3.192621183191858,10.496931210648281,17.133294947651486,0.0625,0.1125,1.0295546958460888,60.55904045922208,0,False,True,failed_sampler_diagnostics
10,0.25,3,nuts,False,False,failed_sampler_diagnostics,13.8176941935628,3.0280246652309692,9.524470082408623,11.062345740738872,0.075,0.15,1.0303472302965575,56.057897591200295,0,False,True,failed_sampler_diagnostics
10,0.25,4,nuts,False,False,failed_sampler_diagnostics,24.92122940220136,3.578458970923324,13.286978305165189,16.1906480610468,0.1875,0.5375,1.0182949284513458,72.89916227950296,0,False,True,failed_sampler_diagnostics
10,0.25,5,nuts,True,False,failed_sampler_diagnostics,12.748676373403491,3.3323665501398994,11.379810051728379,8.92308457278956,0.0375,0.1,1.0048407727360047,47.463250937375136,0,False,True,failed_sampler_diagnostics
10,0.4,2,nuts,False,False,failed_sampler_diagnostics,19.15404550834785,2.890297458470655,8.683584265858837,16.05866573708562,0.05,0.075,1.0265198282089472,68.12686470877826,0,False,True,failed_sampler_diagnostics
10,0.4,3,nuts,False,False,failed_sampler_diagnostics,21.052068352083825,2.7625603905487988,7.8540992970027075,16.942590650857017,0.0625,0.15,1.0458379425344915,89.30523633756516,0,False,True,failed_sampler_diagnostics
10,0.4,5,nuts,False,False,failed_sampler_diagnostics,22.46923408683644,3.711077904886205,14.250562873571898,18.601057451774217,0.05,0.1,1.0417766259704528,34.584077850488626,0,False,True,failed_sampler_diagnostics
10,0.6,1,nuts,False,False,failed_sampler_diagnostics,12.295153833478922,0.49041767027289024,0.3382087880857533,9.611047937270929,0.0125,0.0375,1.0109779286099616,95.86611676232167,0,False,True,failed_sampler_diagnostics
10,0.6,3,nuts,False,False,failed_sampler_diagnostics,11.800679212030346,3.2306527095770528,10.75990386287793,8.377637861736419,0.075,0.3125,1.046978128396948,67.75916630263623,0,False,True,failed_sampler_diagnostics
10,0.6,5,nuts,False,False,failed_sampler_diagnostics,16.373623509911504,3.3895260923863306,11.742638223762153,13.228709718982861,0.05,0.1,1.0512578017684528,43.16914277188398,0,True,True,failed_sampler_diagnostics
10,0.8,2,nuts,False,False,failed_sampler_diagnostics,12.661005124948275,3.337356264743981,11.303696813932058,9.507152421264701,0.125,0.425,1.0326115914357805,42.45815727897585,0,False,True,failed_sampler_diagnostics
10,0.8,3,nuts,False,False,failed_sampler_diagnostics,20.93757648374039,2.5352466408698637,6.792996704160087,17.596010851623657,0.0375,0.0875,1.0374400639246508,73.48409844283162,0,False,True,failed_sampler_diagnostics
10,0.8,4,nuts,False,False,failed_sampler_diagnostics,13.62465558547392,3.292682874532054,10.965610504472332,11.374146274574844,0.075,0.075,1.0126894645480358,89.44260615878446,0,False,True,failed_sampler_diagnostics
10,0.9,2,nuts,False,False,failed_sampler_diagnostics,8.367459524391506,1.3545076580727682,2.283042731957607,7.064874791380636,0.05,0.1375,1.0294972711985468,53.1045245978491,0,False,True,failed_sampler_diagnostics
10,0.9,3,nuts,False,False,failed_sampler_diagnostics,15.502736200792738,0.7841101298312221,0.6950537905452692,12.026959995167378,0.0375,0.05,1.0247120243317265,93.3741149923054,0,False,True,failed_sampler_diagnostics
10,0.9,4,nuts,False,False,failed_sampler_diagnostics,17.151682318464932,1.297862544662326,1.8958063052050904,12.100317491666729,0.025,0.05,1.0240708217663799,40.56323170852389,0,False,True,failed_sampler_diagnostics
10,0.9,5,nuts,False,False,failed_sampler_diagnostics,12.108461408050092,3.041240478171515,9.460298432509457,9.203060151816334,0.075,0.325,1.0165682280309014,78.59830291328575,0,False,True,failed_sampler_diagnostics
10,1.0,3,nuts,False,False,failed_sampler_diagnostics,20.039950251586795,2.8592598317587656,8.533924372103709,13.264459932748142,0.2375,0.3875,1.0232780696781076,66.2743972183453,0,False,True,failed_sampler_diagnostics
10,1.0,4,nuts,False,False,failed_sampler_diagnostics,17.39829622203921,1.3191762762727934,2.316093703861417,11.929486275274114,0.025,0.075,1.0653997974441989,61.15837712139424,0,True,True,failed_sampler_diagnostics
10,1.0,5,nuts,False,False,failed_sampler_diagnostics,8.888975331187748,1.1788087791966262,1.979588390786602,7.799852737828178,0.0125,0.05,1.0256409953807908,71.11584466762409,0,False,True,failed_sampler_diagnostics
13,0.04,2,nuts,False,False,failed_sampler_diagnostics,14.823644471201293,3.070696847196201,9.626844341177923,11.589333593968751,0.0,0.2875,1.009190659918183,70.3741535746081,0,False,True,failed_sampler_diagnostics
13,0.04,4,nuts,False,False,failed_sampler_diagnostics,18.722756771069193,0.9974452010202459,1.5710442773415925,13.568351327888951,0.05,0.1,1.0175224699842589,76.56939881568566,0,False,True,failed_sampler_diagnostics
13,0.063,5,nuts,False,False,failed_sampler_diagnostics,17.069074063173794,2.9131819672011736,8.567242755108513,13.861169376762865,0.05,0.0625,1.0139280085523745,87.47020625937769,0,False,True,failed_sampler_diagnostics
13,0.1,4,nuts,False,False,failed_sampler_diagnostics,13.51031772004791,3.003966723913213,9.24601991002656,9.812061516500503,0.1125,0.225,1.0235551705698076,91.6625938451217,0,False,True,failed_sampler_diagnostics
13,0.16,2,nuts,False,False,failed_sampler_diagnostics,9.637879855184996,2.1818305886674567,4.9506253361712,7.613054293777401,0.025,0.05,1.0518036956670052,47.439348618593144,0,True,True,failed_sampler_diagnostics
13,0.16,3,nuts,False,False,failed_sampler_diagnostics,15.602855675755867,2.841662681112722,8.195946418254884,12.422676466784557,0.0125,0.025,1.0529197242807977,49.6088443131423,0,True,True,failed_sampler_diagnostics
13,0.16,5,nuts,False,False,failed_sampler_diagnostics,4.4319121346509425,0.610356046933801,0.6941463718872978,3.462369521204253,0.1125,0.15,1.0266546113875032,73.5528514907393,0,False,True,failed_sampler_diagnostics
13,0.25,1,nuts,True,False,failed_sampler_diagnostics,5.197452564213073,0.3109586306353635,0.15215611384690697,3.894050253220706,0.05,0.0625,1.023739465357349,91.61266283192022,0,False,True,failed_sampler_diagnostics
13,0.25,2,nuts,False,False,failed_sampler_diagnostics,6.388083957192353,1.333095847004876,2.192018850795453,5.109073083095025,0.1,0.25,1.0352189028162946,59.928165482550554,0,False,True,failed_sampler_diagnostics
13,0.4,1,nuts,True,False,failed_sampler_diagnostics,2.486349229884646,0.2581501642418798,0.1085446925650457,1.9347703410481951,0.05,0.05,1.0188126319817117,83.61650729981798,0,False,True,failed_sampler_diagnostics
13,0.4,2,nuts,False,False,failed_sampler_diagnostics,12.865763416925377,0.5040880472369667,0.6254902205617219,8.460184838041993,0.0,0.0375,1.0142646484541686,87.53260959801419,0,False,True,failed_sampler_diagnostics
13,0.4,4,nuts,False,False,failed_sampler_diagnostics,9.498035128122844,1.2039860535576712,1.6028414874307308,8.350878612116976,0.0625,0.0625,1.0500130816209043,47.39874994997225,0,True,True,failed_sampler_diagnostics
13,0.6,1,nuts,True,False,failed_sampler_diagnostics,1.0284866515274098,0.22518990519599993,0.08446307553336282,0.7531036823640941,0.1,0.3,1.0269003125510239,82.44413571441646,0,False,True,failed_sampler_diagnostics
13,0.6,3,nuts,False,False,failed_sampler_diagnostics,10.939265279556246,3.0411223148353397,9.333292817106592,8.14530033045751,0.0625,0.1625,1.0303808983185339,56.74932907089569,0,False,True,failed_sampler_diagnostics
13,0.6,4,nuts,False,False,failed_sampler_diagnostics,14.399706179683374,1.255969269841773,1.8093469178075083,12.33741105197721,0.05,0.0625,1.011120928935313,74.00571245800157,0,False,True,failed_sampler_diagnostics
13,0.6,5,nuts,False,False,failed_sampler_diagnostics,12.854079638298492,3.730663133643142,13.940039470930241,10.289870373612477,0.0375,0.05,1.054760283540368,46.48443489406018,0,True,True,failed_sampler_diagnostics
13,0.8,2,nuts,False,False,failed_sampler_diagnostics,17.979320779960123,2.940406365124126,8.954482495044449,13.266102959812434,0.2125,0.3125,1.0270302029359595,29.468318224245806,0,False,True,failed_sampler_diagnostics
13,0.8,3,nuts,False,False,failed_sampler_diagnostics,7.060762542786499,0.5070629025675188,0.6747057308152533,5.336311703464043,0.0125,0.05,1.0266296793271403,40.396713636158005,0,False,True,failed_sampler_diagnostics
13,0.8,4,nuts,False,False,failed_sampler_diagnostics,17.761990436249473,2.26785237626832,5.333319968009302,11.877745438459954,0.25,0.2875,1.0383178204504,70.00412241909967,0,False,True,failed_sampler_diagnostics
13,0.8,5,nuts,False,False,failed_sampler_diagnostics,16.684926231129197,1.8714479254051823,3.5142581894625904,12.544427746836195,0.0,0.0125,1.1658003457933093,18.607306431180465,0,True,True,failed_sampler_diagnostics
13,0.9,2,nuts,False,False,failed_sampler_diagnostics,6.754458490177559,0.9105506013729008,2.0243745100901407,5.349486454249364,0.05,0.0875,1.0076282203571496,65.67661548779134,0,False,True,failed_sampler_diagnostics
13,0.9,3,nuts,False,False,failed_sampler_diagnostics,6.281023030490226,0.35886414469115296,0.4492265211067843,4.495118671778248,0.025,0.0375,1.0277832019797897,62.0810996252645,0,False,True,failed_sampler_diagnostics
13,0.9,4,nuts,False,False,failed_sampler_diagnostics,11.192505155380736,2.9461576682098864,8.767612325799723,7.975957464663956,0.2875,0.3125,1.0151977873021238,63.51647070293581,0,False,True,failed_sampler_diagnostics
13,1.0,2,nuts,False,False,failed_sampler_diagnostics,4.731352123331742,0.48886805215233764,0.9446912508588549,4.146040787903263,0.0375,0.0625,1.0747504974575335,41.73389485242624,0,True,True,failed_sampler_diagnostics
13,1.0,3,nuts_refined_fast,False,False,failed_sampler_diagnostics,16.492313191607494,1.2328913277822555,2.408741098887832,10.693414623789195,0.0125,0.0375,1.0893116571519472,42.774030879106164,0,True,True,failed_sampler_diagnostics
13,1.0,4,nuts_refined_fast,False,False,failed_sampler_diagnostics,9.234128062406661,1.078348309229234,1.6246069515928045,8.073720216586164,0.0125,0.0375,1.0652901423961672,85.99716859632098,0,True,True,failed_sampler_diagnostics
13,1.0,5,nuts,False,False,failed_sampler_diagnostics,18.092220780607946,2.8818905443460663,8.390586070228773,13.388575186300494,0.0875,0.375,1.1539625686686417,33.860515063838726,0,True,True,failed_sampler_diagnostics
16,0.04,3,nuts,False,False,failed_sampler_diagnostics,8.934392391248311,0.7482475343114001,0.9747614957238063,7.4423925523279095,0.025,0.05,1.0144641713140792,87.68377059160564,0,False,True,failed_sampler_diagnostics
16,0.04,5,nuts,False,False,failed_sampler_diagnostics,12.804452509293688,3.3805714294912748,11.48997305420706,9.367397710174254,0.175,0.275,1.065571266536365,47.60990703638031,0,True,True,failed_sampler_diagnostics
16,0.063,3,nuts,False,False,failed_sampler_diagnostics,7.267112107777512,0.6430829958055222,0.5163451232114522,6.482555337888165,0.0125,0.0125,1.0144123657133026,78.16748589485081,0,False,True,failed_sampler_diagnostics
16,0.1,3,nuts,False,False,failed_sampler_diagnostics,12.700745590603757,0.8109107093846945,0.9497953630026151,9.505343446691501,0.025,0.0625,1.0423447175752938,83.87322959569234,0,False,True,failed_sampler_diagnostics
16,0.16,2,nuts,False,False,failed_sampler_diagnostics,12.322516730155106,2.976440927104904,8.899623609947446,10.1273752945966,0.0125,0.0625,1.0410455626575883,51.12019145774791,0,False,True,failed_sampler_diagnostics
16,0.16,4,nuts,True,False,failed_sampler_diagnostics,4.228639242402886,1.2610718249519683,1.6123674672541017,2.623811511162246,0.3625,0.525,1.036103060909548,62.04580991786441,0,False,True,failed_sampler_diagnostics
16,0.16,5,nuts,False,False,failed_sampler_diagnostics,14.94777072025368,2.4718203025507273,6.267236171273364,12.421795493927506,0.0,0.0375,1.108053665715372,26.71397983394732,0,True,True,failed_sampler_diagnostics
16,0.25,2,nuts,True,False,failed_sampler_diagnostics,6.8660667295636,0.4096008513830812,0.5167642043518492,4.962704704753686,0.025,0.025,1.0205281497065612,99.06067780838872,0,False,True,failed_sampler_diagnostics
16,0.25,3,nuts,False,False,failed_sampler_diagnostics,18.02839373797045,2.009288087148996,4.15807108043483,12.362943052030255,0.0125,0.1625,1.0205136476944772,58.959666103564345,0,False,True,failed_sampler_diagnostics
16,0.4,4,nuts_refined_fast,True,False,failed_sampler_diagnostics,8.314563499007892,1.1620137415860738,1.3545516787863963,7.352601307501099,0.025,0.0375,1.0528197345002117,110.83516168548569,0,True,False,failed_sampler_diagnostics
16,0.6,3,nuts,False,False,failed_sampler_diagnostics,14.824552577435993,3.118844262642914,9.777318773328364,12.578258563577865,0.0375,0.075,1.0311038857896857,61.823605215403944,0,False,True,failed_sampler_diagnostics
16,0.6,5,nuts_refined_fast,False,False,failed_sampler_diagnostics,16.76001346858591,0.4990676845152713,0.7482158825827367,11.14116064677592,0.0125,0.025,1.0607866112188888,54.316286082684385,0,True,True,failed_sampler_diagnostics
16,0.8,2,nuts,False,False,failed_sampler_diagnostics,11.312755800154392,0.5042979832988086,0.5531476791209793,7.660909232364498,0.0125,0.0625,1.0345949536262526,60.936841020647236,0,False,True,failed_sampler_diagnostics
16,0.8,3,nuts,False,False,failed_sampler_diagnostics,4.010698955450715,0.36877417164780196,0.46193700374242896,3.547731961520249,0.05,0.075,1.0435348820104544,63.255933276430326,0,False,True,failed_sampler_diagnostics
16,0.8,4,nuts,True,False,failed_sampler_diagnostics,8.187582556498478,0.2525901562881482,0.12086373801557695,5.654743542606778,0.0125,0.0375,1.043371427441542,48.299365620374914,0,False,True,failed_sampler_diagnostics
16,0.8,5,nuts_refined_fast,False,False,failed_sampler_diagnostics,15.358308319679491,2.8998604878683283,8.430491193168558,13.163041193466432,0.025,0.0375,1.0777280483871585,51.45099158195387,0,True,True,failed_sampler_diagnostics
16,0.9,3,nuts,False,False,failed_sampler_diagnostics,11.865171148802384,0.4965939138991044,0.5851481034801871,8.036569021922006,0.0125,0.0125,1.0129479196398543,54.71175825225395,0,False,True,failed_sampler_diagnostics
16,1.0,2,nuts,True,False,failed_sampler_diagnostics,5.105323873769361,0.35571706096866756,0.523481101345848,4.3366972497030805,0.025,0.0375,1.0098085763098743,59.460153086436414,0,False,True,failed_sampler_diagnostics
16,1.0,3,nuts,False,False,failed_sampler_diagnostics,11.815090387547226,0.37167590103585263,0.27203077667024395,7.597437557187608,0.0625,0.2375,1.2149155481840634,14.590699845067489,0,True,True,failed_sampler_diagnostics
16,1.0,4,nuts,True,False,failed_sampler_diagnostics,6.610002076533019,0.6239553018056403,0.4105227295418774,6.071969199096162,0.0125,0.025,1.0473384959239962,43.813594842138976,0,False,True,failed_sampler_diagnostics
19,0.04,1,nuts,False,False,failed_sampler_diagnostics,6.649917436204963,0.559517818185485,0.37812009531121127,5.619734732064375,0.0375,0.1,1.0241840955255728,89.27170831167975,0,False,True,failed_sampler_diagnostics
19,0.04,3,nuts,False,False,failed_sampler_diagnostics,15.30792382293929,0.6248447703877096,0.4006714209329882,10.770120999745432,0.05,0.0625,1.0147821009095777,79.84041928328415,0,False,True,failed_sampler_diagnostics
19,0.04,4,nuts,False,False,failed_sampler_diagnostics,9.51951464454603,2.985628322877909,8.917709809211399,6.8101586313192595,0.3125,0.3625,1.0165280689151286,96.96708022783794,0,False,True,failed_sampler_diagnostics
19,0.063,2,nuts,False,False,failed_sampler_diagnostics,8.34428038563384,0.6119648851144568,0.4104081931749516,7.127927314216715,0.0,0.0125,1.0162251208622668,89.48008239959607,0,False,True,failed_sampler_diagnostics
19,0.063,3,nuts,False,False,failed_sampler_diagnostics,20.41302831059342,3.0195214730832056,9.24718957706202,17.08901972649939,0.075,0.125,1.0474585091827715,71.39201789870533,0,False,True,failed_sampler_diagnostics
19,0.1,3,nuts,False,False,failed_sampler_diagnostics,4.553070440383724,0.7167633605220208,0.6241645644795394,3.740829594383965,0.025,0.1375,1.045753802935895,46.46781096996916,0,False,True,failed_sampler_diagnostics
19,0.16,2,nuts,False,False,failed_sampler_diagnostics,2.466451684941955,0.3009418944707484,0.18215468500661797,1.7145927947672637,0.075,0.1625,1.0014438556847025,85.59967134035146,0,False,True,failed_sampler_diagnostics
19,0.16,4,nuts,True,False,failed_sampler_diagnostics,2.790564788794534,0.29256727984524605,0.1193571503306758,2.3779556528269694,0.0375,0.075,1.0198219516110265,93.42483834841201,0,False,True,failed_sampler_diagnostics
19,0.25,1,nuts,True,False,failed_sampler_diagnostics,1.9451513067739532,0.22481267333951482,0.07472428651279177,1.6667553051284745,0.0375,0.075,1.0422762930311722,69.67847049296368,0,False,True,failed_sampler_diagnostics
19,0.25,4,nuts,True,False,failed_sampler_diagnostics,2.51296745217811,0.24506734481524636,0.10196946234229691,1.5859587858896247,0.1125,0.1875,1.0365155553181091,92.17652452613093,0,False,True,failed_sampler_diagnostics
19,0.4,1,nuts,True,False,failed_sampler_diagnostics,1.5413344799191084,0.17400163235336935,0.04580151657998936,1.370390847712496,0.0375,0.075,1.0167131537191163,82.22542920990455,0,False,True,failed_sampler_diagnostics
19,0.4,5,nuts,True,False,failed_sampler_diagnostics,2.3443886298281136,0.23145538793195114,0.11807179102344052,1.9424269810196584,0.0,0.0125,1.0298907094853837,83.22633904503427,0,False,True,failed_sampler_diagnostics
19,0.6,3,nuts,False,False,failed_sampler_diagnostics,1.7598938050984871,0.264021648534478,0.260221226216815,1.204657226733127,0.1,0.25,1.0456240419624139,69.796124117865,0,False,True,failed_sampler_diagnostics
19,0.6,5,nuts,True,False,failed_sampler_diagnostics,4.755735964812004,0.6143392917342653,0.40521923203098337,3.964441763373391,0.025,0.0375,1.03136449654433,38.06111656517223,0,False,True,failed_sampler_diagnostics
19,0.8,5,nuts,True,False,failed_sampler_diagnostics,2.61265268289323,0.1820869145077969,0.03874163785817345,2.3854412331540638,0.025,0.025,1.0107223686830378,66.96098889541943,0,False,True,failed_sampler_diagnostics
19,0.9,1,nuts,True,False,failed_sampler_diagnostics,2.0137317759822793,0.12086351518739162,0.02188817674359474,1.8527339002653278,0.0125,0.0125,1.0284588705287534,66.03309667308073,0,False,True,failed_sampler_diagnostics
19,0.9,2,nuts,True,False,failed_sampler_diagnostics,8.496844512648515,0.2784370079721253,0.2121717797074476,4.897574131863429,0.0375,0.1,1.154346840146884,16.738497481004114,0,True,True,failed_sampler_diagnostics
19,0.9,3,nuts,True,False,failed_sampler_diagnostics,7.732105851627989,0.2847569084236141,0.13998449610735025,5.764252263946022,0.0125,0.025,1.0162279205774645,59.99834984891335,0,False,True,failed_sampler_diagnostics
19,1.0,3,nuts,False,False,failed_sampler_diagnostics,5.3887481712631695,0.20150856240367515,0.07842599660293013,3.9727735040255174,0.0,0.0,1.0281683314554633,52.26410161438224,0,False,True,failed_sampler_diagnostics
19,1.0,4,nuts,False,False,failed_sampler_diagnostics,13.720818926428484,0.35854636506860804,0.36234184501471317,8.264315423845737,0.05,0.3625,1.0222961044848846,44.841120831612386,0,False,True,failed_sampler_diagnostics
22,0.04,1,nuts,False,False,failed_sampler_diagnostics,6.5112787221011885,0.47577405565514275,0.2541230951948619,5.5204205103108865,0.025,0.0875,1.0346999457572252,88.22907041834578,0,False,True,failed_sampler_diagnostics
22,0.063,2,nuts,False,False,failed_sampler_diagnostics,7.434361935926589,0.3906281076053329,0.24898868805072355,5.400565659860612,0.025,0.0625,1.0138275435335817,77.38933910746255,0,False,True,failed_sampler_diagnostics
22,0.063,4,nuts,True,False,failed_sampler_diagnostics,6.54703862143933,0.5532008157786306,0.32718239983061326,5.161602997575419,0.0375,0.125,1.0372684549129392,69.15803859237855,0,False,True,failed_sampler_diagnostics
22,0.1,1,nuts,True,False,failed_sampler_diagnostics,5.619467773691576,0.27893385380788455,0.09158959736504804,4.76269398349633,0.0125,0.025,1.0159791421562379,96.59206264447624,0,False,True,failed_sampler_diagnostics
22,0.1,3,nuts,True,False,failed_sampler_diagnostics,6.071141758728794,0.34167360680618514,0.15453313792803844,5.046728838051972,0.0125,0.0125,1.0227578540804272,54.026413444130725,0,False,True,failed_sampler_diagnostics
22,0.1,4,nuts,True,False,failed_sampler_diagnostics,5.395310190948684,0.23304515095803557,0.07274002443778814,3.8615320421821004,0.1,0.1625,1.0149030552129246,98.42448656895989,0,False,True,failed_sampler_diagnostics
22,0.1,5,nuts,False,False,failed_sampler_diagnostics,7.107440751999291,0.31883613312794257,0.16603218732980235,4.853835260435043,0.1,0.15,1.0322392061959949,24.659000022663466,0,False,True,failed_sampler_diagnostics
22,0.25,2,nuts,True,False,failed_sampler_diagnostics,1.5906244947533361,0.14815625084349732,0.029770931939310935,1.035518118730058,0.125,0.25,1.0285289064142829,75.70450519570691,0,False,True,failed_sampler_diagnostics
22,0.4,2,nuts,True,False,failed_sampler_diagnostics,1.3465983885507995,0.14357786834893083,0.033218203799822724,1.0818884176611239,0.0125,0.0375,1.0241749528506758,73.97898554037381,0,False,True,failed_sampler_diagnostics
22,0.4,5,nuts_refined_fast,True,False,failed_sampler_diagnostics,10.586123247177408,0.30137970978407874,0.16546782737474203,7.513914037108672,0.025,0.025,1.0186882270935427,91.63198495731935,0,False,True,failed_sampler_diagnostics
22,0.6,3,nuts,True,False,failed_sampler_diagnostics,3.2302264133979866,0.5177037947599205,0.2765497653112545,2.761303872571421,0.025,0.025,1.0309038600014075,60.61277543258124,0,False,True,failed_sampler_diagnostics
22,0.8,3,nuts,True,False,failed_sampler_diagnostics,0.8441100862678984,0.12386532281622206,0.07270859886139003,0.4247835256907348,0.1625,0.2625,1.0387667829422302,52.31463554944127,0,False,True,failed_sampler_diagnostics
22,1.0,4,nuts,True,False,failed_sampler_diagnostics,0.3757808123982242,0.13029978244009643,0.02999247702762816,0.21619551870355233,0.1,0.7,1.0318556317598873,84.67929368136612,0,False,True,failed_sampler_diagnostics
