window_count,trajectory_fraction,replicate,result_source,window_overlap_connected,included_in_valid_only_analysis,exclusion_reason,rmse_wham,avg_total_std,avg_total_variance,mean_crps_kj_mol,wham_inclusion_68,wham_inclusion_95,max_r_hat,min_effective_sample_size,divergence_count
3,0.04,1,nuts,False,True,,20.061490087943813,4.025675613063109,16.594088396994618,16.389857797782454,0.0125,0.075,1.0085043242715623,266.48545368060724,0
3,0.04,2,nuts,False,True,,20.442015292470828,3.948482050914019,16.0431457355886,16.658329432377197,0.0125,0.075,1.0049481441210297,115.75905431143046,0
3,0.04,3,nuts,False,True,,20.457244045391754,3.9092356135433635,15.733993070823335,16.601690005559753,0.0125,0.0875,1.015135834585087,178.41466115033228,0
3,0.04,4,nuts,False,True,,21.944696891624822,4.322604248233501,18.89512398518149,16.12569828862444,0.075,0.2625,1.0151588943960508,169.92254295828354,0
3,0.04,5,nuts_refined_fast,False,True,,17.911508784706943,4.1299022656922855,17.407504390738165,12.97870530012661,0.1625,0.3,1.0121821419204209,223.0557196524774,0
3,0.063,1,nuts,False,True,,19.827584767918175,4.173437861040398,17.81812555561196,16.12831015920998,0.0125,0.0875,1.0083054179805993,235.85461931806645,0
3,0.063,2,nuts,False,True,,20.101167142858483,3.9429881816541674,16.045754920982155,16.43525575531035,0.0125,0.0625,1.0284795576508732,177.3274408354533,0
3,0.063,3,nuts,False,True,,21.487514066317928,3.9465435274189176,15.898516786588772,15.914773439769096,0.1125,0.2375,1.0184672067523122,199.6171565175981,0
3,0.063,4,nuts,False,True,,21.90655219029007,4.199327650814028,17.89387424188275,16.138279777939697,0.0875,0.275,1.0060039987417617,135.12400656243904,0
3,0.063,5,nuts,False,True,,20.41263632777318,3.9662564535973672,16.0945351507854,16.08743924622046,0.0125,0.175,1.0113167932412812,193.86826403667587,0
3,0.1,1,nuts,False,False,failed_sampler_diagnostics,19.66775923544812,4.207398604450662,18.119430997021645,15.971788831757076,0.0125,0.0875,1.0139869540789515,99.60816370803713,0
3,0.1,2,nuts,True,True,,17.893097053210692,4.120654959792466,17.42106322010644,13.263190208749592,0.0375,0.1875,1.0170933674100577,144.96234839745995,0
3,0.1,3,nuts,False,False,failed_sampler_diagnostics,20.269815464062678,3.709242025189444,14.23096734611658,15.66220741861925,0.0375,0.175,1.0207001855723563,84.03430051677942,0
3,0.1,4,nuts,True,False,failed_sampler_diagnostics,21.08101605368127,4.07132469450386,16.955621683208204,15.800077262596028,0.0875,0.1875,1.0458717565498103,82.23141330827083,0
3,0.1,5,nuts,False,False,failed_sampler_diagnostics,18.34291843052308,3.8990361490353456,15.732676814630329,13.7264118966582,0.1125,0.2625,1.0244394609204623,75.56952586308954,0
3,0.16,1,nuts,False,False,failed_sampler_diagnostics,20.246215916230625,3.6880151048523784,14.059959237437624,16.410550607156,0.025,0.075,1.0405551307794474,95.88599985220871,0
3,0.16,2,nuts,True,True,,19.81165811851428,3.7987789818543605,14.940409095500808,13.4057825215235,0.1875,0.35,1.0042185775901942,133.5332588479551,0
3,0.16,3,nuts,True,True,,22.800657757022872,3.607296029655944,13.417926583860071,16.762994741157456,0.05,0.125,1.00200195176041,514.3924234835232,0
3,0.16,4,nuts,False,True,,18.830465689657153,3.5452132661325066,13.080606609515192,14.88964415978395,0.0375,0.15,1.0169101588106735,105.10354172827745,0
3,0.16,5,nuts,False,True,,20.124722651334373,3.7719187688992193,14.774935721784425,16.984557418119877,0.0625,0.1125,1.0232662209889924,103.4854196904171,0
3,0.25,1,nuts,False,True,,20.562023084949967,4.128199817345569,17.44983599891256,16.00136381280589,0.05,0.1125,1.0066752426989263,208.22307712930606,0
3,0.25,2,nuts,False,True,,20.49559090788044,3.7672253492117598,14.644928418281046,15.651173659362817,0.05,0.1875,1.0066073243796774,113.38919419083244,0
3,0.25,3,nuts_refined_fast,False,True,,20.035280881215066,3.7904565203101597,14.792053011440336,14.900662380894317,0.1875,0.225,1.0168724066643176,278.46767407402837,0
3,0.25,4,nuts,False,True,,20.535952897302703,3.943451864247571,15.968534872127742,15.192139953655396,0.05,0.125,1.006654156967094,184.52335078007482,0
3,0.25,5,nuts,False,True,,20.43938840807225,4.045801395859665,16.72938340548703,15.37211050105534,0.0625,0.1625,1.0131201417350095,208.61417083573104,0
3,0.4,1,nuts,False,True,,20.129338495186698,4.413566247246192,19.856245097478148,15.721988283828974,0.0375,0.0875,1.0038957905373458,175.09139184027947,0
3,0.4,2,nuts,False,True,,19.855418260549353,3.9296772038654915,15.89145608585099,15.99872544302969,0.05,0.125,1.0079791015485606,150.68610645254478,0
3,0.4,3,nuts,False,True,,21.247586835285805,3.491965693479746,12.62895283666406,16.048612044612376,0.05,0.25,1.0065026599072748,158.32792593153548,0
3,0.4,4,nuts,False,True,,19.15163324214661,3.6344624540959516,13.695345251848199,15.141168587828952,0.0375,0.075,1.0125562157646417,175.19688819902785,0
3,0.4,5,nuts,False,True,,19.999597146116557,4.085050941146006,17.137949646714254,15.21635386412276,0.05,0.175,1.0033551021922171,142.37388951450123,0
3,0.6,1,nuts,False,True,,20.484953603562584,3.5273263609771646,12.974720446573983,16.413065860188198,0.025,0.075,1.0207911524960824,100.48344999689691,0
3,0.6,2,nuts,False,True,,21.415944650962988,3.711978789655698,14.184372960839415,16.218025381308745,0.075,0.1875,1.0238215292127248,122.20848242861473,0
3,0.6,3,nuts,False,True,,21.85764091442226,3.905063816327799,15.597769915073775,16.132811586820388,0.1,0.3375,1.004148484879736,159.12153960553673,0
3,0.6,4,nuts,False,True,,21.18469092390579,3.480842486526553,12.647898752188357,16.239465444667296,0.0875,0.2,1.006584448789834,130.6950618699556,0
3,0.6,5,nuts,False,True,,20.873601988460056,3.6246766361803053,13.60828108652754,16.32514357625818,0.0125,0.175,1.0257859258563775,124.51056804668987,0
3,0.8,1,nuts,False,True,,20.421348915892523,3.5933824851527567,13.404283691112278,16.253686206343367,0.025,0.1,1.025874575738357,113.55469641262437,0
3,0.8,2,nuts,False,True,,18.07771109732067,3.876429397737965,15.506937445196414,14.099529858647633,0.0375,0.125,1.009464939695818,112.10383266747212,0
3,0.8,3,nuts,False,False,failed_sampler_diagnostics,21.94236426468097,3.884677077360373,15.436609213442662,16.181424907731603,0.0875,0.275,1.0293154074471231,66.5998726025066,0
3,0.8,4,nuts,False,False,failed_sampler_diagnostics,19.97461125754007,3.4929689021434434,12.719137647777464,15.382324621806907,0.15,0.1875,1.032174527850895,73.44394874010409,0
3,0.8,5,nuts,False,False,failed_sampler_diagnostics,19.879976977628402,3.611603981350389,13.554369353093467,15.649029275466598,0.075,0.1375,1.019447469529155,95.13726202829298,0
3,0.9,1,nuts,False,True,,20.199032561800564,3.5535648532235378,13.140687968240124,16.251343300971435,0.0125,0.0875,1.0063413345754413,176.57418916371222,0
3,0.9,2,nuts_refined_fast,True,False,failed_sampler_diagnostics,15.7690717870875,3.8464063562464106,15.260566061505383,12.555767550491373,0.0625,0.15,1.3456223903025706,15.276161438871032,0
3,0.9,3,nuts,False,True,,21.107837718619432,3.3427964547399327,11.758002523834083,16.51766489088318,0.025,0.1125,1.0166532238309698,100.61992681267837,0
3,0.9,4,nuts,False,False,failed_sampler_diagnostics,18.355903385545922,4.0593215134347505,16.933523877951757,14.614112918693811,0.0375,0.0875,1.0150692887049737,68.62893195189741,0
3,0.9,5,nuts,False,False,failed_sampler_diagnostics,19.692769190413053,3.725550172409099,14.334235499004716,15.03413949337289,0.15,0.225,1.0285964357210002,95.3317804136076,0
3,1.0,1,nuts,False,True,,20.185428122900674,3.571900570260355,13.298624207680508,16.189254284130186,0.0125,0.0875,1.0190581831708119,112.69371828307318,0
3,1.0,2,nuts,False,False,failed_sampler_diagnostics,19.266629477439405,3.4257175053001703,12.296802755100172,14.999833141605915,0.0625,0.2375,1.013898788251417,88.63701355734082,0
3,1.0,3,nuts,False,True,,17.59387171507206,3.873917963039357,15.471822940168204,13.189267517072613,0.1,0.2625,1.0115183176760836,169.92111960011974,0
3,1.0,4,nuts,False,True,,19.384889438099737,4.0885311176544175,17.14793340422351,15.084422184461022,0.0625,0.1375,1.014784214758695,105.13812688229117,0
3,1.0,5,nuts,False,False,failed_sampler_diagnostics,20.890930039212876,3.9128106546493937,15.65752597293562,15.557008403286455,0.1,0.3,1.037660355678798,81.52312847816548,0
4,0.04,1,nuts,False,True,,21.812949750139026,3.8404945062813134,15.06296260659417,16.24716523897093,0.025,0.225,1.0128524172097453,213.2531358100791,0
4,0.04,2,nuts,False,True,,20.220302926397935,3.8917080074361268,15.60200519253409,16.4383541262875,0.05,0.125,1.0130965307167032,185.1004505453818,0
4,0.04,3,nuts,False,True,,21.251645880073355,3.731667635074378,14.318001221486758,15.994597513850447,0.025,0.2375,1.0277988712009558,112.33170299568475,0
4,0.04,4,nuts,False,True,,18.50425650850166,4.046963819618741,16.827292687657838,13.802213892851146,0.1125,0.3,1.0342679383441937,101.86401684685305,0
4,0.04,5,nuts,False,True,,21.23611295373723,3.8842761257153358,15.585793210003501,14.424838604902224,0.1875,0.3375,1.0085766564621799,160.53663710485097,0
4,0.063,1,nuts,False,True,,21.543818671066383,4.44062827028119,19.965643389399425,15.808106226020152,0.0875,0.225,1.0184887824655764,129.5914745284059,0
4,0.063,2,nuts,False,False,failed_sampler_diagnostics,21.334307207907237,3.780185772172466,14.709596087072082,16.342967084798044,0.0125,0.1625,1.0481362885934615,94.54241297433617,0
4,0.063,3,nuts,False,True,,20.60517648616157,3.9428097029411275,15.954795615312417,16.07152172440549,0.025,0.1875,1.0116377013986697,172.33286991332406,0
4,0.063,4,nuts,False,True,,20.724541357705707,3.8896016087784964,15.504550343527953,15.552526576880359,0.1,0.2625,1.0045452488973445,142.78601460878812,0
4,0.063,5,nuts,True,True,,20.537887982766442,3.7322803130887854,14.403783871791664,15.614614841356905,0.1125,0.15,1.0081312221233338,365.30122696861787,0
4,0.1,1,nuts,False,True,,21.232354095499733,3.868283671053072,15.314900280064284,15.753669374131928,0.075,0.2,1.0115805012307575,296.7372636444928,0
4,0.1,2,nuts,False,False,failed_sampler_diagnostics,20.64262990368859,3.8087923814441282,15.007587551570714,15.77061693826443,0.1125,0.275,1.0266020890130554,89.89087186712548,0
4,0.1,3,nuts,False,False,failed_sampler_diagnostics,17.69195091577868,4.020824003474883,16.53827868192921,12.78777351670107,0.1875,0.3125,1.0128524995486277,93.35349608226889,0
4,0.1,4,nuts,False,True,,20.94147916501535,3.8410889366236547,15.111686214974577,16.166142469371568,0.0375,0.1375,1.0089531144128103,108.54238119070463,0
4,0.1,5,nuts,False,True,,21.472353393022676,4.169583495476083,17.696983759014042,16.01086439505873,0.0625,0.175,1.0045665051337596,227.79068266769295,0
4,0.16,1,nuts_refined_fast,False,True,,21.442869934363106,3.8893698734302817,15.465700892364094,15.870802108037577,0.05,0.175,1.0094834467860354,358.56423106271154,0
4,0.16,2,nuts,False,True,,20.26921462960452,3.1422743321220126,10.372566623746376,16.726435243915823,0.0375,0.0625,1.0186004679894736,125.6382392628116,0
4,0.16,3,nuts,False,True,,17.650622911450764,4.013807689896728,16.4740647294284,13.17204814020769,0.1125,0.275,1.0092514108643118,106.79057666662132,0
4,0.16,4,nuts,False,True,,21.459612073291524,3.2805204815209037,11.270981226001043,16.641748959959955,0.0125,0.1875,1.0098113212133704,164.12678777554044,0
4,0.16,5,nuts,False,False,failed_sampler_diagnostics,19.478427459437494,3.400273565636026,12.135255460202057,16.58251055543817,0.0125,0.025,1.0217611172181897,82.37726396516729,0
4,0.25,1,nuts,False,True,,20.627303965330647,4.034150967002582,16.676116627125044,15.38472303269512,0.0625,0.175,1.0136494809681793,180.6037684797182,0
4,0.25,2,nuts,False,False,failed_sampler_diagnostics,20.728757866547024,3.8928801540030014,15.606094387522688,15.884207208286943,0.05,0.175,1.0292192195002292,97.16505114077145,0
4,0.25,3,nuts,False,False,failed_sampler_diagnostics,20.617263005029717,3.8003642031609637,14.840495702588209,16.09629985025533,0.0125,0.175,1.0221523996874964,84.22997492126422,0
4,0.25,4,nuts,False,False,failed_sampler_diagnostics,20.803670435248783,3.6764829417182683,13.98065046003229,16.056384289072,0.025,0.175,1.009480206365223,91.00594815656507,0
4,0.25,5,nuts,False,False,failed_sampler_diagnostics,21.55667791013661,3.5411339096244356,12.947104043940687,16.20201118348055,0.075,0.175,1.0108578665872567,80.46280183282641,0
4,0.4,1,nuts,False,True,,19.92605779373954,3.9733651831746153,16.206550596476834,15.110465896189023,0.05,0.15,1.003851755475004,163.3852224506962,0
4,0.4,2,nuts,False,True,,21.797211155325503,3.330933782804705,11.631017004130712,16.506696311607566,0.075,0.225,1.007117820001484,150.61955347162484,0
4,0.4,3,nuts,False,True,,21.873424841337982,3.0818868832441653,10.102451090814347,16.847369551003776,0.0125,0.1,1.0366780012508319,102.60417047947006,0
4,0.4,4,nuts,False,True,,18.33677022915596,3.3572188077122034,11.90721396308457,14.200958465388164,0.225,0.25,1.0176241999188433,136.36974279397614,0
4,0.4,5,nuts,False,True,,20.883136878297464,3.5944869641987203,13.284455641153752,15.95022717586138,0.1,0.175,1.0151236527583176,102.1134785904898,0
4,0.6,1,nuts,False,True,,19.41972184773354,4.081297752021446,17.05667724917305,14.924597091662287,0.05,0.125,1.0068221998303448,134.82796050195685,0
4,0.6,2,nuts,False,True,,21.41940450210715,3.6466542000608584,13.79265883896836,16.231732247200863,0.0625,0.2375,1.0225613473194206,100.70596115465005,0
4,0.6,3,nuts_refined_fast,False,False,failed_sampler_diagnostics,15.955714150098352,3.3374142632073687,11.608927652019492,12.334994397212093,0.05,0.1125,1.0649425981194525,76.7215500219707,0
4,0.6,4,nuts,False,True,,19.734515594855512,3.5454868073523516,13.036813272420574,15.401873591199333,0.0625,0.125,1.0049661365845244,165.3159029514588,0
4,0.6,5,nuts,False,True,,18.416041113916684,3.3634516129755347,11.96366931374489,14.2040591349848,0.175,0.2625,1.02870400209742,123.95849290988089,0
4,0.8,1,nuts,False,True,,19.294912031788332,3.780559997384458,14.735358629709685,14.980939795428222,0.0625,0.125,1.0069159902599814,120.7689650274103,0
4,0.8,2,nuts,False,False,failed_sampler_diagnostics,17.289198898043303,3.975069533891225,16.23881898124987,13.29185372437927,0.1375,0.2375,1.0320038022014235,38.032398272331186,0
4,0.8,3,nuts,False,False,failed_sampler_diagnostics,21.11258901201894,3.559166558075776,13.212615039770487,16.51094918014595,0.075,0.1625,1.0135016139968887,77.24806882569305,0
4,0.8,4,nuts,False,True,,19.469421360876282,3.826324056224004,14.980005984156492,15.737938979886787,0.05,0.0875,1.0202934205437877,129.94274833813947,0
4,0.8,5,nuts,False,True,,20.447099013875395,3.1460672847023523,10.610490552714035,16.39590074436007,0.0625,0.175,1.0238160192844479,110.8996429307916,0
4,0.9,1,nuts,False,True,,19.147887304694876,3.908037460930727,15.704165444505417,14.901859160042312,0.0625,0.15,1.0179156886234877,160.28301574960608,0
4,0.9,2,nuts,False,False,failed_sampler_diagnostics,19.00834417549462,3.4526426143554945,12.566467223906232,14.96952473953433,0.1375,0.2375,1.0185560992479197,73.25695695458147,0
4,0.9,3,nuts,False,False,failed_sampler_diagnostics,18.85029120041357,3.80807195815112,14.976445637556179,14.820290467443474,0.0875,0.125,1.0205970886941054,71.07508012236663,0
4,0.9,4,nuts_refined_fast,True,True,,19.34053163653461,3.6664643155813295,13.964271162271473,15.043500910897194,0.0875,0.1375,1.0267236858425084,109.76577529497503,0
4,0.9,5,nuts,False,True,,22.64543918507304,3.6194595265762834,13.464638752026753,16.686245290807012,0.0875,0.1375,1.0127498568996705,147.46064908944993,0
4,1.0,1,nuts,False,False,failed_sampler_diagnostics,19.08199910718106,3.961812656792857,16.135319700679407,14.85543263204085,0.0625,0.1375,1.0163730185064368,53.078350802302914,0
4,1.0,2,nuts,False,False,failed_sampler_diagnostics,20.13508695370745,3.1657239913918773,10.671745629316737,16.349793148457337,0.075,0.2,1.0157258512099339,81.48015945630104,0
4,1.0,3,nuts,False,False,failed_sampler_diagnostics,19.89068653727113,3.1512884213220405,10.552122326747984,15.831121040245568,0.1375,0.1625,1.0065775678045306,80.74398239160843,0
4,1.0,4,nuts,False,True,,19.940650951306985,3.4540170767499037,12.362909807372374,16.054498940933374,0.025,0.125,1.013770597124245,103.66026440247803,0
4,1.0,5,nuts,False,True,,21.918867546455658,3.8731932534932163,15.359405652077157,16.334789498227938,0.125,0.2,1.0184968586532654,171.21339473599468,0
6,0.04,1,nuts,False,True,,21.18725283770308,3.6827585716140163,13.84482792059456,16.00342397159162,0.025,0.275,1.0209751734823247,139.69961715801662,0
6,0.04,2,nuts,False,True,,20.255331275178886,3.84488826419924,15.174664912220512,16.73906871746746,0.05,0.1125,1.009268468917301,149.03049419723254,0
6,0.04,3,nuts,False,True,,20.196734441496496,3.5264221633273616,12.865926213884881,16.55580185947209,0.0125,0.1625,1.0061798147762782,272.7489373582623,0
6,0.04,4,nuts,False,True,,22.461751737365383,3.473218449081216,12.414472600186196,16.83626870848054,0.1,0.1375,1.0081525458294138,331.7106182614058,0
6,0.04,5,nuts,False,True,,20.166065834512064,4.019244198430512,16.569602382827433,16.899601295490513,0.0125,0.1,1.0033165453697381,134.88870931594704,0
6,0.063,1,nuts,False,True,,20.572698870818243,3.6840755327279298,13.870407761894734,15.739575347704,0.0375,0.2375,1.0124398019273386,133.4550000394184,0
6,0.063,2,nuts,False,True,,13.323907268433278,3.4925833310422107,12.57995659428702,10.07005700181823,0.1125,0.3,1.0212041057633394,111.6640769852174,0
6,0.063,3,nuts,False,True,,20.424259354887973,3.5615636482514406,13.051467788781007,16.221572581252566,0.0125,0.225,1.0173141313346679,157.00528877492687,0
6,0.063,4,nuts,False,False,failed_sampler_diagnostics,16.926369799396966,3.8331824889307873,14.97365657103922,12.48422612956339,0.175,0.25,1.0358264977975644,75.25507056782386,0
6,0.063,5,nuts,False,False,failed_sampler_diagnostics,17.627134160671833,3.651509602558522,13.84874290254831,13.385718049119145,0.15,0.225,1.0258999720758641,93.07864380825778,0
6,0.1,1,nuts,False,True,,20.055493871073256,3.681876356234639,13.895231474338038,15.517872595826073,0.075,0.275,1.0035701874012437,230.37849041993042,0
6,0.1,2,nuts,False,True,,21.78147779561912,4.158250449706209,17.781901243366686,17.41174636555129,0.0125,0.1125,1.0094243919608892,195.42317684650297,0
6,0.1,3,nuts,False,False,failed_sampler_diagnostics,17.70987303692731,3.672208969826383,13.862252024540044,13.180050379527922,0.1125,0.2375,1.0296098322621259,78.2487492679517,0
6,0.1,4,nuts,False,False,failed_sampler_diagnostics,17.010173184162408,3.4180629805291938,12.171021150314623,12.826638497947949,0.1375,0.2875,1.0108886484057091,96.83011253891812,0
6,0.1,5,nuts,False,False,failed_sampler_diagnostics,20.023781763162326,3.8813906591819984,15.512155746650288,16.59861430520648,0.0125,0.0625,1.0351277168789048,86.60102261824765,0
6,0.16,1,nuts,False,True,,20.72027246236988,3.6456778227301,13.555820152477713,15.996222901470343,0.0625,0.2125,1.0164636374675597,127.16578007408292,0
6,0.16,2,nuts,False,True,,18.848337034955765,3.782186305058498,14.713193583725857,14.639502366368419,0.0625,0.15,1.0156769969323813,103.41731307261466,0
6,0.16,3,nuts,False,False,failed_sampler_diagnostics,23.379175987343597,3.5089953781161953,12.765874386401862,14.890848180180182,0.1125,0.35,1.0160949411736222,96.8050286082615,0
6,0.16,4,nuts,False,True,,18.873884318197156,3.823904163283243,14.9931408072073,15.024846601337652,0.0375,0.1625,1.0045561759298545,256.12530701399703,0
6,0.16,5,nuts,False,True,,16.27431396889414,3.794343843281194,14.784587711635533,12.656706711125755,0.1,0.1625,1.024683522320848,137.3370926559492,0
6,0.25,1,nuts,False,True,,20.533347486920864,3.4903745018496517,12.494466448340109,15.870216947337122,0.125,0.2125,1.0232458011664782,100.37791192611138,0
6,0.25,2,nuts,False,False,failed_sampler_diagnostics,19.26898936310558,3.673743138681729,13.849950417506363,16.33155655223817,0.0125,0.05,1.0158216279363537,59.055580271999126,0
6,0.25,3,nuts,False,True,,20.152795215211142,3.281991725143618,11.36183724377876,15.675493770492977,0.2125,0.2125,1.0110709265382156,126.27854862690782,0
6,0.25,4,nuts,False,True,,20.820342954702333,3.7966934282695775,14.723622390568845,16.156593176540888,0.025,0.2,1.015552733841178,113.12586863691969,0
6,0.25,5,nuts,False,True,,19.484742087928208,4.010701132962376,16.49948502910545,16.585746194206685,0.0125,0.0375,1.0082585865830611,150.77404006748569,0
6,0.4,1,nuts,False,True,,20.161423493114636,3.6507842676903635,13.572598978763239,15.614064181706397,0.1375,0.2,1.0305681284371577,196.90657911378662,0
6,0.4,2,nuts,False,False,failed_sampler_diagnostics,20.264206044162794,3.0568087893042977,10.057535994577497,16.825752628714866,0.075,0.1625,1.100330140053033,15.070394295840291,0
6,0.4,3,nuts_refined_fast,False,True,,18.636472148940857,3.0285706878525813,9.719014680658734,13.629160336936684,0.2125,0.3375,1.0186718642518313,145.3721773326562,0
6,0.4,4,nuts,False,False,failed_sampler_diagnostics,19.92828987585805,3.317868187857072,11.500451357765407,16.143157206453377,0.075,0.1375,1.0132528346212832,76.54792813587548,0
6,0.4,5,nuts,False,True,,18.344034478282065,3.721195779405851,14.261320989735935,12.498642016754212,0.0875,0.2875,1.046517950943694,101.80679735569461,0
6,0.6,1,nuts,False,True,,20.000743794346857,3.3704869328473466,11.626663256510707,15.605363699513608,0.1375,0.1875,1.0404790766179755,138.57995125960718,0
6,0.6,2,nuts,False,True,,11.177884984719539,3.2419723073903994,10.980335559431404,8.621314493537332,0.1125,0.3375,1.0361015233447626,102.73250596267418,0
6,0.6,3,nuts,False,True,,18.727377332664418,3.6084132972684175,13.373794240606959,12.383729430956487,0.2,0.375,1.0195198616180372,145.9684910383346,0
6,0.6,4,nuts_refined_fast,False,True,,19.1767694869899,2.832226964776751,8.614355760787605,16.77021927216321,0.0375,0.075,1.031574635493589,101.26360327755721,0
6,0.6,5,nuts,False,False,failed_sampler_diagnostics,13.236741989641176,3.566976820207722,13.19047020381181,9.37873581361726,0.2375,0.2875,1.0105829240409416,64.3343995610802,0
6,0.8,1,nuts,False,True,,19.91947543249249,3.2716986057527597,10.95385212613466,15.556460411084753,0.15,0.1875,1.0108125875650908,112.44275582379342,0
6,0.8,2,nuts,False,False,failed_sampler_diagnostics,11.770643958111641,3.5334168170346048,12.763264165658004,8.790327799429564,0.1625,0.35,1.032467323699524,45.074362800269206,0
6,0.8,3,nuts,False,False,failed_sampler_diagnostics,20.32822265145101,3.557678701589532,13.053165952641859,15.870401361530742,0.125,0.15,1.0343619984016188,79.13324959949777,0
6,0.8,4,nuts,False,True,,15.94559832630088,3.7034130630892887,14.112868271085897,12.48889183424036,0.0625,0.1375,1.0210087856088053,123.35555746347339,0
6,0.8,5,nuts,False,False,failed_sampler_diagnostics,18.5950269804775,1.5232453118303262,3.283817380619092,13.425493233627197,0.025,0.0625,1.0218360982645618,57.99695882717854,0
6,0.9,1,nuts,False,True,,19.957321771038934,3.2362409548953686,10.75612090524248,15.567074464895958,0.1625,0.1875,1.033851632213367,143.28185926048718,0
6,0.9,2,nuts,True,False,failed_sampler_diagnostics,15.35009369030538,3.557184091231446,13.196569810734633,12.235585306286334,0.075,0.15,1.005058401705915,82.81091677117644,0
6,0.9,3,nuts,False,False,failed_sampler_diagnostics,20.57628674594619,2.936944146526709,9.330375429880451,16.519106344041425,0.075,0.2125,1.0227654580094765,65.92027833700426,0
6,0.9,4,nuts,False,False,failed_sampler_diagnostics,20.754284987900906,3.326407303038896,11.499120584981437,16.216557031339402,0.0875,0.175,1.0281975363369296,95.7506798524464,0
6,0.9,5,nuts,False,False,failed_sampler_diagnostics,18.316200546906995,3.4257950337836425,12.056227947195147,14.882884615426098,0.05,0.1125,1.0333861274958354,70.1861098267452,0
6,1.0,1,nuts,False,False,failed_sampler_diagnostics,19.80068050400886,3.108807242314895,9.955786768249927,15.505219466798351,0.1625,0.1875,1.0312088850256536,88.34400933026328,0
6,1.0,2,nuts_refined_fast,False,True,,21.220131672529664,2.903980806039005,9.009002766748358,16.92356717847489,0.0875,0.1875,1.0118868718045417,247.1658688576122,0
6,1.0,3,nuts,False,False,failed_sampler_diagnostics,18.23767197604438,3.3552446152878472,11.725918089950799,14.636935368614122,0.075,0.125,1.0197546218615061,51.168695765080365,0
6,1.0,4,nuts,False,False,failed_sampler_diagnostics,17.983119269952855,3.8990187452659257,15.559835182293995,13.59181205397294,0.0625,0.25,1.0087042736300627,74.11924825346202,0
6,1.0,5,nuts,False,True,,13.918753470189413,1.6208534583386107,3.6174151286806167,11.738867376426544,0.05,0.0625,1.0121504025563213,168.74733275889338,0
8,0.04,1,nuts,False,False,failed_sampler_diagnostics,13.230677919202828,3.6237670459503546,13.298767770328146,9.864815983066014,0.1875,0.3,1.0463904869055962,70.04969254691244,0
8,0.04,2,nuts,False,True,,19.615987286874642,3.525621201164711,12.771295497014336,15.995245539715725,0.1375,0.1875,1.0421605871404913,108.94748160736923,0
8,0.04,3,nuts_refined_fast,False,False,failed_sampler_diagnostics,20.622774771804522,3.5634674409886458,13.030686330172955,16.908172562075272,0.0625,0.125,1.0505003364242556,149.37714047530156,0
8,0.04,4,nuts,False,False,failed_sampler_diagnostics,16.85511348870798,2.0659335014503633,5.152851027216224,12.23005834764117,0.0125,0.075,1.0192667320133793,80.27085084009553,0
8,0.04,5,nuts,False,True,,19.42813795791101,2.940566621210661,9.143302640655424,16.23720810306478,0.0125,0.1,1.0030701953473649,212.18754324561544,0
8,0.063,1,nuts,False,True,,13.006630348002275,3.478882811926064,12.257693733417385,9.622100549203742,0.2375,0.3125,1.0183980437370268,113.81648292330019,0
8,0.063,2,nuts,False,True,,20.857090128651635,3.633230733939682,13.549101982377522,16.288346181692333,0.025,0.2,1.01861564705155,112.16528213916,0
8,0.063,3,nuts,False,False,failed_sampler_diagnostics,20.13790663895805,3.0680352194323883,9.881371927484278,16.356553501469136,0.0125,0.1875,1.018701759609401,82.58265273411101,0
8,0.063,4,nuts,False,True,,19.733997888791908,3.8559658066867626,15.269020472750867,16.723034139224346,0.0125,0.075,1.007374058168881,118.66740297893013,0
8,0.063,5,nuts,False,True,,13.027490875119115,3.8118534014027956,14.789100497489974,9.714099880098793,0.175,0.325,1.0130113486795005,111.83303432635587,0
8,0.1,1,nuts,False,True,,12.215617450460748,3.2087828884129053,10.4100165568352,9.151609969985966,0.225,0.2875,1.0139632150279592,125.61668649360175,0
8,0.1,2,nuts,False,True,,20.21309525279592,3.101220583130283,9.997806129083973,16.64262702249494,0.0125,0.1625,1.008556988650329,138.79009045471548,0
8,0.1,3,nuts,False,False,failed_sampler_diagnostics,16.418734998879145,3.7765382539720784,14.490158524736671,12.874051561285285,0.0625,0.125,1.0214862778224445,93.46285908676501,0
8,0.1,4,nuts,False,True,,20.20301409095844,3.497694689159226,12.551950446958339,17.078986467618712,0.0125,0.0625,1.0306446353060388,121.0057929282546,0
8,0.1,5,nuts,False,True,,20.405671774201387,3.4089797745262116,11.938505806342661,15.303038003150002,0.05,0.225,1.0087273821306113,168.93565405964142,0
8,0.16,1,nuts,False,False,failed_sampler_diagnostics,11.748440804844273,3.1573322205494394,10.071192735753382,9.178150156728787,0.075,0.2375,1.0345871298357534,39.880357512131575,0
8,0.16,2,nuts,False,False,failed_sampler_diagnostics,20.48889650055728,2.872237370331954,8.528751858863615,17.036049024977565,0.0375,0.075,1.0186590998529161,92.89613956103788,0
8,0.16,3,nuts,False,True,,10.198293289934915,3.343173842445187,11.573060288173721,7.528652837838732,0.1625,0.3625,1.0098101459618591,199.01091919735794,0
8,0.16,4,nuts,False,False,failed_sampler_diagnostics,22.831902928458558,3.06129796256107,9.821214694261162,15.829535953944134,0.2,0.3625,1.0313276334215815,93.23058275942438,0
8,0.16,5,nuts,False,False,failed_sampler_diagnostics,13.510491951018134,3.66439183435577,13.667708896523084,10.103171551948583,0.225,0.2875,1.0147316659933765,61.39959082444245,0
8,0.25,1,nuts,False,True,,11.880198350869474,1.4163093876827246,2.277324657006214,9.740410957691427,0.05,0.0625,1.02015132357376,115.20850319075544,0
8,0.25,2,nuts,False,True,,11.001968854205543,1.5112799540930304,3.5892391542817306,8.17255033677436,0.025,0.05,1.002984297117819,223.47571126285246,0
8,0.25,3,nuts,True,True,,10.431902242372637,1.2117036578366074,3.5403219998326643,6.189046228564007,0.025,0.0375,1.001486781192696,942.5138958573536,0
8,0.25,4,nuts,False,True,,17.49153058988613,3.801535511809579,14.834853279225786,13.745430702881142,0.1,0.1625,1.0156320628923199,133.04362650468377,0
8,0.25,5,nuts,False,True,,17.553784311353045,3.6895041463218745,13.954585692505493,13.634445136289187,0.05,0.275,1.0168154171902448,126.3295339504599,0
8,0.4,1,nuts,False,False,failed_sampler_diagnostics,12.097348121410656,1.3707648507995103,2.114191388122967,10.136681357965962,0.025,0.0625,1.0372389449399704,79.08184628794254,0
8,0.4,2,nuts,False,False,failed_sampler_diagnostics,19.827902084382995,2.948985211653119,9.025311087564393,16.29167964009232,0.05,0.1,1.055360882905232,55.0454792133984,0
8,0.4,3,nuts,False,True,,18.417673435077596,2.9519057555302357,9.191554664816827,13.277433556023137,0.3,0.3375,1.01464377522273,118.52601653635915,0
8,0.4,4,nuts,False,False,failed_sampler_diagnostics,18.092354640190372,3.4410822964748875,12.039613670052898,13.04323378332695,0.05,0.2,1.0127800307754151,74.63434878641132,0
8,0.4,5,nuts,False,False,failed_sampler_diagnostics,10.287433643441378,2.977889202526446,9.147143934060775,7.7890163472377765,0.125,0.275,1.0384390296980253,54.93841550829756,0
8,0.6,1,nuts,False,False,failed_sampler_diagnostics,11.265260139252124,1.1727726767496711,1.6168284470892822,9.289124953331445,0.0,0.075,1.0223034001863984,92.81478763407777,0
8,0.6,2,nuts,False,True,,12.675042340646872,1.6339417212617247,3.6578538288579665,10.585281098710729,0.05,0.075,1.006256687954624,120.6741198326551,0
8,0.6,3,nuts_refined_fast,False,True,,19.691357488115866,3.6498331461434894,13.662518574149056,13.40827532528444,0.225,0.2875,1.03579809842531,113.01319254434723,0
8,0.6,4,nuts,False,False,failed_sampler_diagnostics,15.218265901891533,1.4681438570697023,2.814823970762125,12.086899271124523,0.0375,0.0375,1.0128214441518715,69.51878485771375,0
8,0.6,5,nuts_refined_fast,False,False,failed_sampler_diagnostics,19.763272645956047,2.797873146373073,8.32453642665119,16.463789200802513,0.075,0.1125,1.0770716553406563,110.63692798236774,0
8,0.8,1,nuts,False,True,,11.102268663781654,1.1144861991150588,1.4882933608737263,9.255819881431368,0.0625,0.1125,1.010988197126911,114.98045574144949,0
8,0.8,2,nuts,False,False,failed_sampler_diagnostics,12.985193558317194,3.285253538900143,11.05524746079622,10.177742352325344,0.1,0.2125,1.039509413761067,39.25016177836382,0
8,0.8,3,nuts,False,True,,15.582717805335909,1.3405579772607417,3.4344311931232596,10.877952141804816,0.0,0.0625,1.0060813701563809,137.17877972150058,0
8,0.8,4,nuts,False,False,failed_sampler_diagnostics,19.55992806615628,2.618607317567229,7.4043134634372665,16.636971641862644,0.0125,0.025,1.0398815294573032,73.92009199242139,0
8,0.8,5,nuts,False,False,failed_sampler_diagnostics,10.316213553700344,1.4321096049275137,2.8445820053206416,9.013606790797981,0.0875,0.125,1.0272820782903238,85.175866526919,0
8,0.9,1,nuts,False,True,,10.871659156747375,1.1283636893277869,1.535988223989721,9.063163677639965,0.075,0.125,1.0210260445547328,150.91715608268993,0
8,0.9,2,nuts,False,False,failed_sampler_diagnostics,19.474351203575885,4.4087541750048445,19.900879640950098,16.599672868645726,0.0125,0.075,1.0164094341994605,51.82695532225128,0
8,0.9,3,nuts,False,True,,12.02386292583926,3.3198106506688148,11.176665527224008,8.89011132423877,0.225,0.325,1.0217493327506024,108.4312499061182,0
8,0.9,4,nuts,False,False,failed_sampler_diagnostics,11.510053398379906,3.058875736144755,9.516432681562218,8.798323964298897,0.1,0.375,1.0244695070621392,56.62223626864379,0
8,0.9,5,nuts,True,True,,5.467218577446622,0.9789670678821445,2.631924214622037,4.45963490591182,0.075,0.1625,1.015982644464105,285.23453435405855,0
8,1.0,1,nuts,False,True,,10.927276936278185,1.1046611251583487,1.4833881467090468,9.142123302292859,0.0625,0.125,1.0093708215294461,159.8808037676686,0
8,1.0,2,nuts,False,False,failed_sampler_diagnostics,19.76364359302211,2.46001858333542,6.457583417802321,16.84205297343906,0.0125,0.05,1.0252538002597233,86.84068906544302,0
8,1.0,3,nuts,False,False,failed_sampler_diagnostics,12.066678839321883,2.8856549522909627,8.630682791298245,9.462149147770385,0.0375,0.075,1.0312782423829205,99.49785986468848,0
8,1.0,4,nuts_refined_fast,False,True,,14.247609726502874,3.488855408940046,12.43427914206416,11.551496675367654,0.0875,0.1875,1.018169683026284,145.19379640861104,0
8,1.0,5,nuts,False,True,,15.359553516571792,3.494071280865215,12.64013844472834,11.873496059222097,0.15,0.175,1.0098516450260082,103.25994825115794,0
10,0.04,1,nuts,False,True,,20.0064478182497,2.058211023135434,4.410263489164853,17.41464419659135,0.075,0.1125,1.0197312529039848,151.50656107450254,0
10,0.04,2,nuts,False,True,,20.584046073866187,3.4611624302999915,12.295589611982304,14.055649954068773,0.1125,0.3125,1.0148861626042807,116.28730687027388,0
10,0.04,3,nuts,False,True,,15.942451356777354,3.5596611561807356,12.894155054353343,11.205059480634464,0.225,0.3625,1.004041514221596,140.40273189692076,0
10,0.04,4,nuts,False,False,failed_sampler_diagnostics,13.130878561565408,3.545626930940236,12.77627845294132,8.86322495924677,0.2375,0.325,1.0126505700011001,91.89764493537807,0
10,0.04,5,nuts,False,True,,19.67517391470217,2.9917779318384143,9.214458012840073,15.219997737327532,0.0625,0.15,1.0191016141413665,101.7659608084274,0
10,0.063,1,nuts,False,True,,19.268016821615813,1.542383674595182,2.5328544032878044,16.466980830022305,0.0875,0.1125,1.0299635862270158,110.6743362893884,0
10,0.063,2,nuts,False,False,failed_sampler_diagnostics,19.7277680235164,3.362571512529809,11.755884342567612,16.59734760786821,0.05,0.1,1.070149464605203,34.68871219458809,0
10,0.063,3,nuts,True,True,,4.550531867141918,0.9545169201727635,1.5620541528049081,3.464212303293172,0.1,0.2375,1.0168076592773254,250.96904671566435,0
10,0.063,4,nuts,False,False,failed_sampler_diagnostics,16.457058591807744,1.2627541044108093,2.8768174593778575,11.285703493366206,0.025,0.0375,1.0400290755880182,92.28364954450831,0
10,0.063,5,nuts,False,False,failed_sampler_diagnostics,17.416311150925594,3.692451437568613,13.82800943976578,11.9734314459361,0.325,0.4,1.008476044804996,78.97658939591624,0
10,0.1,1,nuts,False,True,,19.039501729366062,1.237913134782589,1.6760865620013838,15.576140487653007,0.0375,0.075,1.025742496336385,146.788257834573,0
10,0.1,2,nuts,False,True,,5.699748333234383,1.2212178407881549,2.9263979754148965,4.344275369949388,0.0625,0.1625,1.0218334336869705,279.68270110525674,0
10,0.1,3,nuts_refined_fast,False,True,,13.434367286166161,3.529461682211675,12.643631729495885,10.142893358814437,0.1125,0.2875,1.0299153691992267,182.71435177159745,0
10,0.1,4,nuts,False,True,,20.11652184856942,3.1504972470362134,10.244532091148553,17.6656604864042,0.025,0.05,1.0157205583420497,105.07659876360732,0
10,0.1,5,nuts,False,True,,13.802361389189468,1.2034715932099556,2.5305185711293112,9.868327729546445,0.0125,0.0625,1.011824746823221,105.93945047493467,0
10,0.16,1,nuts,False,True,,19.057008811085836,1.1522080836332331,1.4308720770348156,14.484495874276547,0.0125,0.0375,1.0309329529334033,173.2835162334374,0
10,0.16,2,nuts,False,True,,19.824095060138657,1.6127936393610667,3.4542697684892496,13.097077277315943,0.025,0.1625,1.0308485850873994,157.7105457452319,0
10,0.16,3,nuts_refined_fast,False,False,failed_sampler_diagnostics,13.09768781579657,3.262073153262675,10.727586263934443,9.052188335586802,0.0625,0.1625,1.0612015855905785,66.58256873589387,0
10,0.16,4,nuts,False,True,,10.57013722641613,3.212243853054166,10.51129503454539,5.897486058990399,0.2125,0.4625,1.0118509938491895,100.53628850056914,0
10,0.16,5,nuts,False,True,,13.573755703589946,3.2314191220980404,10.651462175812181,11.19971490486888,0.0625,0.1,1.0114877597307863,114.60441479243053,0
10,0.25,1,nuts,False,True,,15.843682679291637,0.6975303699209487,0.6570059635852982,11.90298953048089,0.025,0.0625,1.0094575638174255,198.79129056046645,0
10,0.25,2,nuts,False,False,failed_sampler_diagnostics,20.395882910440346,3.192621183191858,10.496931210648281,17.133294947651486,0.0625,0.1125,1.0295546958460888,60.55904045922208,0
10,0.25,3,nuts,False,False,failed_sampler_diagnostics,13.8176941935628,3.0280246652309692,9.524470082408623,11.062345740738872,0.075,0.15,1.0303472302965575,56.057897591200295,0
10,0.25,4,nuts,False,False,failed_sampler_diagnostics,24.92122940220136,3.578458970923324,13.286978305165189,16.1906480610468,0.1875,0.5375,1.0182949284513458,72.89916227950296,0
10,0.25,5,nuts,True,False,failed_sampler_diagnostics,12.748676373403491,3.3323665501398994,11.379810051728379,8.92308457278956,0.0375,0.1,1.0048407727360047,47.463250937375136,0
10,0.4,1,nuts,False,True,,14.43875874631488,0.5886971437336262,0.46249361086348806,11.226318136640716,0.0,0.0125,1.0119948533373622,107.45591196798401,0
10,0.4,2,nuts,False,False,failed_sampler_diagnostics,19.15404550834785,2.890297458470655,8.683584265858837,16.05866573708562,0.05,0.075,1.0265198282089472,68.12686470877826,0
10,0.4,3,nuts,False,False,failed_sampler_diagnostics,21.052068352083825,2.7625603905487988,7.8540992970027075,16.942590650857017,0.0625,0.15,1.0458379425344915,89.30523633756516,0
10,0.4,4,nuts,False,True,,9.676601116732728,1.3325871308419999,2.35359818070064,7.738141883914457,0.025,0.0375,1.021050602168769,110.47023448276035,0
10,0.4,5,nuts,False,False,failed_sampler_diagnostics,22.46923408683644,3.711077904886205,14.250562873571898,18.601057451774217,0.05,0.1,1.0417766259704528,34.584077850488626,0
10,0.6,1,nuts,False,False,failed_sampler_diagnostics,12.295153833478922,0.49041767027289024,0.3382087880857533,9.611047937270929,0.0125,0.0375,1.0109779286099616,95.86611676232167,0
10,0.6,2,nuts_refined_fast,False,True,,14.032905981868716,3.27044878097486,11.026552675414816,11.027517386884593,0.05,0.1125,1.0330032935545674,146.84215924451772,0
10,0.6,3,nuts,False,False,failed_sampler_diagnostics,11.800679212030346,3.2306527095770528,10.75990386287793,8.377637861736419,0.075,0.3125,1.046978128396948,67.75916630263623,0
10,0.6,4,nuts,False,True,,10.576417071297968,3.5565183349273197,12.840321006057366,6.5019200687705565,0.4625,0.5,1.0146218700652205,140.0994572135865,0
10,0.6,5,nuts,False,False,failed_sampler_diagnostics,16.373623509911504,3.3895260923863306,11.742638223762153,13.228709718982861,0.05,0.1,1.0512578017684528,43.16914277188398,0
10,0.8,1,nuts,True,True,,12.304145022124795,0.4461830544795979,0.3128231145843372,9.584222120404053,0.025,0.025,1.0113356339165938,103.08140380528587,0
10,0.8,2,nuts,False,False,failed_sampler_diagnostics,12.661005124948275,3.337356264743981,11.303696813932058,9.507152421264701,0.125,0.425,1.0326115914357805,42.45815727897585,0
10,0.8,3,nuts,False,False,failed_sampler_diagnostics,20.93757648374039,2.5352466408698637,6.792996704160087,17.596010851623657,0.0375,0.0875,1.0374400639246508,73.48409844283162,0
10,0.8,4,nuts,False,False,failed_sampler_diagnostics,13.62465558547392,3.292682874532054,10.965610504472332,11.374146274574844,0.075,0.075,1.0126894645480358,89.44260615878446,0
10,0.8,5,nuts_refined_fast,False,True,,10.219025432433513,2.8961762975930854,8.698514346902684,7.848648914173436,0.1875,0.275,1.0147386294220122,196.89462707301607,0
10,0.9,1,nuts,True,True,,11.732418558936686,0.47336661890126397,0.35624359402500905,9.074102128586478,0.0,0.025,1.0089102362436153,181.74835486456246,0
10,0.9,2,nuts,False,False,failed_sampler_diagnostics,8.367459524391506,1.3545076580727682,2.283042731957607,7.064874791380636,0.05,0.1375,1.0294972711985468,53.1045245978491,0
10,0.9,3,nuts,False,False,failed_sampler_diagnostics,15.502736200792738,0.7841101298312221,0.6950537905452692,12.026959995167378,0.0375,0.05,1.0247120243317265,93.3741149923054,0
10,0.9,4,nuts,False,False,failed_sampler_diagnostics,17.151682318464932,1.297862544662326,1.8958063052050904,12.100317491666729,0.025,0.05,1.0240708217663799,40.56323170852389,0
10,0.9,5,nuts,False,False,failed_sampler_diagnostics,12.108461408050092,3.041240478171515,9.460298432509457,9.203060151816334,0.075,0.325,1.0165682280309014,78.59830291328575,0
10,1.0,1,nuts,True,True,,11.7186084052852,0.44499815124227904,0.3051410468503766,9.050369514476369,0.0,0.0,1.0234397232030257,167.99095411418662,0
10,1.0,2,nuts,False,True,,15.013088879662726,0.727786368328731,0.9846262323873012,9.798370453776439,0.0125,0.0125,1.0193926348449833,102.92620420707401,0
10,1.0,3,nuts,False,False,failed_sampler_diagnostics,20.039950251586795,2.8592598317587656,8.533924372103709,13.264459932748142,0.2375,0.3875,1.0232780696781076,66.2743972183453,0
10,1.0,4,nuts,False,False,failed_sampler_diagnostics,17.39829622203921,1.3191762762727934,2.316093703861417,11.929486275274114,0.025,0.075,1.0653997974441989,61.15837712139424,0
10,1.0,5,nuts,False,False,failed_sampler_diagnostics,8.888975331187748,1.1788087791966262,1.979588390786602,7.799852737828178,0.0125,0.05,1.0256409953807908,71.11584466762409,0
13,0.04,1,nuts,False,True,,9.59929276368675,0.7437025961355087,0.7075095322491168,7.389360330748081,0.0125,0.05,1.0061880147798368,189.9966141692049,0
13,0.04,2,nuts,False,False,failed_sampler_diagnostics,14.823644471201293,3.070696847196201,9.626844341177923,11.589333593968751,0.0,0.2875,1.009190659918183,70.3741535746081,0
13,0.04,3,nuts,False,True,,12.40827434545624,3.311830242407757,11.182869625365267,9.536632428369089,0.1375,0.25,1.0111761283452863,212.23010147056203,0
13,0.04,4,nuts,False,False,failed_sampler_diagnostics,18.722756771069193,0.9974452010202459,1.5710442773415925,13.568351327888951,0.05,0.1,1.0175224699842589,76.56939881568566,0
13,0.04,5,nuts,False,True,,22.4216231231306,3.6469555657577133,13.64007250295015,19.104876807512802,0.0125,0.025,1.017043851292681,156.27607459478708,0
13,0.063,1,nuts,True,True,,5.576857452781685,0.5834912493489213,0.46611410473849785,4.21581039727567,0.0625,0.1125,1.0235686288121322,105.43377841897154,0
13,0.063,2,nuts,False,True,,13.351040562149066,3.0915722376711665,9.659876234568301,10.740808250157198,0.1,0.15,1.016531323911898,103.85571568052097,0
13,0.063,3,nuts,False,True,,7.850252376576712,1.285718164126966,2.1121890303668867,6.394937079116121,0.0875,0.1,1.0115817655037511,116.52514260262228,0
13,0.063,4,nuts_refined_fast,False,True,,15.489163420828753,0.9851484110935657,1.5711859967576272,10.46437429031882,0.1,0.15,1.011174249894908,213.95173724372202,0
13,0.063,5,nuts,False,False,failed_sampler_diagnostics,17.069074063173794,2.9131819672011736,8.567242755108513,13.861169376762865,0.05,0.0625,1.0139280085523745,87.47020625937769,0
13,0.1,1,nuts,True,True,,3.520467462843059,0.4564206410716283,0.2947299216366527,2.762116278954374,0.0375,0.0875,1.0100206848105637,200.30748509493225,0
13,0.1,2,nuts,True,True,,13.983824170850943,0.5433356630605765,0.41783442199631937,10.07048356073505,0.0625,0.1,1.0117193772660613,147.3254619137085,0
13,0.1,3,nuts,False,True,,4.629498031830537,0.5750197787428828,0.434769275712533,3.464107016563246,0.0875,0.1625,1.0226194400996063,222.15640669362773,0
13,0.1,4,nuts,False,False,failed_sampler_diagnostics,13.51031772004791,3.003966723913213,9.24601991002656,9.812061516500503,0.1125,0.225,1.0235551705698076,91.6625938451217,0
13,0.1,5,nuts,True,True,,6.129755846145538,0.99656738189503,1.3216240163010782,4.748411058355063,0.0875,0.25,1.0172664532158102,104.03751559907712,0
13,0.16,1,nuts,True,True,,2.668643462869308,0.3804938816131481,0.21353027751211515,2.104043469443152,0.075,0.1125,1.0076742995159746,169.73642516416672,0
13,0.16,2,nuts,False,False,failed_sampler_diagnostics,9.637879855184996,2.1818305886674567,4.9506253361712,7.613054293777401,0.025,0.05,1.0518036956670052,47.439348618593144,0
13,0.16,3,nuts,False,False,failed_sampler_diagnostics,15.602855675755867,2.841662681112722,8.195946418254884,12.422676466784557,0.0125,0.025,1.0529197242807977,49.6088443131423,0
13,0.16,4,nuts,False,True,,20.089675531865336,1.749594200911438,3.3382468813927515,14.46057166402407,0.025,0.0625,1.0123081241177472,103.4479383882444,0
13,0.16,5,nuts,False,False,failed_sampler_diagnostics,4.4319121346509425,0.610356046933801,0.6941463718872978,3.462369521204253,0.1125,0.15,1.0266546113875032,73.5528514907393,0
13,0.25,1,nuts,True,False,failed_sampler_diagnostics,5.197452564213073,0.3109586306353635,0.15215611384690697,3.894050253220706,0.05,0.0625,1.023739465357349,91.61266283192022,0
13,0.25,2,nuts,False,False,failed_sampler_diagnostics,6.388083957192353,1.333095847004876,2.192018850795453,5.109073083095025,0.1,0.25,1.0352189028162946,59.928165482550554,0
13,0.25,3,nuts,False,True,,5.707569314848604,0.7030195596907947,1.1964209698911359,4.067154784753955,0.0625,0.0625,1.0131369748320254,146.04637694758134,0
13,0.25,4,nuts,False,True,,7.099425520162554,1.990530217387866,4.008725544331186,5.16315771453101,0.15,0.325,1.015595231199702,143.0534969740832,0
13,0.25,5,nuts,False,True,,18.04572867218479,2.2742163572008054,5.372884171633889,11.7155329614591,0.0625,0.075,1.0059618813600013,132.33558789623376,0
13,0.4,1,nuts,True,False,failed_sampler_diagnostics,2.486349229884646,0.2581501642418798,0.1085446925650457,1.9347703410481951,0.05,0.05,1.0188126319817117,83.61650729981798,0
13,0.4,2,nuts,False,False,failed_sampler_diagnostics,12.865763416925377,0.5040880472369667,0.6254902205617219,8.460184838041993,0.0,0.0375,1.0142646484541686,87.53260959801419,0
13,0.4,3,nuts,True,True,,3.9686714127130696,0.5146900205463382,0.9741148234765766,3.0163207344371314,0.05,0.1125,1.0355401218000666,127.92861898092714,0
13,0.4,4,nuts,False,False,failed_sampler_diagnostics,9.498035128122844,1.2039860535576712,1.6028414874307308,8.350878612116976,0.0625,0.0625,1.0500130816209043,47.39874994997225,0
13,0.4,5,nuts,False,True,,16.64962900903092,1.5629540978640573,2.9030751887007074,11.023049420219182,0.0125,0.0875,1.0097678777468369,144.16211347100636,0
13,0.6,1,nuts,True,False,failed_sampler_diagnostics,1.0284866515274098,0.22518990519599993,0.08446307553336282,0.7531036823640941,0.1,0.3,1.0269003125510239,82.44413571441646,0
13,0.6,2,nuts,False,True,,9.1080535015881,1.2150897620775727,1.6913650090758026,8.102619617919258,0.0625,0.0625,1.0113708270321662,128.54930846947798,0
13,0.6,3,nuts,False,False,failed_sampler_diagnostics,10.939265279556246,3.0411223148353397,9.333292817106592,8.14530033045751,0.0625,0.1625,1.0303808983185339,56.74932907089569,0
13,0.6,4,nuts,False,False,failed_sampler_diagnostics,14.399706179683374,1.255969269841773,1.8093469178075083,12.33741105197721,0.05,0.0625,1.011120928935313,74.00571245800157,0
13,0.6,5,nuts,False,False,failed_sampler_diagnostics,12.854079638298492,3.730663133643142,13.940039470930241,10.289870373612477,0.0375,0.05,1.054760283540368,46.48443489406018,0
13,0.8,1,nuts,True,True,,1.5847720618164542,0.1959301247417676,0.06349821646003637,1.2818664309495784,0.025,0.0875,1.0068713546039108,186.61556010055514,0
13,0.8,2,nuts,False,False,failed_sampler_diagnostics,17.979320779960123,2.940406365124126,8.954482495044449,13.266102959812434,0.2125,0.3125,1.0270302029359595,29.468318224245806,0
13,0.8,3,nuts,False,False,failed_sampler_diagnostics,7.060762542786499,0.5070629025675188,0.6747057308152533,5.336311703464043,0.0125,0.05,1.0266296793271403,40.396713636158005,0
13,0.8,4,nuts,False,False,failed_sampler_diagnostics,17.761990436249473,2.26785237626832,5.333319968009302,11.877745438459954,0.25,0.2875,1.0383178204504,70.00412241909967,0
13,0.8,5,nuts,False,False,failed_sampler_diagnostics,16.684926231129197,1.8714479254051823,3.5142581894625904,12.544427746836195,0.0,0.0125,1.1658003457933093,18.607306431180465,0
13,0.9,1,nuts,True,True,,1.6055215633342421,0.18766436125387814,0.06011868172227075,1.30365437448439,0.025,0.0375,1.0013038524422109,118.63231013486096,0
13,0.9,2,nuts,False,False,failed_sampler_diagnostics,6.754458490177559,0.9105506013729008,2.0243745100901407,5.349486454249364,0.05,0.0875,1.0076282203571496,65.67661548779134,0
13,0.9,3,nuts,False,False,failed_sampler_diagnostics,6.281023030490226,0.35886414469115296,0.4492265211067843,4.495118671778248,0.025,0.0375,1.0277832019797897,62.0810996252645,0
13,0.9,4,nuts,False,False,failed_sampler_diagnostics,11.192505155380736,2.9461576682098864,8.767612325799723,7.975957464663956,0.2875,0.3125,1.0151977873021238,63.51647070293581,0
13,0.9,5,nuts,True,True,,2.626405048624912,0.3833142900806893,0.8764016023251757,1.301672304173014,0.075,0.1625,1.0098508914798225,245.9818447322311,0
13,1.0,1,nuts,True,True,,1.412120395088205,0.17762140013036948,0.05232991672397256,1.1402725869158599,0.05,0.1125,1.0137308369557914,105.58417392645971,0
13,1.0,2,nuts,False,False,failed_sampler_diagnostics,4.731352123331742,0.48886805215233764,0.9446912508588549,4.146040787903263,0.0375,0.0625,1.0747504974575335,41.73389485242624,0
13,1.0,3,nuts_refined_fast,False,False,failed_sampler_diagnostics,16.492313191607494,1.2328913277822555,2.408741098887832,10.693414623789195,0.0125,0.0375,1.0893116571519472,42.774030879106164,0
13,1.0,4,nuts_refined_fast,False,False,failed_sampler_diagnostics,9.234128062406661,1.078348309229234,1.6246069515928045,8.073720216586164,0.0125,0.0375,1.0652901423961672,85.99716859632098,0
13,1.0,5,nuts,False,False,failed_sampler_diagnostics,18.092220780607946,2.8818905443460663,8.390586070228773,13.388575186300494,0.0875,0.375,1.1539625686686417,33.860515063838726,0
16,0.04,1,nuts,False,True,,7.275587660024754,0.6257445677746117,0.46248749715037896,6.080355047961559,0.0125,0.0625,1.0101493037307314,229.2121122079924,0
16,0.04,2,nuts,False,True,,17.325114179767827,1.0124674257417101,1.2457112192431965,14.324731192612438,0.0,0.025,1.0033018154057005,167.91213286732054,0
16,0.04,3,nuts,False,False,failed_sampler_diagnostics,8.934392391248311,0.7482475343114001,0.9747614957238063,7.4423925523279095,0.025,0.05,1.0144641713140792,87.68377059160564,0
16,0.04,4,nuts,False,True,,15.888277171564562,3.319590521361712,11.038777652977492,10.520831991164972,0.325,0.4625,1.0301213641085036,120.05583511990888,0
16,0.04,5,nuts,False,False,failed_sampler_diagnostics,12.804452509293688,3.3805714294912748,11.48997305420706,9.367397710174254,0.175,0.275,1.065571266536365,47.60990703638031,0
16,0.063,1,nuts,True,True,,7.074124423242633,0.4960793496400459,0.31170584300040727,5.943808139597264,0.025,0.05,1.004682619845485,124.74955940341096,0
16,0.063,2,nuts,False,True,,7.6308019637439966,1.0208180915420915,1.9888083612787995,6.132911237565812,0.05,0.0875,1.006912879348143,321.89257859131334,0
16,0.063,3,nuts,False,False,failed_sampler_diagnostics,7.267112107777512,0.6430829958055222,0.5163451232114522,6.482555337888165,0.0125,0.0125,1.0144123657133026,78.16748589485081,0
16,0.063,4,nuts,True,True,,5.055497013254243,0.7555798878805428,0.9606548452765737,4.04796958555977,0.025,0.0625,1.0059598838863557,219.70613324587984,0
16,0.063,5,nuts,False,True,,9.755907999720511,0.5572188565092184,0.43071034197606367,6.949509296521791,0.0625,0.1125,1.0127536412024492,162.60587044566273,0
16,0.1,1,nuts,True,True,,6.230245415338611,0.508809465374304,0.28778856382291906,5.206898772953393,0.025,0.075,1.0050168967355584,228.94139904848362,0
16,0.1,2,nuts,False,True,,6.104521322229811,1.0801207509497897,1.1784011793689608,4.85998196530082,0.0125,0.0875,1.0153879251340556,108.64911200799197,0
16,0.1,3,nuts,False,False,failed_sampler_diagnostics,12.700745590603757,0.8109107093846945,0.9497953630026151,9.505343446691501,0.025,0.0625,1.0423447175752938,83.87322959569234,0
16,0.1,4,nuts,False,True,,5.705421528142571,0.7190641888245526,1.373450267780605,3.135714760016844,0.0875,0.1375,1.0292008571351587,132.70289111718208,0
16,0.1,5,nuts,True,True,,5.255144521157294,0.509570861393934,0.33323613293279825,3.8924706464104473,0.0375,0.075,1.015782996372348,124.02455855515058,0
16,0.16,1,nuts,True,True,,6.054352151275689,0.3048183021423155,0.12044999594112955,4.92185779580502,0.0375,0.075,1.0086307457611654,190.17230148864093,0
16,0.16,2,nuts,False,False,failed_sampler_diagnostics,12.322516730155106,2.976440927104904,8.899623609947446,10.1273752945966,0.0125,0.0625,1.0410455626575883,51.12019145774791,0
16,0.16,3,nuts,False,True,,15.477927514403568,2.8118799071442098,7.954529545902029,12.512622274893896,0.0125,0.0125,1.0267226570679338,102.46166406316347,0
16,0.16,4,nuts,True,False,failed_sampler_diagnostics,4.228639242402886,1.2610718249519683,1.6123674672541017,2.623811511162246,0.3625,0.525,1.036103060909548,62.04580991786441,0
16,0.16,5,nuts,False,False,failed_sampler_diagnostics,14.94777072025368,2.4718203025507273,6.267236171273364,12.421795493927506,0.0,0.0375,1.108053665715372,26.71397983394732,0
16,0.25,1,nuts,True,True,,2.01581772320351,0.23714435960290703,0.07965020542900202,1.6641113660156717,0.0375,0.05,1.0129122469803113,101.9374811238179,0
16,0.25,2,nuts,True,False,failed_sampler_diagnostics,6.8660667295636,0.4096008513830812,0.5167642043518492,4.962704704753686,0.025,0.025,1.0205281497065612,99.06067780838872,0
16,0.25,3,nuts,False,False,failed_sampler_diagnostics,18.02839373797045,2.009288087148996,4.15807108043483,12.362943052030255,0.0125,0.1625,1.0205136476944772,58.959666103564345,0
16,0.25,4,nuts,False,True,,3.45896938850714,0.4016630435254115,0.6344685293128813,1.9805675233998934,0.075,0.1375,1.0081056454310198,163.90432629804803,0
16,0.25,5,nuts,True,True,,12.044186586427072,0.36046675619696333,0.24144213911633017,8.54378895787156,0.025,0.025,1.0056227057399783,106.71713541229319,0
16,0.4,1,nuts,True,True,,1.5324222509008496,0.18879108858382634,0.05094908819162047,1.270737601317909,0.1125,0.125,1.0209469050644597,143.54397019483773,0
16,0.4,2,nuts,True,True,,3.01551178400436,0.31171957027421493,0.1127599187464973,2.4336285450760196,0.1625,0.2875,1.0094309614641719,143.89096313305208,0
16,0.4,3,nuts_refined_fast,True,True,,3.8039230750651245,0.6380634810972922,0.45260278453511466,3.1332170097842416,0.05,0.075,1.012556425717929,198.94901939653434,0
16,0.4,4,nuts_refined_fast,True,False,failed_sampler_diagnostics,8.314563499007892,1.1620137415860738,1.3545516787863963,7.352601307501099,0.025,0.0375,1.0528197345002117,110.83516168548569,0
16,0.4,5,nuts,False,True,,3.1809517458482266,0.3629324960993506,0.2860625445407545,2.2066072017755483,0.075,0.2,1.0192671787656173,230.32033195831127,0
16,0.6,1,nuts,True,True,,2.12254747934727,0.1604919335507343,0.037811115174841634,1.8740344069400188,0.0,0.0125,1.0088259665711907,174.31868893627828,0
16,0.6,2,nuts,True,True,,5.400315675953191,0.49765163240526533,0.2539518396118389,4.882097108348489,0.0125,0.0125,1.014541060075894,118.36624564251552,0
16,0.6,3,nuts,False,False,failed_sampler_diagnostics,14.824552577435993,3.118844262642914,9.777318773328364,12.578258563577865,0.0375,0.075,1.0311038857896857,61.823605215403944,0
16,0.6,4,nuts,True,True,,2.8685361129024805,0.36983334480114066,0.20565529729309548,2.3584329639925956,0.0375,0.1,1.02144685972702,115.49980230278678,0
16,0.6,5,nuts_refined_fast,False,False,failed_sampler_diagnostics,16.76001346858591,0.4990676845152713,0.7482158825827367,11.14116064677592,0.0125,0.025,1.0607866112188888,54.316286082684385,0
16,0.8,1,nuts,True,True,,1.904357683869157,0.14128036741483027,0.028579560301266592,1.6654174153411723,0.0,0.025,1.0054937533482808,167.89855833139077,0
16,0.8,2,nuts,False,False,failed_sampler_diagnostics,11.312755800154392,0.5042979832988086,0.5531476791209793,7.660909232364498,0.0125,0.0625,1.0345949536262526,60.936841020647236,0
16,0.8,3,nuts,False,False,failed_sampler_diagnostics,4.010698955450715,0.36877417164780196,0.46193700374242896,3.547731961520249,0.05,0.075,1.0435348820104544,63.255933276430326,0
16,0.8,4,nuts,True,False,failed_sampler_diagnostics,8.187582556498478,0.2525901562881482,0.12086373801557695,5.654743542606778,0.0125,0.0375,1.043371427441542,48.299365620374914,0
16,0.8,5,nuts_refined_fast,False,False,failed_sampler_diagnostics,15.358308319679491,2.8998604878683283,8.430491193168558,13.163041193466432,0.025,0.0375,1.0777280483871585,51.45099158195387,0
16,0.9,1,nuts_refined_fast,True,True,,1.835695700725173,0.1380981498162397,0.02784172545974334,1.561351795670668,0.0375,0.0625,1.020821190242614,236.7606985637617,0
16,0.9,2,nuts,True,True,,2.49674572998566,0.3425862113669614,0.4787535584973449,1.6746466163293412,0.0375,0.1125,1.009180925583,115.07521278488802,0
16,0.9,3,nuts,False,False,failed_sampler_diagnostics,11.865171148802384,0.4965939138991044,0.5851481034801871,8.036569021922006,0.0125,0.0125,1.0129479196398543,54.71175825225395,0
16,0.9,4,nuts,True,True,,1.489807725030414,0.17560146580137329,0.046588095829929635,1.2914130908422599,0.0,0.0125,1.01113060517776,139.6875500101548,0
16,0.9,5,nuts,True,True,,4.21947552230659,0.3597891926991822,0.13189815375602415,3.8009916154540493,0.0125,0.025,1.022052432621257,130.41851888834208,0
16,1.0,1,nuts,True,True,,1.9689998641965964,0.13115611665029298,0.025600878890283695,1.7312832295938783,0.0125,0.025,1.0091979506758542,208.74728123138516,0
16,1.0,2,nuts,True,False,failed_sampler_diagnostics,5.105323873769361,0.35571706096866756,0.523481101345848,4.3366972497030805,0.025,0.0375,1.0098085763098743,59.460153086436414,0
16,1.0,3,nuts,False,False,failed_sampler_diagnostics,11.815090387547226,0.37167590103585263,0.27203077667024395,7.597437557187608,0.0625,0.2375,1.2149155481840634,14.590699845067489,0
16,1.0,4,nuts,True,False,failed_sampler_diagnostics,6.610002076533019,0.6239553018056403,0.4105227295418774,6.071969199096162,0.0125,0.025,1.0473384959239962,43.813594842138976,0
16,1.0,5,nuts,True,True,,2.3231940142511642,0.2707532730841019,0.4629904087084619,1.486955005846217,0.15,0.1875,1.00446311672016,190.67585999980264,0
19,0.04,1,nuts,False,False,failed_sampler_diagnostics,6.649917436204963,0.559517818185485,0.37812009531121127,5.619734732064375,0.0375,0.1,1.0241840955255728,89.27170831167975,0
19,0.04,2,nuts,True,True,,7.315716874987041,0.5736859425093277,0.5525852489825405,6.026726596499337,0.0375,0.0625,1.011415664862379,125.68955922381852,0
19,0.04,3,nuts,False,False,failed_sampler_diagnostics,15.30792382293929,0.6248447703877096,0.4006714209329882,10.770120999745432,0.05,0.0625,1.0147821009095777,79.84041928328415,0
19,0.04,4,nuts,False,False,failed_sampler_diagnostics,9.51951464454603,2.985628322877909,8.917709809211399,6.8101586313192595,0.3125,0.3625,1.0165280689151286,96.96708022783794,0
19,0.04,5,nuts,True,True,,7.3703582206571445,0.6380157032844017,0.4532500490346386,6.111307442147895,0.0625,0.075,1.0224717373711867,222.04580805743146,0
19,0.063,1,nuts,True,True,,6.708820740571128,0.4341102055674705,0.24299181758780702,5.7912155910472345,0.0125,0.025,1.0172470764847328,156.08732669385864,0
19,0.063,2,nuts,False,False,failed_sampler_diagnostics,8.34428038563384,0.6119648851144568,0.4104081931749516,7.127927314216715,0.0,0.0125,1.0162251208622668,89.48008239959607,0
19,0.063,3,nuts,False,False,failed_sampler_diagnostics,20.41302831059342,3.0195214730832056,9.24718957706202,17.08901972649939,0.075,0.125,1.0474585091827715,71.39201789870533,0
19,0.063,4,nuts,True,True,,5.555337208383617,0.4873908045900345,0.3261443050305318,4.432291896447133,0.025,0.075,1.0154875055965604,199.4858820057071,0
19,0.063,5,nuts,False,True,,6.643919891154222,0.7432590707961226,0.982564289363005,5.6457062138257585,0.0125,0.0625,1.0047110554241119,242.1709835322854,0
19,0.1,1,nuts,True,True,,6.206472962822129,0.34994955526901755,0.1667611549753213,5.270695229799062,0.0125,0.025,1.0081762253878594,141.62790399558506,0
19,0.1,2,nuts,True,True,,3.119181474133476,0.5708635757903222,0.3684704775806996,2.4070071141791045,0.1,0.2625,1.0018425349328122,201.42387325791478,0
19,0.1,3,nuts,False,False,failed_sampler_diagnostics,4.553070440383724,0.7167633605220208,0.6241645644795394,3.740829594383965,0.025,0.1375,1.045753802935895,46.46781096996916,0
19,0.1,4,nuts,False,True,,9.105579576323539,0.9268475297554989,0.8619936027342694,7.499359058444727,0.0,0.0625,1.0065149972763765,126.92603358916155,0
19,0.1,5,nuts_refined_fast,True,True,,4.5554314199261245,0.5395385411119686,0.31105663859042976,3.4059767548695916,0.1375,0.225,1.0230033244700594,153.23471541638642,0
19,0.16,1,nuts,True,True,,5.062013303820283,0.2896465115027405,0.12382337199141018,4.251242641988751,0.025,0.025,1.0090517205582756,129.5081649202814,0
19,0.16,2,nuts,False,False,failed_sampler_diagnostics,2.466451684941955,0.3009418944707484,0.18215468500661797,1.7145927947672637,0.075,0.1625,1.0014438556847025,85.59967134035146,0
19,0.16,3,nuts,False,True,,8.148602579352518,0.7200153987240295,0.6539005349445466,7.395311519461333,0.0,0.025,1.0111930124897401,129.0516943829959,0
19,0.16,4,nuts,True,False,failed_sampler_diagnostics,2.790564788794534,0.29256727984524605,0.1193571503306758,2.3779556528269694,0.0375,0.075,1.0198219516110265,93.42483834841201,0
19,0.16,5,nuts,True,True,,2.964830524899707,0.2895564842775191,0.11925158185474276,2.319845962496905,0.075,0.1375,1.01261589082537,150.01660534766722,0
19,0.25,1,nuts,True,False,failed_sampler_diagnostics,1.9451513067739532,0.22481267333951482,0.07472428651279177,1.6667553051284745,0.0375,0.075,1.0422762930311722,69.67847049296368,0
19,0.25,2,nuts,False,True,,2.4524489585134854,0.32328978426831523,0.3200231994105947,1.2953131091480474,0.1,0.1875,1.0161862313972365,161.07500867830097,0
19,0.25,3,nuts,True,True,,1.81715917671698,0.2154811421475043,0.08109532340776587,1.2516492591926358,0.15,0.25,1.0223345283726677,126.62621471340991,0
19,0.25,4,nuts,True,False,failed_sampler_diagnostics,2.51296745217811,0.24506734481524636,0.10196946234229691,1.5859587858896247,0.1125,0.1875,1.0365155553181091,92.17652452613093,0
19,0.25,5,nuts,True,True,,2.2447427860346303,0.21729099138340233,0.07029240813029396,1.716902342114563,0.0375,0.075,1.0063437883898236,120.79132827552651,0
19,0.4,1,nuts,True,False,failed_sampler_diagnostics,1.5413344799191084,0.17400163235336935,0.04580151657998936,1.370390847712496,0.0375,0.075,1.0167131537191163,82.22542920990455,0
19,0.4,2,nuts,True,True,,1.1049185505233667,0.16104416586004558,0.032217352607044204,0.8891483243385172,0.025,0.125,1.0252179916085997,123.72389038003425,0
19,0.4,3,nuts,True,True,,1.6853449686377355,0.2155244164574511,0.08524866513704912,1.165783634717565,0.05,0.0875,1.024529584459013,118.00052926254482,0
19,0.4,4,nuts,False,True,,4.314043712122061,0.3151014014929614,0.1924917472660727,3.172747581175689,0.05,0.0625,1.0220842162192223,110.38568965077556,0
19,0.4,5,nuts,True,False,failed_sampler_diagnostics,2.3443886298281136,0.23145538793195114,0.11807179102344052,1.9424269810196584,0.0,0.0125,1.0298907094853837,83.22633904503427,0
19,0.6,1,nuts,True,True,,2.995966210626484,0.1423667217525428,0.030333106140715382,2.5955719346337265,0.0125,0.025,1.012039951155397,157.9134691272731,0
19,0.6,2,nuts,True,True,,4.050089115882741,0.26471894075235547,0.07930000252136662,3.730867636347509,0.0,0.0125,1.0239288306779752,105.50124642038494,0
19,0.6,3,nuts,False,False,failed_sampler_diagnostics,1.7598938050984871,0.264021648534478,0.260221226216815,1.204657226733127,0.1,0.25,1.0456240419624139,69.796124117865,0
19,0.6,4,nuts,False,True,,2.8953911328455244,0.2518517149609786,0.3031034689255526,2.3873875035330534,0.0125,0.025,1.004110316458073,307.5824640525708,0
19,0.6,5,nuts,True,False,failed_sampler_diagnostics,4.755735964812004,0.6143392917342653,0.40521923203098337,3.964441763373391,0.025,0.0375,1.03136449654433,38.06111656517223,0
19,0.8,1,nuts,True,True,,2.4657299721205894,0.1312889907944587,0.026865788108208576,2.18457132895787,0.0,0.0125,1.0097559593875267,130.4111578039491,0
19,0.8,2,nuts,True,True,,1.0969770719673655,0.1361488536238296,0.03149311082769004,0.7792489337805591,0.175,0.2875,1.0177865025344581,220.46288805706837,0
19,0.8,3,nuts,False,True,,2.417168593439374,0.2176647227447157,0.1918451876644794,1.411815250440163,0.025,0.0375,1.0236506933586953,125.87145969778024,0
19,0.8,4,nuts,False,True,,2.312734493913229,0.29434366887636704,0.4527101592887708,1.796660721542721,0.0375,0.05,1.0233278690158853,181.23772868016889,0
19,0.8,5,nuts,True,False,failed_sampler_diagnostics,2.61265268289323,0.1820869145077969,0.03874163785817345,2.3854412331540638,0.025,0.025,1.0107223686830378,66.96098889541943,0
19,0.9,1,nuts,True,False,failed_sampler_diagnostics,2.0137317759822793,0.12086351518739162,0.02188817674359474,1.8527339002653278,0.0125,0.0125,1.0284588705287534,66.03309667308073,0
19,0.9,2,nuts,True,False,failed_sampler_diagnostics,8.496844512648515,0.2784370079721253,0.2121717797074476,4.897574131863429,0.0375,0.1,1.154346840146884,16.738497481004114,0
19,0.9,3,nuts,True,False,failed_sampler_diagnostics,7.732105851627989,0.2847569084236141,0.13998449610735025,5.764252263946022,0.0125,0.025,1.0162279205774645,59.99834984891335,0
19,0.9,4,nuts,True,True,,1.7444145307173198,0.13067093532093024,0.026053081190160032,1.433075021002571,0.0375,0.075,1.011901288639752,177.3346254621488,0
19,0.9,5,nuts,True,True,,1.6066528844329349,0.1195332376530954,0.07540777525307518,1.291689180602993,0.0375,0.0875,1.007098933250656,298.16455018570616,0
19,1.0,1,nuts,True,True,,1.9650772804944665,0.11724020970724496,0.02080670359515544,1.80252857483054,0.0,0.0,1.0105860249646452,158.71419675697604,0
19,1.0,2,nuts,True,True,,2.045748018408448,0.10012918863135227,0.014329838761306769,1.8989799685281745,0.0,0.0125,1.0079569881552193,164.79768048706867,0
19,1.0,3,nuts,False,False,failed_sampler_diagnostics,5.3887481712631695,0.20150856240367515,0.07842599660293013,3.9727735040255174,0.0,0.0,1.0281683314554633,52.26410161438224,0
19,1.0,4,nuts,False,False,failed_sampler_diagnostics,13.720818926428484,0.35854636506860804,0.36234184501471317,8.264315423845737,0.05,0.3625,1.0222961044848846,44.841120831612386,0
19,1.0,5,nuts,True,True,,2.6176780649425946,0.0974893339946267,0.012871081450632186,2.0358383851682893,0.05,0.0875,1.01247377384275,139.54490881204592,0
22,0.04,1,nuts,False,False,failed_sampler_diagnostics,6.5112787221011885,0.47577405565514275,0.2541230951948619,5.5204205103108865,0.025,0.0875,1.0346999457572252,88.22907041834578,0
22,0.04,2,nuts,True,True,,9.105358909135209,0.582975137062349,0.3532821624918544,7.917020690531888,0.0125,0.0375,1.007430772827879,146.65948577923726,0
22,0.04,3,nuts,True,True,,5.334739457760922,0.6140985102560641,0.4144227905299721,4.22728193425512,0.15,0.25,1.026471597109931,120.6691533056524,0
22,0.04,4,nuts,True,True,,3.640076693633579,0.4909282137196212,0.47067024127983803,2.8317738846311817,0.075,0.1375,1.002556052322789,289.68355247121116,0
22,0.04,5,nuts,True,True,,6.139530103392527,0.4192558279351245,0.250869987148618,4.750968633146165,0.05,0.0625,1.0049068687145457,396.4303823629512,0
22,0.063,1,nuts,True,True,,6.109248303968432,0.36700029187281535,0.1582293893065112,5.296508922165314,0.0125,0.025,1.0176800132831625,152.85451478427976,0
22,0.063,2,nuts,False,False,failed_sampler_diagnostics,7.434361935926589,0.3906281076053329,0.24898868805072355,5.400565659860612,0.025,0.0625,1.0138275435335817,77.38933910746255,0
22,0.063,3,nuts_refined_fast,True,True,,6.263847212468586,0.5501518378209866,0.321947843573177,5.007168766100682,0.1,0.175,1.0320657902394483,198.24543607762183,0
22,0.063,4,nuts,True,False,failed_sampler_diagnostics,6.54703862143933,0.5532008157786306,0.32718239983061326,5.161602997575419,0.0375,0.125,1.0372684549129392,69.15803859237855,0
22,0.063,5,nuts,False,True,,16.028392722364984,3.0251518363516636,9.166314428261664,13.591388436066845,0.0625,0.075,1.0047696627912293,304.8983038675587,0
22,0.1,1,nuts,True,False,failed_sampler_diagnostics,5.619467773691576,0.27893385380788455,0.09158959736504804,4.76269398349633,0.0125,0.025,1.0159791421562379,96.59206264447624,0
22,0.1,2,nuts,True,True,,7.218370111894777,0.45511221645650207,0.20906144133254342,6.033993168994756,0.025,0.0625,1.0185694651620723,110.4425204248471,0
22,0.1,3,nuts,True,False,failed_sampler_diagnostics,6.071141758728794,0.34167360680618514,0.15453313792803844,5.046728838051972,0.0125,0.0125,1.0227578540804272,54.026413444130725,0
22,0.1,4,nuts,True,False,failed_sampler_diagnostics,5.395310190948684,0.23304515095803557,0.07274002443778814,3.8615320421821004,0.1,0.1625,1.0149030552129246,98.42448656895989,0
22,0.1,5,nuts,False,False,failed_sampler_diagnostics,7.107440751999291,0.31883613312794257,0.16603218732980235,4.853835260435043,0.1,0.15,1.0322392061959949,24.659000022663466,0
22,0.16,1,nuts,True,True,,5.12654175877504,0.21859945252184249,0.05659595413052794,4.240535620673502,0.0125,0.025,1.008255485278664,131.07227600749292,0
22,0.16,2,nuts,True,True,,4.474283226423456,0.22705776668047184,0.08080951599079991,2.982953465817643,0.1,0.1625,1.005806130239866,231.75331827473983,0
22,0.16,3,nuts,True,True,,2.862486738219352,0.29668874627634345,0.15046166709678221,2.224736351735031,0.05,0.1125,1.0174201995285994,250.3431546604053,0
22,0.16,4,nuts,True,True,,1.787584567518578,0.21269153757486872,0.07343981856240439,1.2451333528585535,0.1625,0.25,1.010769526822369,168.10995372502703,0
22,0.16,5,nuts,True,True,,4.499750201688606,0.18806512847858403,0.04662506472637874,3.109426650552453,0.0875,0.125,1.014689513705745,136.00646108087355,0
22,0.25,1,nuts,True,True,,2.2593300798093536,0.16845896089764745,0.03536797201837929,1.941573103631778,0.025,0.05,1.0048916446843719,156.19612756995875,0
22,0.25,2,nuts,True,False,failed_sampler_diagnostics,1.5906244947533361,0.14815625084349732,0.029770931939310935,1.035518118730058,0.125,0.25,1.0285289064142829,75.70450519570691,0
22,0.25,3,nuts,True,True,,2.2245323398118653,0.2205495967466959,0.063653010922362,1.939842585487358,0.0,0.0,1.024472744281167,122.20796847640376,0
22,0.25,4,nuts,True,True,,2.657888244584764,0.20979021376456322,0.0843068589477445,1.616374641063087,0.125,0.2,1.007189852253914,101.28333067145178,0
22,0.25,5,nuts,True,True,,0.8533013513694042,0.18251158080491844,0.0952430822960615,0.5528406552149399,0.175,0.35,1.0025296403117268,156.99114487195655,0
22,0.4,1,nuts,True,True,,1.4997698033571232,0.12806503677737213,0.020392857857122988,1.3667090660103132,0.025,0.025,1.0186401275118722,125.16642137922496,0
22,0.4,2,nuts,True,False,failed_sampler_diagnostics,1.3465983885507995,0.14357786834893083,0.033218203799822724,1.0818884176611239,0.0125,0.0375,1.0241749528506758,73.97898554037381,0
22,0.4,3,nuts,True,True,,3.174610067680475,0.20894983928488955,0.057799368848199986,2.338442642871443,0.0625,0.1,1.0208526168478531,162.81797671772605,0
22,0.4,4,nuts,True,True,,1.5464573286616423,0.13820334804949114,0.024543863154441008,1.3775911087831283,0.0375,0.0625,1.0153959003120983,142.46734482013787,0
22,0.4,5,nuts_refined_fast,True,False,failed_sampler_diagnostics,10.586123247177408,0.30137970978407874,0.16546782737474203,7.513914037108672,0.025,0.025,1.0186882270935427,91.63198495731935,0
22,0.6,1,nuts,True,True,,2.516403566755421,0.10948128675182718,0.015134367103997043,2.277160713428052,0.0125,0.025,1.0137710778277762,187.9305029938304,0
22,0.6,2,nuts,False,True,,2.6642594067374885,0.20249664420287256,0.2058388087326483,1.367901595687523,0.05,0.075,1.0130511576622325,121.84141786269547,0
22,0.6,3,nuts,True,False,failed_sampler_diagnostics,3.2302264133979866,0.5177037947599205,0.2765497653112545,2.761303872571421,0.025,0.025,1.0309038600014075,60.61277543258124,0
22,0.6,4,nuts,True,True,,1.8225567451414544,0.09981035635185198,0.013470444018088362,1.228395016206461,0.05,0.0875,1.0354998490361549,125.2191253062968,0
22,0.6,5,nuts,True,True,,0.49082924040680054,0.1602507889362233,0.046427678064004906,0.3223935970232362,0.15,0.35,1.0055116295674504,111.43972082480893,0
22,0.8,1,nuts,True,True,,2.2226204802003435,0.09773657562081058,0.01218858910825161,2.0444095072127384,0.0,0.0125,1.0028561236381335,206.69679257970617,0
22,0.8,2,nuts,True,True,,0.653525363794332,0.09566972283387196,0.012621226052870149,0.415751950292462,0.1125,0.2625,1.0013846362255834,142.6413297908983,0
22,0.8,3,nuts,True,False,failed_sampler_diagnostics,0.8441100862678984,0.12386532281622206,0.07270859886139003,0.4247835256907348,0.1625,0.2625,1.0387667829422302,52.31463554944127,0
22,0.8,4,nuts,True,True,,1.4318331330545997,0.09699275922997375,0.011153933631143717,1.243060543924924,0.0,0.0,1.0113142263867514,135.13571898750203,0
22,0.8,5,nuts,True,True,,1.4160430843966143,0.12667480830505365,0.02797587984898734,0.8131928610377287,0.25,0.45,1.0137129184875981,116.0283427943817,0
22,0.9,1,nuts,True,True,,1.8983935405041954,0.09540107823457555,0.012178556730337856,1.7959622858684354,0.0125,0.0125,1.0304538524291673,103.237284972059,0
22,0.9,2,nuts,True,True,,0.5132302912772648,0.09892453857863556,0.017121275134051643,0.373377801642928,0.0375,0.1125,1.0126587667347362,147.9557490798106,0
22,0.9,3,nuts,True,True,,1.9651461965383095,0.10120665743044861,0.01319128791222885,1.848981457948573,0.0125,0.0125,1.0057243149368238,185.16575259782536,0
22,0.9,4,nuts,True,True,,1.7365634690146923,0.10513970730377746,0.01281450413134402,1.6296665027688584,0.0125,0.0125,1.0049118749441233,120.75497331823017,0
22,0.9,5,nuts,True,True,,1.6868828863218825,0.09767720436888949,0.014360685081828214,1.5882255348025225,0.0125,0.0125,1.003517797039849,102.35639689464342,0
22,1.0,1,nuts,True,True,,1.937785420825014,0.09301368444802491,0.011343213860103184,1.8328888968364911,0.0,0.0,1.0082602798408844,129.11231525273314,0
22,1.0,2,nuts,True,True,,0.3774593097957562,0.07585322913189432,0.009811279377059284,0.24195665961527632,0.0875,0.4125,1.0095477191459672,171.80860822779152,0
22,1.0,3,nuts,True,True,,0.2634604116404793,0.08888928169689767,0.014324736487559806,0.12549819377315022,0.2,0.6375,1.0128496928656658,104.31059002162458,0
22,1.0,4,nuts,True,False,failed_sampler_diagnostics,0.3757808123982242,0.13029978244009643,0.02999247702762816,0.21619551870355233,0.1,0.7,1.0318556317598873,84.67929368136612,0
22,1.0,5,nuts_refined_fast,True,True,,0.6693258735653562,0.1149157301680809,0.07211717509421843,0.24299696354830833,0.0875,0.4625,1.0080200734254923,217.95565326392162,0
25,0.04,1,nuts,True,True,,5.368868135604362,0.31182738172741636,0.11669275541185639,4.19531937486184,0.05,0.0875,1.0229141135972877,119.25646267051374,0
25,0.063,1,nuts,True,True,,5.1171272958026455,0.2497432201762131,0.07602005750120079,3.9380956065853403,0.025,0.0625,1.0276716367434098,165.6885824324313,0
25,0.1,1,nuts,True,True,,4.474071910454243,0.1914003973401742,0.04455083161427805,3.250796367998251,0.1,0.15,1.0049673472704561,147.3304708082527,0
25,0.16,1,nuts,True,True,,4.306776238631732,0.1478715452323816,0.026344757873437024,2.9012165612949863,0.1,0.15,1.016809205153457,145.62654857209154,0
25,0.25,1,nuts,True,True,,1.4654498637885074,0.12215506785222577,0.018008462211406815,0.9952787983244035,0.125,0.2125,1.022870168227107,177.99883798631956,0
25,0.4,1,nuts,True,True,,0.7649834109168411,0.09867754183792028,0.011787313763945562,0.4924414890258343,0.1625,0.2625,1.012896062414935,132.60582555941903,0
25,0.6,1,nuts,True,True,,1.249156094935272,0.07925489580650547,0.007487244791183995,0.8530675078197743,0.0375,0.05,1.014460836855272,199.9577019039595,0
25,0.8,1,nuts,True,True,,0.5566520537008224,0.0686151853850516,0.005650450262589222,0.34084995139532326,0.1,0.1875,1.005338843551497,248.13665954308826,0
25,0.9,1,nuts,True,True,,0.18042156826618594,0.06511091018834071,0.005112373595654274,0.13123684898512938,0.2,0.3875,1.013071487678467,180.97108109284397,0
25,1.0,1,nuts,True,True,,0.15721823836296683,0.06147510773199226,0.004591614896706385,0.09757733690968168,0.075,0.5,1.0310296678754705,119.37437339761865,0
