condition,window_count,trajectory_fraction,method,warmup,repeat,wall_seconds,return_code,output_dir
sparse,3,0.1,map,True,1,6.0135056669823825,0,/Users/brennonshanks/freeGP/results/revision/benchmarks/runs/20260830-172854-paper/outputs/sparse/map/warmup_1
sparse,3,0.1,fixed,True,1,4.723322959034704,0,/Users/brennonshanks/freeGP/results/revision/benchmarks/runs/20260830-172854-paper/outputs/sparse/fixed/warmup_1
sparse,3,0.1,hierarchical,True,1,29.438101375009865,0,/Users/brennonshanks/freeGP/results/revision/benchmarks/runs/20260830-172854-paper/outputs/sparse/hierarchical/warmup_1
sparse,3,0.1,ui,True,1,4.708481541951187,0,/Users/brennonshanks/freeGP/results/revision/benchmarks/runs/20260830-172854-paper/outputs/sparse/ui/warmup_1
sparse,3,0.1,fixed,False,1,4.693431542022154,0,/Users/brennonshanks/freeGP/results/revision/benchmarks/runs/20260830-172854-paper/outputs/sparse/fixed/repeat_1
sparse,3,0.1,hierarchical,False,1,28.149856874952093,0,/Users/brennonshanks/freeGP/results/revision/benchmarks/runs/20260830-172854-paper/outputs/sparse/hierarchical/repeat_1
sparse,3,0.1,map,False,1,6.191471374942921,0,/Users/brennonshanks/freeGP/results/revision/benchmarks/runs/20260830-172854-paper/outputs/sparse/map/repeat_1
sparse,3,0.1,ui,False,1,4.660686458926648,0,/Users/brennonshanks/freeGP/results/revision/benchmarks/runs/20260830-172854-paper/outputs/sparse/ui/repeat_1
sparse,3,0.1,ui,False,2,4.707238666014746,0,/Users/brennonshanks/freeGP/results/revision/benchmarks/runs/20260830-172854-paper/outputs/sparse/ui/repeat_2
sparse,3,0.1,fixed,False,2,4.7645862909266725,0,/Users/brennonshanks/freeGP/results/revision/benchmarks/runs/20260830-172854-paper/outputs/sparse/fixed/repeat_2
sparse,3,0.1,hierarchical,False,2,27.532641874975525,0,/Users/brennonshanks/freeGP/results/revision/benchmarks/runs/20260830-172854-paper/outputs/sparse/hierarchical/repeat_2
sparse,3,0.1,map,False,2,6.414208166999742,0,/Users/brennonshanks/freeGP/results/revision/benchmarks/runs/20260830-172854-paper/outputs/sparse/map/repeat_2
sparse,3,0.1,map,False,3,6.417457624920644,0,/Users/brennonshanks/freeGP/results/revision/benchmarks/runs/20260830-172854-paper/outputs/sparse/map/repeat_3
sparse,3,0.1,fixed,False,3,5.001800250029191,0,/Users/brennonshanks/freeGP/results/revision/benchmarks/runs/20260830-172854-paper/outputs/sparse/fixed/repeat_3
sparse,3,0.1,hierarchical,False,3,30.634926917031407,0,/Users/brennonshanks/freeGP/results/revision/benchmarks/runs/20260830-172854-paper/outputs/sparse/hierarchical/repeat_3
sparse,3,0.1,ui,False,3,4.735084583982825,0,/Users/brennonshanks/freeGP/results/revision/benchmarks/runs/20260830-172854-paper/outputs/sparse/ui/repeat_3
intermediate,7,0.25,fixed,True,1,4.816786541952752,0,/Users/brennonshanks/freeGP/results/revision/benchmarks/runs/20260830-172854-paper/outputs/intermediate/fixed/warmup_1
intermediate,7,0.25,ui,True,1,4.669980374979787,0,/Users/brennonshanks/freeGP/results/revision/benchmarks/runs/20260830-172854-paper/outputs/intermediate/ui/warmup_1
intermediate,7,0.25,hierarchical,True,1,56.55927062500268,0,/Users/brennonshanks/freeGP/results/revision/benchmarks/runs/20260830-172854-paper/outputs/intermediate/hierarchical/warmup_1
intermediate,7,0.25,map,True,1,6.563578041968867,0,/Users/brennonshanks/freeGP/results/revision/benchmarks/runs/20260830-172854-paper/outputs/intermediate/map/warmup_1
intermediate,7,0.25,fixed,False,1,4.520259208977222,0,/Users/brennonshanks/freeGP/results/revision/benchmarks/runs/20260830-172854-paper/outputs/intermediate/fixed/repeat_1
intermediate,7,0.25,hierarchical,False,1,49.82621579198167,0,/Users/brennonshanks/freeGP/results/revision/benchmarks/runs/20260830-172854-paper/outputs/intermediate/hierarchical/repeat_1
intermediate,7,0.25,ui,False,1,4.414987875032239,0,/Users/brennonshanks/freeGP/results/revision/benchmarks/runs/20260830-172854-paper/outputs/intermediate/ui/repeat_1
intermediate,7,0.25,map,False,1,6.310511374962516,0,/Users/brennonshanks/freeGP/results/revision/benchmarks/runs/20260830-172854-paper/outputs/intermediate/map/repeat_1
intermediate,7,0.25,ui,False,2,4.402281790971756,0,/Users/brennonshanks/freeGP/results/revision/benchmarks/runs/20260830-172854-paper/outputs/intermediate/ui/repeat_2
intermediate,7,0.25,hierarchical,False,2,48.8890262079658,0,/Users/brennonshanks/freeGP/results/revision/benchmarks/runs/20260830-172854-paper/outputs/intermediate/hierarchical/repeat_2
intermediate,7,0.25,map,False,2,6.202827958040871,0,/Users/brennonshanks/freeGP/results/revision/benchmarks/runs/20260830-172854-paper/outputs/intermediate/map/repeat_2
intermediate,7,0.25,fixed,False,2,4.515665999962948,0,/Users/brennonshanks/freeGP/results/revision/benchmarks/runs/20260830-172854-paper/outputs/intermediate/fixed/repeat_2
intermediate,7,0.25,ui,False,3,4.418499332969077,0,/Users/brennonshanks/freeGP/results/revision/benchmarks/runs/20260830-172854-paper/outputs/intermediate/ui/repeat_3
intermediate,7,0.25,hierarchical,False,3,53.21461658307817,0,/Users/brennonshanks/freeGP/results/revision/benchmarks/runs/20260830-172854-paper/outputs/intermediate/hierarchical/repeat_3
intermediate,7,0.25,map,False,3,6.3344645840115845,0,/Users/brennonshanks/freeGP/results/revision/benchmarks/runs/20260830-172854-paper/outputs/intermediate/map/repeat_3
intermediate,7,0.25,fixed,False,3,4.509475165978074,0,/Users/brennonshanks/freeGP/results/revision/benchmarks/runs/20260830-172854-paper/outputs/intermediate/fixed/repeat_3
full,25,1.0,map,True,1,14.122658459004015,0,/Users/brennonshanks/freeGP/results/revision/benchmarks/runs/20260830-172854-paper/outputs/full/map/warmup_1
full,25,1.0,hierarchical,True,1,301.65089954191353,0,/Users/brennonshanks/freeGP/results/revision/benchmarks/runs/20260830-172854-paper/outputs/full/hierarchical/warmup_1
full,25,1.0,ui,True,1,4.762047874974087,0,/Users/brennonshanks/freeGP/results/revision/benchmarks/runs/20260830-172854-paper/outputs/full/ui/warmup_1
full,25,1.0,fixed,True,1,4.61796104197856,0,/Users/brennonshanks/freeGP/results/revision/benchmarks/runs/20260830-172854-paper/outputs/full/fixed/warmup_1
full,25,1.0,fixed,False,1,4.629641084000468,0,/Users/brennonshanks/freeGP/results/revision/benchmarks/runs/20260830-172854-paper/outputs/full/fixed/repeat_1
full,25,1.0,hierarchical,False,1,297.4562269169837,0,/Users/brennonshanks/freeGP/results/revision/benchmarks/runs/20260830-172854-paper/outputs/full/hierarchical/repeat_1
full,25,1.0,ui,False,1,4.762657665996812,0,/Users/brennonshanks/freeGP/results/revision/benchmarks/runs/20260830-172854-paper/outputs/full/ui/repeat_1
full,25,1.0,map,False,1,14.29681566695217,0,/Users/brennonshanks/freeGP/results/revision/benchmarks/runs/20260830-172854-paper/outputs/full/map/repeat_1
full,25,1.0,map,False,2,14.094679125002585,0,/Users/brennonshanks/freeGP/results/revision/benchmarks/runs/20260830-172854-paper/outputs/full/map/repeat_2
full,25,1.0,hierarchical,False,2,298.7831269160379,0,/Users/brennonshanks/freeGP/results/revision/benchmarks/runs/20260830-172854-paper/outputs/full/hierarchical/repeat_2
full,25,1.0,ui,False,2,4.692774958908558,0,/Users/brennonshanks/freeGP/results/revision/benchmarks/runs/20260830-172854-paper/outputs/full/ui/repeat_2
full,25,1.0,fixed,False,2,4.640718125039712,0,/Users/brennonshanks/freeGP/results/revision/benchmarks/runs/20260830-172854-paper/outputs/full/fixed/repeat_2
full,25,1.0,ui,False,3,4.429262915975414,0,/Users/brennonshanks/freeGP/results/revision/benchmarks/runs/20260830-172854-paper/outputs/full/ui/repeat_3
full,25,1.0,hierarchical,False,3,298.2058927080361,0,/Users/brennonshanks/freeGP/results/revision/benchmarks/runs/20260830-172854-paper/outputs/full/hierarchical/repeat_3
full,25,1.0,map,False,3,14.535664874943905,0,/Users/brennonshanks/freeGP/results/revision/benchmarks/runs/20260830-172854-paper/outputs/full/map/repeat_3
full,25,1.0,fixed,False,3,4.604996041976847,0,/Users/brennonshanks/freeGP/results/revision/benchmarks/runs/20260830-172854-paper/outputs/full/fixed/repeat_3
