# phi,psi,free_energy_kJ_per_mol
-3.054326190990076739e+00,-3.054326190990076739e+00,1.611318364952016680e+01
-2.879793265790643986e+00,-3.054326190990076739e+00,9.735256085451643671e+00
-2.705260340591210788e+00,-3.054326190990076739e+00,6.423582511024548580e+00
-2.530727415391777591e+00,-3.054326190990076739e+00,5.093054710766249826e+00
-2.356194490192344837e+00,-3.054326190990076739e+00,5.240698992199148698e+00
-2.181661564992912083e+00,-3.054326190990076739e+00,6.431559201392311742e+00
-2.007128639793479330e+00,-3.054326190990076739e+00,7.017986260367184315e+00
-1.832595714594046132e+00,-3.054326190990076739e+00,6.824148124266980808e+00
-1.658062789394612935e+00,-3.054326190990076739e+00,6.333597192036523715e+00
-1.483529864195180181e+00,-3.054326190990076739e+00,5.918375840161223422e+00
-1.308996938995746984e+00,-3.054326190990076739e+00,6.551130950270014353e+00
-1.134464013796314230e+00,-3.054326190990076739e+00,9.210562705587690857e+00
-9.599310885968812546e-01,-3.054326190990076739e+00,1.496446676400417175e+01
-7.853981633974482790e-01,-3.054326190990076739e+00,2.352825911623499167e+01
-6.108652381980153034e-01,-3.054326190990076739e+00,3.408222348149634939e+01
-4.363323129985823279e-01,-3.054326190990076739e+00,4.513888481003218089e+01
-2.617993877991495744e-01,-3.054326190990076739e+00,5.555396425477204048e+01
-8.726646259971659880e-02,-3.054326190990076739e+00,6.092051362464253828e+01
8.726646259971637676e-02,-3.054326190990076739e+00,5.771785928395965470e+01
2.617993877991493523e-01,-3.054326190990076739e+00,4.756799563460009495e+01
4.363323129985823279e-01,-3.054326190990076739e+00,3.657205077805389948e+01
6.108652381980153034e-01,-3.054326190990076739e+00,2.552711473381206986e+01
7.853981633974482790e-01,-3.054326190990076739e+00,1.748805211617626298e+01
9.599310885968810325e-01,-3.054326190990076739e+00,1.371437009472020208e+01
1.134464013796313786e+00,-3.054326190990076739e+00,1.497740773958165938e+01
1.308996938995746984e+00,-3.054326190990076739e+00,2.047614202039659403e+01
1.483529864195180181e+00,-3.054326190990076739e+00,2.926938025599320170e+01
1.658062789394612935e+00,-3.054326190990076739e+00,3.930972718650141218e+01
1.832595714594045688e+00,-3.054326190990076739e+00,4.891478091485831214e+01
2.007128639793478886e+00,-3.054326190990076739e+00,5.738431151781298922e+01
2.181661564992912083e+00,-3.054326190990076739e+00,6.176010617462377184e+01
2.356194490192344837e+00,-3.054326190990076739e+00,6.104422161686147774e+01
2.530727415391777591e+00,-3.054326190990076739e+00,5.529995158664910093e+01
2.705260340591210344e+00,-3.054326190990076739e+00,4.638599007805756003e+01
2.879793265790643542e+00,-3.054326190990076739e+00,3.540678777630293439e+01
3.054326190990076739e+00,-3.054326190990076739e+00,2.507834071833287481e+01
-3.054326190990076739e+00,-2.879793265790643986e+00,2.027319974419299342e+01
-2.879793265790643986e+00,-2.879793265790643986e+00,1.374807860619615241e+01
-2.705260340591210788e+00,-2.879793265790643986e+00,1.002323736125831211e+01
-2.530727415391777591e+00,-2.879793265790643986e+00,8.519551074041917360e+00
-2.356194490192344837e+00,-2.879793265790643986e+00,8.657429039245455371e+00
-2.181661564992912083e+00,-2.879793265790643986e+00,9.535706581635400525e+00
-2.007128639793479330e+00,-2.879793265790643986e+00,9.962535547904153077e+00
-1.832595714594046132e+00,-2.879793265790643986e+00,9.867933932697919630e+00
-1.658062789394612935e+00,-2.879793265790643986e+00,9.650133911981129131e+00
-1.483529864195180181e+00,-2.879793265790643986e+00,9.643891900795551919e+00
-1.308996938995746984e+00,-2.879793265790643986e+00,1.099070035358135122e+01
-1.134464013796314230e+00,-2.879793265790643986e+00,1.467590871094425964e+01
-9.599310885968812546e-01,-2.879793265790643986e+00,2.150511607272217418e+01
-7.853981633974482790e-01,-2.879793265790643986e+00,3.097142963664226301e+01
-6.108652381980153034e-01,-2.879793265790643986e+00,4.220713534811547163e+01
-4.363323129985823279e-01,-2.879793265790643986e+00,5.317558831886938719e+01
-2.617993877991495744e-01,-2.879793265790643986e+00,6.287321255403094256e+01
-8.726646259971659880e-02,-2.879793265790643986e+00,6.372110922782778175e+01
8.726646259971637676e-02,-2.879793265790643986e+00,5.595818373900011977e+01
2.617993877991493523e-01,-2.879793265790643986e+00,4.489566525085113824e+01
4.363323129985823279e-01,-2.879793265790643986e+00,3.419058293170191121e+01
6.108652381980153034e-01,-2.879793265790643986e+00,2.382261887861134042e+01
7.853981633974482790e-01,-2.879793265790643986e+00,1.662836418266757832e+01
9.599310885968810325e-01,-2.879793265790643986e+00,1.393486588150540229e+01
1.134464013796313786e+00,-2.879793265790643986e+00,1.608912048528871708e+01
1.308996938995746984e+00,-2.879793265790643986e+00,2.231494655840430141e+01
1.483529864195180181e+00,-2.879793265790643986e+00,3.127310415143555744e+01
1.658062789394612935e+00,-2.879793265790643986e+00,4.153490384858586992e+01
1.832595714594045688e+00,-2.879793265790643986e+00,5.140138558833031368e+01
2.007128639793478886e+00,-2.879793265790643986e+00,5.992619016432873025e+01
2.181661564992912083e+00,-2.879793265790643986e+00,6.496146931023560001e+01
2.356194490192344837e+00,-2.879793265790643986e+00,6.479316971632620437e+01
2.530727415391777591e+00,-2.879793265790643986e+00,5.940618897160594258e+01
2.705260340591210344e+00,-2.879793265790643986e+00,5.064223376320752834e+01
2.879793265790643542e+00,-2.879793265790643986e+00,3.995307062754044125e+01
3.054326190990076739e+00,-2.879793265790643986e+00,2.931620204371071736e+01
-3.054326190990076739e+00,-2.705260340591210788e+00,2.440581707572022907e+01
-2.879793265790643986e+00,-2.705260340591210788e+00,1.783141542902421861e+01
-2.705260340591210788e+00,-2.705260340591210788e+00,1.380138402402875109e+01
-2.530727415391777591e+00,-2.705260340591210788e+00,1.211679421788316979e+01
-2.356194490192344837e+00,-2.705260340591210788e+00,1.183136757396891170e+01
-2.181661564992912083e+00,-2.705260340591210788e+00,1.279223256867559932e+01
-2.007128639793479330e+00,-2.705260340591210788e+00,1.331413461586106983e+01
-1.832595714594046132e+00,-2.705260340591210788e+00,1.306554872099362186e+01
-1.658062789394612935e+00,-2.705260340591210788e+00,1.285641955062915898e+01
-1.483529864195180181e+00,-2.705260340591210788e+00,1.334798811403578789e+01
-1.308996938995746984e+00,-2.705260340591210788e+00,1.526327987694151744e+01
-1.134464013796314230e+00,-2.705260340591210788e+00,2.004420277951384932e+01
-9.599310885968812546e-01,-2.705260340591210788e+00,2.759641685923020660e+01
-7.853981633974482790e-01,-2.705260340591210788e+00,3.766287737549757253e+01
-6.108652381980153034e-01,-2.705260340591210788e+00,4.888337118824713912e+01
-4.363323129985823279e-01,-2.705260340591210788e+00,5.811442037495412194e+01
-2.617993877991495744e-01,-2.705260340591210788e+00,6.567582135338224703e+01
-8.726646259971659880e-02,-2.705260340591210788e+00,6.204497125708604699e+01
8.726646259971637676e-02,-2.705260340591210788e+00,5.347475436850655228e+01
2.617993877991493523e-01,-2.705260340591210788e+00,4.245433988482245979e+01
4.363323129985823279e-01,-2.705260340591210788e+00,3.165077973192752836e+01
6.108652381980153034e-01,-2.705260340591210788e+00,2.260311910808877656e+01
7.853981633974482790e-01,-2.705260340591210788e+00,1.648651237888636700e+01
9.599310885968810325e-01,-2.705260340591210788e+00,1.470976421515971566e+01
1.134464013796313786e+00,-2.705260340591210788e+00,1.753260790351887621e+01
1.308996938995746984e+00,-2.705260340591210788e+00,2.411155066956088433e+01
1.483529864195180181e+00,-2.705260340591210788e+00,3.329570297599468631e+01
1.658062789394612935e+00,-2.705260340591210788e+00,4.364078569050701617e+01
1.832595714594045688e+00,-2.705260340591210788e+00,5.345881456278277710e+01
2.007128639793478886e+00,-2.705260340591210788e+00,6.219323123010242682e+01
2.181661564992912083e+00,-2.705260340591210788e+00,6.726541392397614061e+01
2.356194490192344837e+00,-2.705260340591210788e+00,6.760425388540811298e+01
2.530727415391777591e+00,-2.705260340591210788e+00,6.268388051010983020e+01
2.705260340591210344e+00,-2.705260340591210788e+00,5.464181351439913215e+01
2.879793265790643542e+00,-2.705260340591210788e+00,4.423189001842234802e+01
3.054326190990076739e+00,-2.705260340591210788e+00,3.374860747007703310e+01
-3.054326190990076739e+00,-2.530727415391777591e+00,2.857238836381058178e+01
-2.879793265790643986e+00,-2.530727415391777591e+00,2.171411265047795780e+01
-2.705260340591210788e+00,-2.530727415391777591e+00,1.754143668113048449e+01
-2.530727415391777591e+00,-2.530727415391777591e+00,1.569496480860533261e+01
-2.356194490192344837e+00,-2.530727415391777591e+00,1.524726566531221295e+01
-2.181661564992912083e+00,-2.530727415391777591e+00,1.594482775108095929e+01
-2.007128639793479330e+00,-2.530727415391777591e+00,1.647293131492477869e+01
-1.832595714594046132e+00,-2.530727415391777591e+00,1.612909178879032623e+01
-1.658062789394612935e+00,-2.530727415391777591e+00,1.627296884292545442e+01
-1.483529864195180181e+00,-2.530727415391777591e+00,1.692466180078325522e+01
-1.308996938995746984e+00,-2.530727415391777591e+00,1.937846504262208214e+01
-1.134464013796314230e+00,-2.530727415391777591e+00,2.448223092533610412e+01
-9.599310885968812546e-01,-2.530727415391777591e+00,3.255588306027705414e+01
-7.853981633974482790e-01,-2.530727415391777591e+00,4.260825042150172237e+01
-6.108652381980153034e-01,-2.530727415391777591e+00,5.296313280691076386e+01
-4.363323129985823279e-01,-2.530727415391777591e+00,6.073902801126970985e+01
-2.617993877991495744e-01,-2.530727415391777591e+00,6.245106938039766931e+01
-8.726646259971659880e-02,-2.530727415391777591e+00,5.748553426090825269e+01
8.726646259971637676e-02,-2.530727415391777591e+00,4.926565368786715737e+01
2.617993877991493523e-01,-2.530727415391777591e+00,3.904487032764518517e+01
4.363323129985823279e-01,-2.530727415391777591e+00,2.938554870127279983e+01
6.108652381980153034e-01,-2.530727415391777591e+00,2.153437543029782475e+01
7.853981633974482790e-01,-2.530727415391777591e+00,1.683511468091230157e+01
9.599310885968810325e-01,-2.530727415391777591e+00,1.585480537747379515e+01
1.134464013796313786e+00,-2.530727415391777591e+00,1.911221576868983263e+01
1.308996938995746984e+00,-2.530727415391777591e+00,2.581690439925061753e+01
1.483529864195180181e+00,-2.530727415391777591e+00,3.511989743615771431e+01
1.658062789394612935e+00,-2.530727415391777591e+00,4.535183040577251745e+01
1.832595714594045688e+00,-2.530727415391777591e+00,5.503475773413573791e+01
2.007128639793478886e+00,-2.530727415391777591e+00,6.379272964749029029e+01
2.181661564992912083e+00,-2.530727415391777591e+00,6.910113665106673864e+01
2.356194490192344837e+00,-2.530727415391777591e+00,6.994335051063579556e+01
2.530727415391777591e+00,-2.530727415391777591e+00,6.581517239010717901e+01
2.705260340591210344e+00,-2.530727415391777591e+00,5.839279835091338100e+01
2.879793265790643542e+00,-2.530727415391777591e+00,4.825540787973856993e+01
3.054326190990076739e+00,-2.530727415391777591e+00,3.802503610742345330e+01
-3.054326190990076739e+00,-2.356194490192344837e+00,3.190875263521090588e+01
-2.879793265790643986e+00,-2.356194490192344837e+00,2.482901096557530707e+01
-2.705260340591210788e+00,-2.356194490192344837e+00,2.049601172001798233e+01
-2.530727415391777591e+00,-2.356194490192344837e+00,1.832898800566330166e+01
-2.356194490192344837e+00,-2.356194490192344837e+00,1.789768074226297756e+01
-2.181661564992912083e+00,-2.356194490192344837e+00,1.839212195665918870e+01
-2.007128639793479330e+00,-2.356194490192344837e+00,1.868025745353969569e+01
-1.832595714594046132e+00,-2.356194490192344837e+00,1.838831774974610056e+01
-1.658062789394612935e+00,-2.356194490192344837e+00,1.847271282594157782e+01
-1.483529864195180181e+00,-2.356194490192344837e+00,1.953685487242641017e+01
-1.308996938995746984e+00,-2.356194490192344837e+00,2.233257177246742486e+01
-1.134464013796314230e+00,-2.356194490192344837e+00,2.762248114822608969e+01
-9.599310885968812546e-01,-2.356194490192344837e+00,3.537406776920251161e+01
-7.853981633974482790e-01,-2.356194490192344837e+00,4.427950590911466122e+01
-6.108652381980153034e-01,-2.356194490192344837e+00,5.322953100149084094e+01
-4.363323129985823279e-01,-2.356194490192344837e+00,5.830649747316320486e+01
-2.617993877991495744e-01,-2.356194490192344837e+00,5.784729454105685420e+01
-8.726646259971659880e-02,-2.356194490192344837e+00,5.281896736672560166e+01
8.726646259971637676e-02,-2.356194490192344837e+00,4.530935433224942699e+01
2.617993877991493523e-01,-2.356194490192344837e+00,3.625539412365388614e+01
4.363323129985823279e-01,-2.356194490192344837e+00,2.770375478863443064e+01
6.108652381980153034e-01,-2.356194490192344837e+00,2.100519333322619175e+01
7.853981633974482790e-01,-2.356194490192344837e+00,1.701908756693924829e+01
9.599310885968810325e-01,-2.356194490192344837e+00,1.665520724882528825e+01
1.134464013796313786e+00,-2.356194490192344837e+00,2.012589801871189366e+01
1.308996938995746984e+00,-2.356194490192344837e+00,2.670030248961349173e+01
1.483529864195180181e+00,-2.356194490192344837e+00,3.593210266643421846e+01
1.658062789394612935e+00,-2.356194490192344837e+00,4.592800300674225866e+01
1.832595714594045688e+00,-2.356194490192344837e+00,5.577295671333520488e+01
2.007128639793478886e+00,-2.356194490192344837e+00,6.450140042303553400e+01
2.181661564992912083e+00,-2.356194490192344837e+00,7.002634353496655706e+01
2.356194490192344837e+00,-2.356194490192344837e+00,7.108069238832035808e+01
2.530727415391777591e+00,-2.356194490192344837e+00,6.766174350870633702e+01
2.705260340591210344e+00,-2.356194490192344837e+00,6.086448752351375902e+01
2.879793265790643542e+00,-2.356194490192344837e+00,5.115465456050540638e+01
3.054326190990076739e+00,-2.356194490192344837e+00,4.122506801201500082e+01
-3.054326190990076739e+00,-2.181661564992912083e+00,3.415906015817846253e+01
-2.879793265790643986e+00,-2.181661564992912083e+00,2.707769933981698784e+01
-2.705260340591210788e+00,-2.181661564992912083e+00,2.251176967453823607e+01
-2.530727415391777591e+00,-2.181661564992912083e+00,2.022592537348283059e+01
-2.356194490192344837e+00,-2.181661564992912083e+00,1.967296335061652712e+01
-2.181661564992912083e+00,-2.181661564992912083e+00,1.995797858945366343e+01
-2.007128639793479330e+00,-2.181661564992912083e+00,2.042163014745312211e+01
-1.832595714594046132e+00,-2.181661564992912083e+00,2.013760486339830891e+01
-1.658062789394612935e+00,-2.181661564992912083e+00,2.026654923605269687e+01
-1.483529864195180181e+00,-2.181661564992912083e+00,2.126757622383826529e+01
-1.308996938995746984e+00,-2.181661564992912083e+00,2.400520310493255494e+01
-1.134464013796314230e+00,-2.181661564992912083e+00,2.900665530173681006e+01
-9.599310885968812546e-01,-2.181661564992912083e+00,3.587345867182183667e+01
-7.853981633974482790e-01,-2.181661564992912083e+00,4.379000826229614063e+01
-6.108652381980153034e-01,-2.181661564992912083e+00,5.018044574668907387e+01
-4.363323129985823279e-01,-2.181661564992912083e+00,5.344738459603181013e+01
-2.617993877991495744e-01,-2.181661564992912083e+00,5.197748893522670244e+01
-8.726646259971659880e-02,-2.181661564992912083e+00,4.751797761008906207e+01
8.726646259971637676e-02,-2.181661564992912083e+00,4.119614965328404566e+01
2.617993877991493523e-01,-2.181661564992912083e+00,3.371878020631532991e+01
4.363323129985823279e-01,-2.181661564992912083e+00,2.658500152781213544e+01
6.108652381980153034e-01,-2.181661564992912083e+00,2.086771371233176353e+01
7.853981633974482790e-01,-2.181661564992912083e+00,1.760937784621103219e+01
9.599310885968810325e-01,-2.181661564992912083e+00,1.747984479467181274e+01
1.134464013796313786e+00,-2.181661564992912083e+00,2.081543531638359923e+01
1.308996938995746984e+00,-2.181661564992912083e+00,2.735442968912688144e+01
1.483529864195180181e+00,-2.181661564992912083e+00,3.641506561244947449e+01
1.658062789394612935e+00,-2.181661564992912083e+00,4.640334854019059208e+01
1.832595714594045688e+00,-2.181661564992912083e+00,5.610873629378201599e+01
2.007128639793478886e+00,-2.181661564992912083e+00,6.501730986361600628e+01
2.181661564992912083e+00,-2.181661564992912083e+00,7.033667805517713134e+01
2.356194490192344837e+00,-2.181661564992912083e+00,7.195763838642257326e+01
2.530727415391777591e+00,-2.181661564992912083e+00,6.870727137195142120e+01
2.705260340591210344e+00,-2.181661564992912083e+00,6.230624304497844435e+01
2.879793265790643542e+00,-2.181661564992912083e+00,5.301180507899819361e+01
3.054326190990076739e+00,-2.181661564992912083e+00,4.307872588798925051e+01
-3.054326190990076739e+00,-2.007128639793479330e+00,3.522297924776006539e+01
-2.879793265790643986e+00,-2.007128639793479330e+00,2.829545559542316369e+01
-2.705260340591210788e+00,-2.007128639793479330e+00,2.376656374403033922e+01
-2.530727415391777591e+00,-2.007128639793479330e+00,2.147558495350414631e+01
-2.356194490192344837e+00,-2.007128639793479330e+00,2.070353809582070426e+01
-2.181661564992912083e+00,-2.007128639793479330e+00,2.099674151939969136e+01
-2.007128639793479330e+00,-2.007128639793479330e+00,2.112094342767611010e+01
-1.832595714594046132e+00,-2.007128639793479330e+00,2.109316887289064368e+01
-1.658062789394612935e+00,-2.007128639793479330e+00,2.135027104040297274e+01
-1.483529864195180181e+00,-2.007128639793479330e+00,2.220321672297365723e+01
-1.308996938995746984e+00,-2.007128639793479330e+00,2.435396324979054583e+01
-1.134464013796314230e+00,-2.007128639793479330e+00,2.841504636356163260e+01
-9.599310885968812546e-01,-2.007128639793479330e+00,3.412377847459320890e+01
-7.853981633974482790e-01,-2.007128639793479330e+00,4.034899299488438373e+01
-6.108652381980153034e-01,-2.007128639793479330e+00,4.508018872507778951e+01
-4.363323129985823279e-01,-2.007128639793479330e+00,4.737498977157713398e+01
-2.617993877991495744e-01,-2.007128639793479330e+00,4.615273988844576536e+01
-8.726646259971659880e-02,-2.007128639793479330e+00,4.273427806753261393e+01
8.726646259971637676e-02,-2.007128639793479330e+00,3.762023914729333995e+01
2.617993877991493523e-01,-2.007128639793479330e+00,3.162035252010868547e+01
4.363323129985823279e-01,-2.007128639793479330e+00,2.583201535824683504e+01
6.108652381980153034e-01,-2.007128639793479330e+00,2.107534200087414789e+01
7.853981633974482790e-01,-2.007128639793479330e+00,1.820745438058368748e+01
9.599310885968810325e-01,-2.007128639793479330e+00,1.799627609860885258e+01
1.134464013796313786e+00,-2.007128639793479330e+00,2.122076281062219039e+01
1.308996938995746984e+00,-2.007128639793479330e+00,2.758031532350355874e+01
1.483529864195180181e+00,-2.007128639793479330e+00,3.635231641557734150e+01
1.658062789394612935e+00,-2.007128639793479330e+00,4.632695988049918867e+01
1.832595714594045688e+00,-2.007128639793479330e+00,5.611094108257084656e+01
2.007128639793478886e+00,-2.007128639793479330e+00,6.503432096061118273e+01
2.181661564992912083e+00,-2.007128639793479330e+00,7.068327990044258513e+01
2.356194490192344837e+00,-2.007128639793479330e+00,7.181907577807592702e+01
2.530727415391777591e+00,-2.007128639793479330e+00,6.899762059735054720e+01
2.705260340591210344e+00,-2.007128639793479330e+00,6.265219055582699070e+01
2.879793265790643542e+00,-2.007128639793479330e+00,5.360887286483543335e+01
3.054326190990076739e+00,-2.007128639793479330e+00,4.426838340415186224e+01
-3.054326190990076739e+00,-1.832595714594046132e+00,3.494027232031960040e+01
-2.879793265790643986e+00,-1.832595714594046132e+00,2.806949548596752209e+01
-2.705260340591210788e+00,-1.832595714594046132e+00,2.380949465053753045e+01
-2.530727415391777591e+00,-1.832595714594046132e+00,2.137974942045527627e+01
-2.356194490192344837e+00,-1.832595714594046132e+00,2.075856208963650573e+01
-2.181661564992912083e+00,-1.832595714594046132e+00,2.093201627516708641e+01
-2.007128639793479330e+00,-1.832595714594046132e+00,2.110288269265368299e+01
-1.832595714594046132e+00,-1.832595714594046132e+00,2.099733725793071670e+01
-1.658062789394612935e+00,-1.832595714594046132e+00,2.119094291771923011e+01
-1.483529864195180181e+00,-1.832595714594046132e+00,2.168805556373857613e+01
-1.308996938995746984e+00,-1.832595714594046132e+00,2.326258301192655153e+01
-1.134464013796314230e+00,-1.832595714594046132e+00,2.645754562416715316e+01
-9.599310885968812546e-01,-1.832595714594046132e+00,3.117158775811919824e+01
-7.853981633974482790e-01,-1.832595714594046132e+00,3.602561163801333066e+01
-6.108652381980153034e-01,-1.832595714594046132e+00,3.940764524801414836e+01
-4.363323129985823279e-01,-1.832595714594046132e+00,4.132219352625869391e+01
-2.617993877991495744e-01,-1.832595714594046132e+00,4.077600819290097434e+01
-8.726646259971659880e-02,-1.832595714594046132e+00,3.856826437068090740e+01
8.726646259971637676e-02,-1.832595714594046132e+00,3.457950428524405595e+01
2.617993877991493523e-01,-1.832595714594046132e+00,3.014794883680926674e+01
4.363323129985823279e-01,-1.832595714594046132e+00,2.529826594241566440e+01
6.108652381980153034e-01,-1.832595714594046132e+00,2.125591614405097118e+01
7.853981633974482790e-01,-1.832595714594046132e+00,1.864037077399602893e+01
9.599310885968810325e-01,-1.832595714594046132e+00,1.825562720732587252e+01
1.134464013796313786e+00,-1.832595714594046132e+00,2.104841623231484604e+01
1.308996938995746984e+00,-1.832595714594046132e+00,2.697676720643909931e+01
1.483529864195180181e+00,-1.832595714594046132e+00,3.561010844788030738e+01
1.658062789394612935e+00,-1.832595714594046132e+00,4.551012326953865283e+01
1.832595714594045688e+00,-1.832595714594046132e+00,5.536455923352180264e+01
2.007128639793478886e+00,-1.832595714594046132e+00,6.442528429957592095e+01
2.181661564992912083e+00,-1.832595714594046132e+00,6.989351365616391831e+01
2.356194490192344837e+00,-1.832595714594046132e+00,7.098099347546940407e+01
2.530727415391777591e+00,-1.832595714594046132e+00,6.835694595087865366e+01
2.705260340591210344e+00,-1.832595714594046132e+00,6.203735892319613754e+01
2.879793265790643542e+00,-1.832595714594046132e+00,5.293845707534789824e+01
3.054326190990076739e+00,-1.832595714594046132e+00,4.357647459687483149e+01
-3.054326190990076739e+00,-1.658062789394612935e+00,3.384123141883007690e+01
-2.879793265790643986e+00,-1.658062789394612935e+00,2.724261663594239735e+01
-2.705260340591210788e+00,-1.658062789394612935e+00,2.298128040555062057e+01
-2.530727415391777591e+00,-1.658062789394612935e+00,2.077018292899717267e+01
-2.356194490192344837e+00,-1.658062789394612935e+00,2.010151752268217962e+01
-2.181661564992912083e+00,-1.658062789394612935e+00,2.039600004311228076e+01
-2.007128639793479330e+00,-1.658062789394612935e+00,2.062171516060062260e+01
-1.832595714594046132e+00,-1.658062789394612935e+00,2.049087874195617331e+01
-1.658062789394612935e+00,-1.658062789394612935e+00,2.043744492013465575e+01
-1.483529864195180181e+00,-1.658062789394612935e+00,2.053918555954078684e+01
-1.308996938995746984e+00,-1.658062789394612935e+00,2.137358054062277546e+01
-1.134464013796314230e+00,-1.658062789394612935e+00,2.352808923983123179e+01
-9.599310885968812546e-01,-1.658062789394612935e+00,2.692934406111470125e+01
-7.853981633974482790e-01,-1.658062789394612935e+00,3.056459301952384777e+01
-6.108652381980153034e-01,-1.658062789394612935e+00,3.347605093072695581e+01
-4.363323129985823279e-01,-1.658062789394612935e+00,3.542800616891172183e+01
-2.617993877991495744e-01,-1.658062789394612935e+00,3.561570353152580282e+01
-8.726646259971659880e-02,-1.658062789394612935e+00,3.482492793659726260e+01
8.726646259971637676e-02,-1.658062789394612935e+00,3.222663985343534421e+01
2.617993877991493523e-01,-1.658062789394612935e+00,2.947890321724466745e+01
4.363323129985823279e-01,-1.658062789394612935e+00,2.581645372450503828e+01
6.108652381980153034e-01,-1.658062789394612935e+00,2.215465418982400791e+01
7.853981633974482790e-01,-1.658062789394612935e+00,1.957531166024432423e+01
9.599310885968810325e-01,-1.658062789394612935e+00,1.877243185262638647e+01
1.134464013796313786e+00,-1.658062789394612935e+00,2.080526645569661781e+01
1.308996938995746984e+00,-1.658062789394612935e+00,2.631280693895624978e+01
1.483529864195180181e+00,-1.658062789394612935e+00,3.456881948729001408e+01
1.658062789394612935e+00,-1.658062789394612935e+00,4.463666103929678286e+01
1.832595714594045688e+00,-1.658062789394612935e+00,5.463906652830924315e+01
2.007128639793478886e+00,-1.658062789394612935e+00,6.348023963509973555e+01
2.181661564992912083e+00,-1.658062789394612935e+00,6.919375171825411996e+01
2.356194490192344837e+00,-1.658062789394612935e+00,7.013967710557152202e+01
2.530727415391777591e+00,-1.658062789394612935e+00,6.705753365674760857e+01
2.705260340591210344e+00,-1.658062789394612935e+00,6.052467176085744427e+01
2.879793265790643542e+00,-1.658062789394612935e+00,5.150202534793552900e+01
3.054326190990076739e+00,-1.658062789394612935e+00,4.224679329214774270e+01
-3.054326190990076739e+00,-1.483529864195180181e+00,3.147004655104976578e+01
-2.879793265790643986e+00,-1.483529864195180181e+00,2.511170749426699444e+01
-2.705260340591210788e+00,-1.483529864195180181e+00,2.091059808284238386e+01
-2.530727415391777591e+00,-1.483529864195180181e+00,1.889515949926407501e+01
-2.356194490192344837e+00,-1.483529864195180181e+00,1.846469263397654359e+01
-2.181661564992912083e+00,-1.483529864195180181e+00,1.876177390051945082e+01
-2.007128639793479330e+00,-1.483529864195180181e+00,1.905886008323104974e+01
-1.832595714594046132e+00,-1.483529864195180181e+00,1.866542910594072424e+01
-1.658062789394612935e+00,-1.483529864195180181e+00,1.835535695427608260e+01
-1.483529864195180181e+00,-1.483529864195180181e+00,1.815620397716303458e+01
-1.308996938995746984e+00,-1.483529864195180181e+00,1.832435820198718091e+01
-1.134464013796314230e+00,-1.483529864195180181e+00,1.969817103283878623e+01
-9.599310885968812546e-01,-1.483529864195180181e+00,2.253250012992121754e+01
-7.853981633974482790e-01,-1.483529864195180181e+00,2.527726009574083577e+01
-6.108652381980153034e-01,-1.483529864195180181e+00,2.802388022758668740e+01
-4.363323129985823279e-01,-1.483529864195180181e+00,3.024288113127601108e+01
-2.617993877991495744e-01,-1.483529864195180181e+00,3.137616910721891728e+01
-8.726646259971659880e-02,-1.483529864195180181e+00,3.172851667136564302e+01
8.726646259971637676e-02,-1.483529864195180181e+00,3.094131324762448187e+01
2.617993877991493523e-01,-1.483529864195180181e+00,2.938552263603565606e+01
4.363323129985823279e-01,-1.483529864195180181e+00,2.710669953028209633e+01
6.108652381980153034e-01,-1.483529864195180181e+00,2.396351673303353635e+01
7.853981633974482790e-01,-1.483529864195180181e+00,2.080348286893300980e+01
9.599310885968810325e-01,-1.483529864195180181e+00,1.890942256406004063e+01
1.134464013796313786e+00,-1.483529864195180181e+00,1.995284696944546710e+01
1.308996938995746984e+00,-1.483529864195180181e+00,2.463760961134869731e+01
1.483529864195180181e+00,-1.483529864195180181e+00,3.277263794112047179e+01
1.658062789394612935e+00,-1.483529864195180181e+00,4.312607741132177352e+01
1.832595714594045688e+00,-1.483529864195180181e+00,5.308520776878171432e+01
2.007128639793478886e+00,-1.483529864195180181e+00,6.201975731769829281e+01
2.181661564992912083e+00,-1.483529864195180181e+00,6.742263055652882997e+01
2.356194490192344837e+00,-1.483529864195180181e+00,6.827953930916879699e+01
2.530727415391777591e+00,-1.483529864195180181e+00,6.465114127242568998e+01
2.705260340591210344e+00,-1.483529864195180181e+00,5.789913831416309620e+01
2.879793265790643542e+00,-1.483529864195180181e+00,4.877752568849138015e+01
3.054326190990076739e+00,-1.483529864195180181e+00,3.962332686483728139e+01
-3.054326190990076739e+00,-1.308996938995746984e+00,2.870862301204800104e+01
-2.879793265790643986e+00,-1.308996938995746984e+00,2.235740742877944598e+01
-2.705260340591210788e+00,-1.308996938995746984e+00,1.857739668965097479e+01
-2.530727415391777591e+00,-1.308996938995746984e+00,1.674710212005430066e+01
-2.356194490192344837e+00,-1.308996938995746984e+00,1.658035595279437402e+01
-2.181661564992912083e+00,-1.308996938995746984e+00,1.677855354968621526e+01
-2.007128639793479330e+00,-1.308996938995746984e+00,1.711713372307535508e+01
-1.832595714594046132e+00,-1.308996938995746984e+00,1.666057015518375550e+01
-1.658062789394612935e+00,-1.308996938995746984e+00,1.620069230608372379e+01
-1.483529864195180181e+00,-1.308996938995746984e+00,1.544464579907122470e+01
-1.308996938995746984e+00,-1.308996938995746984e+00,1.502976348806120654e+01
-1.134464013796314230e+00,-1.308996938995746984e+00,1.590498872715641099e+01
-9.599310885968812546e-01,-1.308996938995746984e+00,1.788112481653126196e+01
-7.853981633974482790e-01,-1.308996938995746984e+00,2.025806071974519540e+01
-6.108652381980153034e-01,-1.308996938995746984e+00,2.295869027025679543e+01
-4.363323129985823279e-01,-1.308996938995746984e+00,2.580710543535469625e+01
-2.617993877991495744e-01,-1.308996938995746984e+00,2.820248894751272317e+01
-8.726646259971659880e-02,-1.308996938995746984e+00,2.985462585500514265e+01
8.726646259971637676e-02,-1.308996938995746984e+00,3.100869747186037273e+01
2.617993877991493523e-01,-1.308996938995746984e+00,3.088966671453690083e+01
4.363323129985823279e-01,-1.308996938995746984e+00,2.948881022503964999e+01
6.108652381980153034e-01,-1.308996938995746984e+00,2.557921508790705900e+01
7.853981633974482790e-01,-1.308996938995746984e+00,2.147646284697800567e+01
9.599310885968810325e-01,-1.308996938995746984e+00,1.841122888033989113e+01
1.134464013796313786e+00,-1.308996938995746984e+00,1.847934816721275553e+01
1.308996938995746984e+00,-1.308996938995746984e+00,2.276920958797548877e+01
1.483529864195180181e+00,-1.308996938995746984e+00,3.086818734867271274e+01
1.658062789394612935e+00,-1.308996938995746984e+00,4.121907656589111468e+01
1.832595714594045688e+00,-1.308996938995746984e+00,5.148448371749879016e+01
2.007128639793478886e+00,-1.308996938995746984e+00,6.030522652516209803e+01
2.181661564992912083e+00,-1.308996938995746984e+00,6.559488111685746503e+01
2.356194490192344837e+00,-1.308996938995746984e+00,6.604672164895262654e+01
2.530727415391777591e+00,-1.308996938995746984e+00,6.217821764918193139e+01
2.705260340591210344e+00,-1.308996938995746984e+00,5.500775485794565611e+01
2.879793265790643542e+00,-1.308996938995746984e+00,4.575557347239892181e+01
3.054326190990076739e+00,-1.308996938995746984e+00,3.661663395133977872e+01
-3.054326190990076739e+00,-1.134464013796314230e+00,2.549427175834784975e+01
-2.879793265790643986e+00,-1.134464013796314230e+00,1.964887290190203117e+01
-2.705260340591210788e+00,-1.134464013796314230e+00,1.621291377992718097e+01
-2.530727415391777591e+00,-1.134464013796314230e+00,1.469799583772793561e+01
-2.356194490192344837e+00,-1.134464013796314230e+00,1.452429809246203263e+01
-2.181661564992912083e+00,-1.134464013796314230e+00,1.495830643756273659e+01
-2.007128639793479330e+00,-1.134464013796314230e+00,1.503279934882734281e+01
-1.832595714594046132e+00,-1.134464013796314230e+00,1.439698996113628837e+01
-1.658062789394612935e+00,-1.134464013796314230e+00,1.346848920581942366e+01
-1.483529864195180181e+00,-1.134464013796314230e+00,1.223554176272960170e+01
-1.308996938995746984e+00,-1.134464013796314230e+00,1.144639566928771401e+01
-1.134464013796314230e+00,-1.134464013796314230e+00,1.164681293354026614e+01
-9.599310885968812546e-01,-1.134464013796314230e+00,1.309876167806429059e+01
-7.853981633974482790e-01,-1.134464013796314230e+00,1.557461026094475365e+01
-6.108652381980153034e-01,-1.134464013796314230e+00,1.869763664951817717e+01
-4.363323129985823279e-01,-1.134464013796314230e+00,2.254638662700887153e+01
-2.617993877991495744e-01,-1.134464013796314230e+00,2.631335026516062925e+01
-8.726646259971659880e-02,-1.134464013796314230e+00,2.974974603609752677e+01
8.726646259971637676e-02,-1.134464013796314230e+00,3.289286870508855287e+01
2.617993877991493523e-01,-1.134464013796314230e+00,3.332318996447312998e+01
4.363323129985823279e-01,-1.134464013796314230e+00,3.182751323252239573e+01
6.108652381980153034e-01,-1.134464013796314230e+00,2.713340144565925627e+01
7.853981633974482790e-01,-1.134464013796314230e+00,2.169439708257725741e+01
9.599310885968810325e-01,-1.134464013796314230e+00,1.783023849382407988e+01
1.134464013796313786e+00,-1.134464013796314230e+00,1.725288198053969779e+01
1.308996938995746984e+00,-1.134464013796314230e+00,2.112919921345106644e+01
1.483529864195180181e+00,-1.134464013796314230e+00,2.892498955725717025e+01
1.658062789394612935e+00,-1.134464013796314230e+00,3.941496765090654719e+01
1.832595714594045688e+00,-1.134464013796314230e+00,4.977362401898787425e+01
2.007128639793478886e+00,-1.134464013796314230e+00,5.846154019661290135e+01
2.181661564992912083e+00,-1.134464013796314230e+00,6.346138050303241585e+01
2.356194490192344837e+00,-1.134464013796314230e+00,6.347155308191160827e+01
2.530727415391777591e+00,-1.134464013796314230e+00,5.917047591735926915e+01
2.705260340591210344e+00,-1.134464013796314230e+00,5.173148590122831081e+01
2.879793265790643542e+00,-1.134464013796314230e+00,4.239337587238989613e+01
3.054326190990076739e+00,-1.134464013796314230e+00,3.333166338605368395e+01
-3.054326190990076739e+00,-9.599310885968812546e-01,2.283436021118836834e+01
-2.879793265790643986e+00,-9.599310885968812546e-01,1.716986227444325053e+01
-2.705260340591210788e+00,-9.599310885968812546e-01,1.403742289113328923e+01
-2.530727415391777591e+00,-9.599310885968812546e-01,1.270405620830246818e+01
-2.356194490192344837e+00,-9.599310885968812546e-01,1.269859054587832325e+01
-2.181661564992912083e+00,-9.599310885968812546e-01,1.293177796469597673e+01
-2.007128639793479330e+00,-9.599310885968812546e-01,1.268580049220422268e+01
-1.832595714594046132e+00,-9.599310885968812546e-01,1.182251853750447879e+01
-1.658062789394612935e+00,-9.599310885968812546e-01,1.057756493030655065e+01
-1.483529864195180181e+00,-9.599310885968812546e-01,8.935530047672054721e+00
-1.308996938995746984e+00,-9.599310885968812546e-01,7.686531871445179576e+00
-1.134464013796314230e+00,-9.599310885968812546e-01,7.670447014793100315e+00
-9.599310885968812546e-01,-9.599310885968812546e-01,9.062613456604518447e+00
-7.853981633974482790e-01,-9.599310885968812546e-01,1.185686136325663576e+01
-6.108652381980153034e-01,-9.599310885968812546e-01,1.571436724113633687e+01
-4.363323129985823279e-01,-9.599310885968812546e-01,2.071885426646467110e+01
-2.617993877991495744e-01,-9.599310885968812546e-01,2.643662444415547341e+01
-8.726646259971659880e-02,-9.599310885968812546e-01,3.168593775131511947e+01
8.726646259971637676e-02,-9.599310885968812546e-01,3.591044128627147813e+01
2.617993877991493523e-01,-9.599310885968812546e-01,3.685010529788140587e+01
4.363323129985823279e-01,-9.599310885968812546e-01,3.375489862625123294e+01
6.108652381980153034e-01,-9.599310885968812546e-01,2.807546962114039246e+01
7.853981633974482790e-01,-9.599310885968812546e-01,2.158976295698865044e+01
9.599310885968810325e-01,-9.599310885968812546e-01,1.703174645892699246e+01
1.134464013796313786e+00,-9.599310885968812546e-01,1.591232324340920812e+01
1.308996938995746984e+00,-9.599310885968812546e-01,1.934157173060610546e+01
1.483529864195180181e+00,-9.599310885968812546e-01,2.721419491588898509e+01
1.658062789394612935e+00,-9.599310885968812546e-01,3.753256676184398088e+01
1.832595714594045688e+00,-9.599310885968812546e-01,4.775728042471963875e+01
2.007128639793478886e+00,-9.599310885968812546e-01,5.646458185658576667e+01
2.181661564992912083e+00,-9.599310885968812546e-01,6.101026384772815447e+01
2.356194490192344837e+00,-9.599310885968812546e-01,6.068255688502321732e+01
2.530727415391777591e+00,-9.599310885968812546e-01,5.628103907304907239e+01
2.705260340591210344e+00,-9.599310885968812546e-01,4.866395562484781578e+01
2.879793265790643542e+00,-9.599310885968812546e-01,3.926286279231582910e+01
3.054326190990076739e+00,-9.599310885968812546e-01,3.039769043849183205e+01
-3.054326190990076739e+00,-7.853981633974482790e-01,2.127160769824993025e+01
-2.879793265790643986e+00,-7.853981633974482790e-01,1.588411128761083901e+01
-2.705260340591210788e+00,-7.853981633974482790e-01,1.277028117273448871e+01
-2.530727415391777591e+00,-7.853981633974482790e-01,1.158885594777389194e+01
-2.356194490192344837e+00,-7.853981633974482790e-01,1.135943828563312152e+01
-2.181661564992912083e+00,-7.853981633974482790e-01,1.145188200666771650e+01
-2.007128639793479330e+00,-7.853981633974482790e-01,1.075806571478576856e+01
-1.832595714594046132e+00,-7.853981633974482790e-01,9.601817448015198764e+00
-1.658062789394612935e+00,-7.853981633974482790e-01,8.039927409479959763e+00
-1.483529864195180181e+00,-7.853981633974482790e-01,6.059656422353549843e+00
-1.308996938995746984e+00,-7.853981633974482790e-01,4.683731653769542369e+00
-1.134464013796314230e+00,-7.853981633974482790e-01,4.658421705691774051e+00
-9.599310885968812546e-01,-7.853981633974482790e-01,6.120000850575070039e+00
-7.853981633974482790e-01,-7.853981633974482790e-01,9.646594868995480354e+00
-6.108652381980153034e-01,-7.853981633974482790e-01,1.474417390958018359e+01
-4.363323129985823279e-01,-7.853981633974482790e-01,2.129588516537369003e+01
-2.617993877991495744e-01,-7.853981633974482790e-01,2.880877646804585623e+01
-8.726646259971659880e-02,-7.853981633974482790e-01,3.540571045267805061e+01
8.726646259971637676e-02,-7.853981633974482790e-01,3.969052030763097605e+01
2.617993877991493523e-01,-7.853981633974482790e-01,3.934203635631789098e+01
4.363323129985823279e-01,-7.853981633974482790e-01,3.483767111262407212e+01
6.108652381980153034e-01,-7.853981633974482790e-01,2.811232057569144516e+01
7.853981633974482790e-01,-7.853981633974482790e-01,2.106726022596777526e+01
9.599310885968810325e-01,-7.853981633974482790e-01,1.602594070033700646e+01
1.134464013796313786e+00,-7.853981633974482790e-01,1.485805714454768278e+01
1.308996938995746984e+00,-7.853981633974482790e-01,1.816148198445984718e+01
1.483529864195180181e+00,-7.853981633974482790e-01,2.601711382760977997e+01
1.658062789394612935e+00,-7.853981633974482790e-01,3.608101559264176927e+01
1.832595714594045688e+00,-7.853981633974482790e-01,4.616597078954714561e+01
2.007128639793478886e+00,-7.853981633974482790e-01,5.469594831540835855e+01
2.181661564992912083e+00,-7.853981633974482790e-01,5.931385371856650579e+01
2.356194490192344837e+00,-7.853981633974482790e-01,5.893693556637272479e+01
2.530727415391777591e+00,-7.853981633974482790e-01,5.413295233503278325e+01
2.705260340591210344e+00,-7.853981633974482790e-01,4.687096877102909787e+01
2.879793265790643542e+00,-7.853981633974482790e-01,3.756277112618067804e+01
3.054326190990076739e+00,-7.853981633974482790e-01,2.873411859428386350e+01
-3.054326190990076739e+00,-6.108652381980153034e-01,2.113749527031174580e+01
-2.879793265790643986e+00,-6.108652381980153034e-01,1.571769372160354550e+01
-2.705260340591210788e+00,-6.108652381980153034e-01,1.261237392345330832e+01
-2.530727415391777591e+00,-6.108652381980153034e-01,1.120602320667526008e+01
-2.356194490192344837e+00,-6.108652381980153034e-01,1.059155424281954261e+01
-2.181661564992912083e+00,-6.108652381980153034e-01,1.010247522573694212e+01
-2.007128639793479330e+00,-6.108652381980153034e-01,8.925490191849650756e+00
-1.832595714594046132e+00,-6.108652381980153034e-01,7.408889814646915539e+00
-1.658062789394612935e+00,-6.108652381980153034e-01,5.789297443328834447e+00
-1.483529864195180181e+00,-6.108652381980153034e-01,3.668361280227599330e+00
-1.308996938995746984e+00,-6.108652381980153034e-01,2.355803055598744145e+00
-1.134464013796314230e+00,-6.108652381980153034e-01,2.532384750869997703e+00
-9.599310885968812546e-01,-6.108652381980153034e-01,4.703628497362555727e+00
-7.853981633974482790e-01,-6.108652381980153034e-01,9.210071238649913283e+00
-6.108652381980153034e-01,-6.108652381980153034e-01,1.601094824697940666e+01
-4.363323129985823279e-01,-6.108652381980153034e-01,2.424745930458581000e+01
-2.617993877991495744e-01,-6.108652381980153034e-01,3.284398312058080904e+01
-8.726646259971659880e-02,-6.108652381980153034e-01,3.943405729207253074e+01
8.726646259971637676e-02,-6.108652381980153034e-01,4.275703046927579010e+01
2.617993877991493523e-01,-6.108652381980153034e-01,4.129447918740719814e+01
4.363323129985823279e-01,-6.108652381980153034e-01,3.558994928431140181e+01
6.108652381980153034e-01,-6.108652381980153034e-01,2.833049308339055017e+01
7.853981633974482790e-01,-6.108652381980153034e-01,2.062217818223398424e+01
9.599310885968810325e-01,-6.108652381980153034e-01,1.539176061309271581e+01
1.134464013796313786e+00,-6.108652381980153034e-01,1.406696898752252878e+01
1.308996938995746984e+00,-6.108652381980153034e-01,1.762296415660325977e+01
1.483529864195180181e+00,-6.108652381980153034e-01,2.523181749809296903e+01
1.658062789394612935e+00,-6.108652381980153034e-01,3.528208282298101750e+01
1.832595714594045688e+00,-6.108652381980153034e-01,4.496536265014430001e+01
2.007128639793478886e+00,-6.108652381980153034e-01,5.357289071785885426e+01
2.181661564992912083e+00,-6.108652381980153034e-01,5.821459939360308056e+01
2.356194490192344837e+00,-6.108652381980153034e-01,5.797415052359764331e+01
2.530727415391777591e+00,-6.108652381980153034e-01,5.345988255796200406e+01
2.705260340591210344e+00,-6.108652381980153034e-01,4.624669285358655202e+01
2.879793265790643542e+00,-6.108652381980153034e-01,3.723518972955302075e+01
3.054326190990076739e+00,-6.108652381980153034e-01,2.856467894995659407e+01
-3.054326190990076739e+00,-4.363323129985823279e-01,2.225145517563482045e+01
-2.879793265790643986e+00,-4.363323129985823279e-01,1.642209798210514293e+01
-2.705260340591210788e+00,-4.363323129985823279e-01,1.276255905365705523e+01
-2.530727415391777591e+00,-4.363323129985823279e-01,1.063038235596265757e+01
-2.356194490192344837e+00,-4.363323129985823279e-01,9.571957697298341117e+00
-2.181661564992912083e+00,-4.363323129985823279e-01,8.627251266203961322e+00
-2.007128639793479330e+00,-4.363323129985823279e-01,7.191702335910761690e+00
-1.832595714594046132e+00,-4.363323129985823279e-01,5.532692613738698029e+00
-1.658062789394612935e+00,-4.363323129985823279e-01,3.716184257873212715e+00
-1.483529864195180181e+00,-4.363323129985823279e-01,1.841986322737481530e+00
-1.308996938995746984e+00,-4.363323129985823279e-01,9.141668330388394992e-01
-1.134464013796314230e+00,-4.363323129985823279e-01,1.575537446046894274e+00
-9.599310885968812546e-01,-4.363323129985823279e-01,4.844541606771139541e+00
-7.853981633974482790e-01,-4.363323129985823279e-01,1.096753883076588032e+01
-6.108652381980153034e-01,-4.363323129985823279e-01,1.943525281431180218e+01
-4.363323129985823279e-01,-4.363323129985823279e-01,2.870774281069821043e+01
-2.617993877991495744e-01,-4.363323129985823279e-01,3.726899218454902041e+01
-8.726646259971659880e-02,-4.363323129985823279e-01,4.296055476059039790e+01
8.726646259971637676e-02,-4.363323129985823279e-01,4.529666553457839484e+01
2.617993877991493523e-01,-4.363323129985823279e-01,4.278691783653735570e+01
4.363323129985823279e-01,-4.363323129985823279e-01,3.586774053727365441e+01
6.108652381980153034e-01,-4.363323129985823279e-01,2.758017923538425720e+01
7.853981633974482790e-01,-4.363323129985823279e-01,1.956969140985855660e+01
9.599310885968810325e-01,-4.363323129985823279e-01,1.431479191710372056e+01
1.134464013796313786e+00,-4.363323129985823279e-01,1.310907730450806064e+01
1.308996938995746984e+00,-4.363323129985823279e-01,1.671078803849163563e+01
1.483529864195180181e+00,-4.363323129985823279e-01,2.446079069859471744e+01
1.658062789394612935e+00,-4.363323129985823279e-01,3.407799045893956702e+01
1.832595714594045688e+00,-4.363323129985823279e-01,4.388609662043640469e+01
2.007128639793478886e+00,-4.363323129985823279e-01,5.241034334534043637e+01
2.181661564992912083e+00,-4.363323129985823279e-01,5.769668878587896188e+01
2.356194490192344837e+00,-4.363323129985823279e-01,5.794412383199112071e+01
2.530727415391777591e+00,-4.363323129985823279e-01,5.410396669371537826e+01
2.705260340591210344e+00,-4.363323129985823279e-01,4.729672156346143197e+01
2.879793265790643542e+00,-4.363323129985823279e-01,3.830154245218351150e+01
3.054326190990076739e+00,-4.363323129985823279e-01,2.968078284050866600e+01
-3.054326190990076739e+00,-2.617993877991495744e-01,2.363697333562069502e+01
-2.879793265790643986e+00,-2.617993877991495744e-01,1.724221470741272810e+01
-2.705260340591210788e+00,-2.617993877991495744e-01,1.262308742752902724e+01
-2.530727415391777591e+00,-2.617993877991495744e-01,9.859861399607511956e+00
-2.356194490192344837e+00,-2.617993877991495744e-01,8.246691009481001089e+00
-2.181661564992912083e+00,-2.617993877991495744e-01,7.196656466022557375e+00
-2.007128639793479330e+00,-2.617993877991495744e-01,5.660027717661230362e+00
-1.832595714594046132e+00,-2.617993877991495744e-01,4.000692766206997320e+00
-1.658062789394612935e+00,-2.617993877991495744e-01,2.550131755139219081e+00
-1.483529864195180181e+00,-2.617993877991495744e-01,9.342697579858931789e-01
-1.308996938995746984e+00,-2.617993877991495744e-01,4.275444568930168998e-01
-1.134464013796314230e+00,-2.617993877991495744e-01,2.213678479672529953e+00
-9.599310885968812546e-01,-2.617993877991495744e-01,6.800197043177121259e+00
-7.853981633974482790e-01,-2.617993877991495744e-01,1.432128449509445645e+01
-6.108652381980153034e-01,-2.617993877991495744e-01,2.377336029362760783e+01
-4.363323129985823279e-01,-2.617993877991495744e-01,3.330767027682128401e+01
-2.617993877991495744e-01,-2.617993877991495744e-01,4.141700870074662078e+01
-8.726646259971659880e-02,-2.617993877991495744e-01,4.615988518478656033e+01
8.726646259971637676e-02,-2.617993877991495744e-01,4.752600575896406099e+01
2.617993877991493523e-01,-2.617993877991495744e-01,4.336980089064354615e+01
4.363323129985823279e-01,-2.617993877991495744e-01,3.528452519574928203e+01
6.108652381980153034e-01,-2.617993877991495744e-01,2.631581694727330856e+01
7.853981633974482790e-01,-2.617993877991495744e-01,1.831913662734753601e+01
9.599310885968810325e-01,-2.617993877991495744e-01,1.317324620024061943e+01
1.134464013796313786e+00,-2.617993877991495744e-01,1.231592767004361200e+01
1.308996938995746984e+00,-2.617993877991495744e-01,1.598305703229928909e+01
1.483529864195180181e+00,-2.617993877991495744e-01,2.341560186007233213e+01
1.658062789394612935e+00,-2.617993877991495744e-01,3.306833293832788456e+01
1.832595714594045688e+00,-2.617993877991495744e-01,4.298020588118858143e+01
2.007128639793478886e+00,-2.617993877991495744e-01,5.197286932590560582e+01
2.181661564992912083e+00,-2.617993877991495744e-01,5.773130177367862359e+01
2.356194490192344837e+00,-2.617993877991495744e-01,5.899163239125783775e+01
2.530727415391777591e+00,-2.617993877991495744e-01,5.621666547217466814e+01
2.705260340591210344e+00,-2.617993877991495744e-01,4.968421991732274989e+01
2.879793265790643542e+00,-2.617993877991495744e-01,4.084830765640167272e+01
3.054326190990076739e+00,-2.617993877991495744e-01,3.191109603655667826e+01
-3.054326190990076739e+00,-8.726646259971659880e-02,2.516314686720175331e+01
-2.879793265790643986e+00,-8.726646259971659880e-02,1.767187828530675020e+01
-2.705260340591210788e+00,-8.726646259971659880e-02,1.234224563192992186e+01
-2.530727415391777591e+00,-8.726646259971659880e-02,9.127773686475659787e+00
-2.356194490192344837e+00,-8.726646259971659880e-02,7.397365336909042632e+00
-2.181661564992912083e+00,-8.726646259971659880e-02,6.251165647856559815e+00
-2.007128639793479330e+00,-8.726646259971659880e-02,4.864542262917703752e+00
-1.832595714594046132e+00,-8.726646259971659880e-02,3.377505701674645699e+00
-1.658062789394612935e+00,-8.726646259971659880e-02,2.217075258903737911e+00
-1.483529864195180181e+00,-8.726646259971659880e-02,1.120642451682563490e+00
-1.308996938995746984e+00,-8.726646259971659880e-02,1.327315526983161575e+00
-1.134464013796314230e+00,-8.726646259971659880e-02,4.174596076359629038e+00
-9.599310885968812546e-01,-8.726646259971659880e-02,9.924550288513536600e+00
-7.853981633974482790e-01,-8.726646259971659880e-02,1.826433754899783324e+01
-6.108652381980153034e-01,-8.726646259971659880e-02,2.787917396577596207e+01
-4.363323129985823279e-01,-8.726646259971659880e-02,3.702810441122220197e+01
-2.617993877991495744e-01,-8.726646259971659880e-02,4.475706221898025206e+01
-8.726646259971659880e-02,-8.726646259971659880e-02,4.937876894562519681e+01
8.726646259971637676e-02,-8.726646259971659880e-02,4.869755987335348379e+01
2.617993877991493523e-01,-8.726646259971659880e-02,4.355665060468237471e+01
4.363323129985823279e-01,-8.726646259971659880e-02,3.452499289950333861e+01
6.108652381980153034e-01,-8.726646259971659880e-02,2.516696130013587762e+01
7.853981633974482790e-01,-8.726646259971659880e-02,1.708579976738102602e+01
9.599310885968810325e-01,-8.726646259971659880e-02,1.201074628234971442e+01
1.134464013796313786e+00,-8.726646259971659880e-02,1.124282655429300704e+01
1.308996938995746984e+00,-8.726646259971659880e-02,1.508455272424298244e+01
1.483529864195180181e+00,-8.726646259971659880e-02,2.287033460456401812e+01
1.658062789394612935e+00,-8.726646259971659880e-02,3.272648292681667215e+01
1.832595714594045688e+00,-8.726646259971659880e-02,4.274595193697389561e+01
2.007128639793478886e+00,-8.726646259971659880e-02,5.230062484397593892e+01
2.181661564992912083e+00,-8.726646259971659880e-02,5.865196567855623755e+01
2.356194490192344837e+00,-8.726646259971659880e-02,6.112275421131907649e+01
2.530727415391777591e+00,-8.726646259971659880e-02,5.912606536412269520e+01
2.705260340591210344e+00,-8.726646259971659880e-02,5.298269390377659249e+01
2.879793265790643542e+00,-8.726646259971659880e-02,4.399808131878901918e+01
3.054326190990076739e+00,-8.726646259971659880e-02,3.444140163267937282e+01
-3.054326190990076739e+00,8.726646259971637676e-02,2.587076820046137371e+01
-2.879793265790643986e+00,8.726646259971637676e-02,1.742243337894819888e+01
-2.705260340591210788e+00,8.726646259971637676e-02,1.157529557242561324e+01
-2.530727415391777591e+00,8.726646259971637676e-02,8.198308774969387258e+00
-2.356194490192344837e+00,8.726646259971637676e-02,6.483625564830123977e+00
-2.181661564992912083e+00,8.726646259971637676e-02,5.584312664008523441e+00
-2.007128639793479330e+00,8.726646259971637676e-02,4.703725670552731941e+00
-1.832595714594046132e+00,8.726646259971637676e-02,3.531683799302467897e+00
-1.658062789394612935e+00,8.726646259971637676e-02,2.766526248862511750e+00
-1.483529864195180181e+00,8.726646259971637676e-02,2.358026291521384543e+00
-1.308996938995746984e+00,8.726646259971637676e-02,3.414765920379634778e+00
-1.134464013796314230e+00,8.726646259971637676e-02,7.120189439686091859e+00
-9.599310885968812546e-01,8.726646259971637676e-02,1.343033864578852210e+01
-7.853981633974482790e-01,8.726646259971637676e-02,2.193536410962612848e+01
-6.108652381980153034e-01,8.726646259971637676e-02,3.148684306807959388e+01
-4.363323129985823279e-01,8.726646259971637676e-02,4.081200122407503983e+01
-2.617993877991495744e-01,8.726646259971637676e-02,4.839952238658108286e+01
-8.726646259971659880e-02,8.726646259971637676e-02,5.170673829840994529e+01
8.726646259971637676e-02,8.726646259971637676e-02,4.923648934982288949e+01
2.617993877991493523e-01,8.726646259971637676e-02,4.223777182937497798e+01
4.363323129985823279e-01,8.726646259971637676e-02,3.298638881220084329e+01
6.108652381980153034e-01,8.726646259971637676e-02,2.330781781899280247e+01
7.853981633974482790e-01,8.726646259971637676e-02,1.507556076485138696e+01
9.599310885968810325e-01,8.726646259971637676e-02,9.876561112453311253e+00
1.134464013796313786e+00,8.726646259971637676e-02,9.507596666552426967e+00
1.308996938995746984e+00,8.726646259971637676e-02,1.412238081090613129e+01
1.483529864195180181e+00,8.726646259971637676e-02,2.249639369987669824e+01
1.658062789394612935e+00,8.726646259971637676e-02,3.265701562146256265e+01
1.832595714594045688e+00,8.726646259971637676e-02,4.320613035802473689e+01
2.007128639793478886e+00,8.726646259971637676e-02,5.316445585279161890e+01
2.181661564992912083e+00,8.726646259971637676e-02,6.067746892833920924e+01
2.356194490192344837e+00,8.726646259971637676e-02,6.392922345181855803e+01
2.530727415391777591e+00,8.726646259971637676e-02,6.292857894209235781e+01
2.705260340591210344e+00,8.726646259971637676e-02,5.709829713876052892e+01
2.879793265790643542e+00,8.726646259971637676e-02,4.752250289215056966e+01
3.054326190990076739e+00,8.726646259971637676e-02,3.665642424919400355e+01
-3.054326190990076739e+00,2.617993877991493523e-01,2.568020102167648133e+01
-2.879793265790643986e+00,2.617993877991493523e-01,1.684941654855561666e+01
-2.705260340591210788e+00,2.617993877991493523e-01,1.104055806716282717e+01
-2.530727415391777591e+00,2.617993877991493523e-01,7.786697294611975906e+00
-2.356194490192344837e+00,2.617993877991493523e-01,6.205650088358446226e+00
-2.181661564992912083e+00,2.617993877991493523e-01,5.541173124358333979e+00
-2.007128639793479330e+00,2.617993877991493523e-01,4.816629293363731357e+00
-1.832595714594046132e+00,2.617993877991493523e-01,4.191246240332652917e+00
-1.658062789394612935e+00,2.617993877991493523e-01,3.876152927524287861e+00
-1.483529864195180181e+00,2.617993877991493523e-01,3.969453730570302596e+00
-1.308996938995746984e+00,2.617993877991493523e-01,5.415619168961560703e+00
-1.134464013796314230e+00,2.617993877991493523e-01,9.479246281347016634e+00
-9.599310885968812546e-01,2.617993877991493523e-01,1.613766879901588425e+01
-7.853981633974482790e-01,2.617993877991493523e-01,2.482353876262158821e+01
-6.108652381980153034e-01,2.617993877991493523e-01,3.471316647561575053e+01
-4.363323129985823279e-01,2.617993877991493523e-01,4.342606857490335415e+01
-2.617993877991495744e-01,2.617993877991493523e-01,5.067663705325553281e+01
-8.726646259971659880e-02,2.617993877991493523e-01,5.226242321162973781e+01
8.726646259971637676e-02,2.617993877991493523e-01,4.838799978849085903e+01
2.617993877991493523e-01,2.617993877991493523e-01,4.069373083009384828e+01
4.363323129985823279e-01,2.617993877991493523e-01,3.098523660923307688e+01
6.108652381980153034e-01,2.617993877991493523e-01,2.096135061370511821e+01
7.853981633974482790e-01,2.617993877991493523e-01,1.268496843834283183e+01
9.599310885968810325e-01,2.617993877991493523e-01,7.981475107808304159e+00
1.134464013796313786e+00,2.617993877991493523e-01,8.564259333995146051e+00
1.308996938995746984e+00,2.617993877991493523e-01,1.397987891593774279e+01
1.483529864195180181e+00,2.617993877991493523e-01,2.273556180642782465e+01
1.658062789394612935e+00,2.617993877991493523e-01,3.329368560752243411e+01
1.832595714594045688e+00,2.617993877991493523e-01,4.419457841863737713e+01
2.007128639793478886e+00,2.617993877991493523e-01,5.459769417103397871e+01
2.181661564992912083e+00,2.617993877991493523e-01,6.245564948737485622e+01
2.356194490192344837e+00,2.617993877991493523e-01,6.682143761478626232e+01
2.530727415391777591e+00,2.617993877991493523e-01,6.631510148379028635e+01
2.705260340591210344e+00,2.617993877991493523e-01,5.991727783226605197e+01
2.879793265790643542e+00,2.617993877991493523e-01,4.911974013351520796e+01
3.054326190990076739e+00,2.617993877991493523e-01,3.718951318471860645e+01
-3.054326190990076739e+00,4.363323129985823279e-01,2.600278464045812044e+01
-2.879793265790643986e+00,4.363323129985823279e-01,1.676854935550120018e+01
-2.705260340591210788e+00,4.363323129985823279e-01,1.100025883028512652e+01
-2.530727415391777591e+00,4.363323129985823279e-01,7.875514150578373673e+00
-2.356194490192344837e+00,4.363323129985823279e-01,6.553817539037371631e+00
-2.181661564992912083e+00,4.363323129985823279e-01,6.142665861881390299e+00
-2.007128639793479330e+00,4.363323129985823279e-01,5.806483562861550318e+00
-1.832595714594046132e+00,4.363323129985823279e-01,5.369285116323091245e+00
-1.658062789394612935e+00,4.363323129985823279e-01,5.170823857649348376e+00
-1.483529864195180181e+00,4.363323129985823279e-01,5.417227532725589434e+00
-1.308996938995746984e+00,4.363323129985823279e-01,7.136224078711071783e+00
-1.134464013796314230e+00,4.363323129985823279e-01,1.119812384598329835e+01
-9.599310885968812546e-01,4.363323129985823279e-01,1.814594815510493930e+01
-7.853981633974482790e-01,4.363323129985823279e-01,2.712500121085346194e+01
-6.108652381980153034e-01,4.363323129985823279e-01,3.696302790107170466e+01
-4.363323129985823279e-01,4.363323129985823279e-01,4.549544196516531258e+01
-2.617993877991495744e-01,4.363323129985823279e-01,5.123668377449412503e+01
-8.726646259971659880e-02,4.363323129985823279e-01,5.177820307767150609e+01
8.726646259971637676e-02,4.363323129985823279e-01,4.714128692448120717e+01
2.617993877991493523e-01,4.363323129985823279e-01,3.814995652553483296e+01
4.363323129985823279e-01,4.363323129985823279e-01,2.782320140722682922e+01
6.108652381980153034e-01,4.363323129985823279e-01,1.761296028830054539e+01
7.853981633974482790e-01,4.363323129985823279e-01,1.003299284612232256e+01
9.599310885968810325e-01,4.363323129985823279e-01,6.862065654991207353e+00
1.134464013796313786e+00,4.363323129985823279e-01,8.654780386103878342e+00
1.308996938995746984e+00,4.363323129985823279e-01,1.479791080719868646e+01
1.483529864195180181e+00,4.363323129985823279e-01,2.394588941065747534e+01
1.658062789394612935e+00,4.363323129985823279e-01,3.489093379119626803e+01
1.832595714594045688e+00,4.363323129985823279e-01,4.587684279187222103e+01
2.007128639793478886e+00,4.363323129985823279e-01,5.655813946101925183e+01
2.181661564992912083e+00,4.363323129985823279e-01,6.417658046159969842e+01
2.356194490192344837e+00,4.363323129985823279e-01,6.880032899081329845e+01
2.530727415391777591e+00,4.363323129985823279e-01,6.784844299931606315e+01
2.705260340591210344e+00,4.363323129985823279e-01,6.066962742424392729e+01
2.879793265790643542e+00,4.363323129985823279e-01,4.926710745232873023e+01
3.054326190990076739e+00,4.363323129985823279e-01,3.707635643234195300e+01
-3.054326190990076739e+00,6.108652381980153034e-01,2.618323935011746073e+01
-2.879793265790643986e+00,6.108652381980153034e-01,1.694754429038441046e+01
-2.705260340591210788e+00,6.108652381980153034e-01,1.130816365299133786e+01
-2.530727415391777591e+00,6.108652381980153034e-01,8.501027271245026995e+00
-2.356194490192344837e+00,6.108652381980153034e-01,7.471403087246535790e+00
-2.181661564992912083e+00,6.108652381980153034e-01,7.363197248307278286e+00
-2.007128639793479330e+00,6.108652381980153034e-01,7.268626433010473065e+00
-1.832595714594046132e+00,6.108652381980153034e-01,6.985866870001830264e+00
-1.658062789394612935e+00,6.108652381980153034e-01,6.579540099029259181e+00
-1.483529864195180181e+00,6.108652381980153034e-01,6.665102554202936957e+00
-1.308996938995746984e+00,6.108652381980153034e-01,8.235870177572289563e+00
-1.134464013796314230e+00,6.108652381980153034e-01,1.260776153676394884e+01
-9.599310885968812546e-01,6.108652381980153034e-01,1.977237337739939704e+01
-7.853981633974482790e-01,6.108652381980153034e-01,2.886955102817202601e+01
-6.108652381980153034e-01,6.108652381980153034e-01,3.841835530014520828e+01
-4.363323129985823279e-01,6.108652381980153034e-01,4.586182813267920722e+01
-2.617993877991495744e-01,6.108652381980153034e-01,5.030447386173685231e+01
-8.726646259971659880e-02,6.108652381980153034e-01,4.961269426656623693e+01
8.726646259971637676e-02,6.108652381980153034e-01,4.380229674403295803e+01
2.617993877991493523e-01,6.108652381980153034e-01,3.401599304978180527e+01
4.363323129985823279e-01,6.108652381980153034e-01,2.357292598379929416e+01
6.108652381980153034e-01,6.108652381980153034e-01,1.438182699928643515e+01
7.853981633974482790e-01,6.108652381980153034e-01,8.420548573379441848e+00
9.599310885968810325e-01,6.108652381980153034e-01,6.803847212372989617e+00
1.134464013796313786e+00,6.108652381980153034e-01,9.680868156127367286e+00
1.308996938995746984e+00,6.108652381980153034e-01,1.651535020008730470e+01
1.483529864195180181e+00,6.108652381980153034e-01,2.602877817139631134e+01
1.658062789394612935e+00,6.108652381980153034e-01,3.705387205103841097e+01
1.832595714594045688e+00,6.108652381980153034e-01,4.818599219612596585e+01
2.007128639793478886e+00,6.108652381980153034e-01,5.870473654446466583e+01
2.181661564992912083e+00,6.108652381980153034e-01,6.627189157600764702e+01
2.356194490192344837e+00,6.108652381980153034e-01,6.985904099984198012e+01
2.530727415391777591e+00,6.108652381980153034e-01,6.774615693345668888e+01
2.705260340591210344e+00,6.108652381980153034e-01,5.953016657586850613e+01
2.879793265790643542e+00,6.108652381980153034e-01,4.825386071662212828e+01
3.054326190990076739e+00,6.108652381980153034e-01,3.635968958419943675e+01
-3.054326190990076739e+00,7.853981633974482790e-01,2.489643581429874075e+01
-2.879793265790643986e+00,7.853981633974482790e-01,1.662271144197134731e+01
-2.705260340591210788e+00,7.853981633974482790e-01,1.182537761772628393e+01
-2.530727415391777591e+00,7.853981633974482790e-01,9.258999346521251894e+00
-2.356194490192344837e+00,7.853981633974482790e-01,8.431858175550251744e+00
-2.181661564992912083e+00,7.853981633974482790e-01,8.573123234401755610e+00
-2.007128639793479330e+00,7.853981633974482790e-01,8.530762816346726396e+00
-1.832595714594046132e+00,7.853981633974482790e-01,7.998537694149465693e+00
-1.658062789394612935e+00,7.853981633974482790e-01,7.489050720596148736e+00
-1.483529864195180181e+00,7.853981633974482790e-01,7.080955269525486706e+00
-1.308996938995746984e+00,7.853981633974482790e-01,8.594957453851819196e+00
-1.134464013796314230e+00,7.853981633974482790e-01,1.305633203100117967e+01
-9.599310885968812546e-01,7.853981633974482790e-01,2.025392577496988977e+01
-7.853981633974482790e-01,7.853981633974482790e-01,2.903996314548802360e+01
-6.108652381980153034e-01,7.853981633974482790e-01,3.807650912779852348e+01
-4.363323129985823279e-01,7.853981633974482790e-01,4.477167882083510619e+01
-2.617993877991495744e-01,7.853981633974482790e-01,4.813064971590787877e+01
-8.726646259971659880e-02,7.853981633974482790e-01,4.598816899271042757e+01
8.726646259971637676e-02,7.853981633974482790e-01,3.926654016081101872e+01
2.617993877991493523e-01,7.853981633974482790e-01,2.959447023241989072e+01
4.363323129985823279e-01,7.853981633974482790e-01,2.009365845161690345e+01
6.108652381980153034e-01,7.853981633974482790e-01,1.242604033018822385e+01
7.853981633974482790e-01,7.853981633974482790e-01,8.236283691050479305e+00
9.599310885968810325e-01,7.853981633974482790e-01,7.772902545920736372e+00
1.134464013796313786e+00,7.853981633974482790e-01,1.145890157877959936e+01
1.308996938995746984e+00,7.853981633974482790e-01,1.844818862766278755e+01
1.483529864195180181e+00,7.853981633974482790e-01,2.824707739572974319e+01
1.658062789394612935e+00,7.853981633974482790e-01,3.932417616070372901e+01
1.832595714594045688e+00,7.853981633974482790e-01,5.017816301055702866e+01
2.007128639793478886e+00,7.853981633974482790e-01,6.017902963872109012e+01
2.181661564992912083e+00,7.853981633974482790e-01,6.701806385653418374e+01
2.356194490192344837e+00,7.853981633974482790e-01,6.912696331751558887e+01
2.530727415391777591e+00,7.853981633974482790e-01,6.643862400636902521e+01
2.705260340591210344e+00,7.853981633974482790e-01,5.818301465451351362e+01
2.879793265790643542e+00,7.853981633974482790e-01,4.684516991907393901e+01
3.054326190990076739e+00,7.853981633974482790e-01,3.553964848038600621e+01
-3.054326190990076739e+00,9.599310885968810325e-01,2.441035065203627141e+01
-2.879793265790643986e+00,9.599310885968810325e-01,1.680373292935687601e+01
-2.705260340591210788e+00,9.599310885968810325e-01,1.263378893952724091e+01
-2.530727415391777591e+00,9.599310885968810325e-01,1.042806680805749409e+01
-2.356194490192344837e+00,9.599310885968810325e-01,9.871662984908882166e+00
-2.181661564992912083e+00,9.599310885968810325e-01,9.919722469210995541e+00
-2.007128639793479330e+00,9.599310885968810325e-01,9.711089227737167207e+00
-1.832595714594046132e+00,9.599310885968810325e-01,9.048538505810073573e+00
-1.658062789394612935e+00,9.599310885968810325e-01,8.298171023426498039e+00
-1.483529864195180181e+00,9.599310885968810325e-01,7.786057779147503410e+00
-1.308996938995746984e+00,9.599310885968810325e-01,9.145199226920892599e+00
-1.134464013796314230e+00,9.599310885968810325e-01,1.354697704807536773e+01
-9.599310885968812546e-01,9.599310885968810325e-01,2.050690819665262410e+01
-7.853981633974482790e-01,9.599310885968810325e-01,2.881160109030650673e+01
-6.108652381980153034e-01,9.599310885968810325e-01,3.713354844364086205e+01
-4.363323129985823279e-01,9.599310885968810325e-01,4.291356428704709458e+01
-2.617993877991495744e-01,9.599310885968810325e-01,4.433077040148749859e+01
-8.726646259971659880e-02,9.599310885968810325e-01,4.073889639364137594e+01
8.726646259971637676e-02,9.599310885968810325e-01,3.397483754037126857e+01
2.617993877991493523e-01,9.599310885968810325e-01,2.579520102021849937e+01
4.363323129985823279e-01,9.599310885968810325e-01,1.812751676470832507e+01
6.108652381980153034e-01,9.599310885968810325e-01,1.248705006947933782e+01
7.853981633974482790e-01,9.599310885968810325e-01,9.526990516538218046e+00
9.599310885968810325e-01,9.599310885968810325e-01,9.865506580100825929e+00
1.134464013796313786e+00,9.599310885968810325e-01,1.374888123180260990e+01
1.308996938995746984e+00,9.599310885968810325e-01,2.092233945874540524e+01
1.483529864195180181e+00,9.599310885968810325e-01,3.054659454906709470e+01
1.658062789394612935e+00,9.599310885968810325e-01,4.158563313868677369e+01
1.832595714594045688e+00,9.599310885968810325e-01,5.189084207143282867e+01
2.007128639793478886e+00,9.599310885968810325e-01,6.140060454729825778e+01
2.181661564992912083e+00,9.599310885968810325e-01,6.744781167778823772e+01
2.356194490192344837e+00,9.599310885968810325e-01,6.885840825587420966e+01
2.530727415391777591e+00,9.599310885968810325e-01,6.479912624963512258e+01
2.705260340591210344e+00,9.599310885968810325e-01,5.682571586068020508e+01
2.879793265790643542e+00,9.599310885968810325e-01,4.594399379736617561e+01
3.054326190990076739e+00,9.599310885968810325e-01,3.476885591040603884e+01
-3.054326190990076739e+00,1.134464013796313786e+00,2.439070732982045797e+01
-2.879793265790643986e+00,1.134464013796313786e+00,1.750260739700385315e+01
-2.705260340591210788e+00,1.134464013796313786e+00,1.371868679305706351e+01
-2.530727415391777591e+00,1.134464013796313786e+00,1.171006225045545612e+01
-2.356194490192344837e+00,1.134464013796313786e+00,1.115248209169233462e+01
-2.181661564992912083e+00,1.134464013796313786e+00,1.126824389626502843e+01
-2.007128639793479330e+00,1.134464013796313786e+00,1.090630723778900446e+01
-1.832595714594046132e+00,1.134464013796313786e+00,1.014024133476588396e+01
-1.658062789394612935e+00,1.134464013796313786e+00,9.042356262099978892e+00
-1.483529864195180181e+00,1.134464013796313786e+00,8.221092999653549782e+00
-1.308996938995746984e+00,1.134464013796313786e+00,9.426528395095806090e+00
-1.134464013796314230e+00,1.134464013796313786e+00,1.352594045211588281e+01
-9.599310885968812546e-01,1.134464013796313786e+00,1.988599661645089256e+01
-7.853981633974482790e-01,1.134464013796313786e+00,2.739030759108725022e+01
-6.108652381980153034e-01,1.134464013796313786e+00,3.432416344788180140e+01
-4.363323129985823279e-01,1.134464013796313786e+00,3.908875421058613142e+01
-2.617993877991495744e-01,1.134464013796313786e+00,3.907129973219054619e+01
-8.726646259971659880e-02,1.134464013796313786e+00,3.563007443061634660e+01
8.726646259971637676e-02,1.134464013796313786e+00,2.984888936185121722e+01
2.617993877991493523e-01,1.134464013796313786e+00,2.377579814676500547e+01
4.363323129985823279e-01,1.134464013796313786e+00,1.815335981761563033e+01
6.108652381980153034e-01,1.134464013796313786e+00,1.396575652158076863e+01
7.853981633974482790e-01,1.134464013796313786e+00,1.192703630290843364e+01
9.599310885968810325e-01,1.134464013796313786e+00,1.256585721582689175e+01
1.134464013796313786e+00,1.134464013796313786e+00,1.653152326677233219e+01
1.308996938995746984e+00,1.134464013796313786e+00,2.362457794294509483e+01
1.483529864195180181e+00,1.134464013796313786e+00,3.300666791097010844e+01
1.658062789394612935e+00,1.134464013796313786e+00,4.357134708951849689e+01
1.832595714594045688e+00,1.134464013796313786e+00,5.358175467575692608e+01
2.007128639793478886e+00,1.134464013796313786e+00,6.256417452620051733e+01
2.181661564992912083e+00,1.134464013796313786e+00,6.761078955803431256e+01
2.356194490192344837e+00,1.134464013796313786e+00,6.825528148180895016e+01
2.530727415391777591e+00,1.134464013796313786e+00,6.319942762180110662e+01
2.705260340591210344e+00,1.134464013796313786e+00,5.535919735602190883e+01
2.879793265790643542e+00,1.134464013796313786e+00,4.498432220624319200e+01
3.054326190990076739e+00,1.134464013796313786e+00,3.430308493307207129e+01
-3.054326190990076739e+00,1.308996938995746984e+00,2.473135206869247327e+01
-2.879793265790643986e+00,1.308996938995746984e+00,1.819868471650117669e+01
-2.705260340591210788e+00,1.308996938995746984e+00,1.405445885145254437e+01
-2.530727415391777591e+00,1.308996938995746984e+00,1.220611582898820302e+01
-2.356194490192344837e+00,1.308996938995746984e+00,1.177523731486744651e+01
-2.181661564992912083e+00,1.308996938995746984e+00,1.191634398925222627e+01
-2.007128639793479330e+00,1.308996938995746984e+00,1.158784314801855331e+01
-1.832595714594046132e+00,1.308996938995746984e+00,1.070629396801006905e+01
-1.658062789394612935e+00,1.308996938995746984e+00,9.504134093690884910e+00
-1.483529864195180181e+00,1.308996938995746984e+00,8.697860625834939796e+00
-1.308996938995746984e+00,1.308996938995746984e+00,9.643724765510974350e+00
-1.134464013796314230e+00,1.308996938995746984e+00,1.319048444446892177e+01
-9.599310885968812546e-01,1.308996938995746984e+00,1.868990784471664313e+01
-7.853981633974482790e-01,1.308996938995746984e+00,2.527316053541373719e+01
-6.108652381980153034e-01,1.308996938995746984e+00,3.073381694495854433e+01
-4.363323129985823279e-01,1.308996938995746984e+00,3.410327908324133972e+01
-2.617993877991495744e-01,1.308996938995746984e+00,3.373746643497796782e+01
-8.726646259971659880e-02,1.308996938995746984e+00,3.141892751551876017e+01
8.726646259971637676e-02,1.308996938995746984e+00,2.742055951687307669e+01
2.617993877991493523e-01,1.308996938995746984e+00,2.334097947388584871e+01
4.363323129985823279e-01,1.308996938995746984e+00,1.941452672616323838e+01
6.108652381980153034e-01,1.308996938995746984e+00,1.625387599334922939e+01
7.853981633974482790e-01,1.308996938995746984e+00,1.455803152413161783e+01
9.599310885968810325e-01,1.308996938995746984e+00,1.529725457727536764e+01
1.134464013796313786e+00,1.308996938995746984e+00,1.890236328142103162e+01
1.308996938995746984e+00,1.308996938995746984e+00,2.557082767949455260e+01
1.483529864195180181e+00,1.308996938995746984e+00,3.452190046431925907e+01
1.658062789394612935e+00,1.308996938995746984e+00,4.465573020404107751e+01
1.832595714594045688e+00,1.308996938995746984e+00,5.434350089651562143e+01
2.007128639793478886e+00,1.308996938995746984e+00,6.250728244408040268e+01
2.181661564992912083e+00,1.308996938995746984e+00,6.716449109845217436e+01
2.356194490192344837e+00,1.308996938995746984e+00,6.723944614926406871e+01
2.530727415391777591e+00,1.308996938995746984e+00,6.229169755275988507e+01
2.705260340591210344e+00,1.308996938995746984e+00,5.439714886174056119e+01
2.879793265790643542e+00,1.308996938995746984e+00,4.414584313424266782e+01
3.054326190990076739e+00,1.308996938995746984e+00,3.394291780421605154e+01
-3.054326190990076739e+00,1.483529864195180181e+00,2.452628147426543137e+01
-2.879793265790643986e+00,1.483529864195180181e+00,1.817243860402367517e+01
-2.705260340591210788e+00,1.483529864195180181e+00,1.428714068287402483e+01
-2.530727415391777591e+00,1.483529864195180181e+00,1.245859418312730149e+01
-2.356194490192344837e+00,1.483529864195180181e+00,1.190403527186814792e+01
-2.181661564992912083e+00,1.483529864195180181e+00,1.196419035370135120e+01
-2.007128639793479330e+00,1.483529864195180181e+00,1.199735726417760517e+01
-1.832595714594046132e+00,1.483529864195180181e+00,1.103261453610980602e+01
-1.658062789394612935e+00,1.483529864195180181e+00,1.003054922111883762e+01
-1.483529864195180181e+00,1.483529864195180181e+00,9.201385849171744624e+00
-1.308996938995746984e+00,1.483529864195180181e+00,9.586207306168178732e+00
-1.134464013796314230e+00,1.483529864195180181e+00,1.235856994501781436e+01
-9.599310885968812546e-01,1.483529864195180181e+00,1.670239984135806566e+01
-7.853981633974482790e-01,1.483529864195180181e+00,2.193346546521059537e+01
-6.108652381980153034e-01,1.483529864195180181e+00,2.599876230781111630e+01
-4.363323129985823279e-01,1.483529864195180181e+00,2.871052396992219968e+01
-2.617993877991495744e-01,1.483529864195180181e+00,2.907909457741077475e+01
-8.726646259971659880e-02,1.483529864195180181e+00,2.856530481378806030e+01
8.726646259971637676e-02,1.483529864195180181e+00,2.655411940432048823e+01
2.617993877991493523e-01,1.483529864195180181e+00,2.433250708555002007e+01
4.363323129985823279e-01,1.483529864195180181e+00,2.159369948004555084e+01
6.108652381980153034e-01,1.483529864195180181e+00,1.894098930216381049e+01
7.853981633974482790e-01,1.483529864195180181e+00,1.734838203148601821e+01
9.599310885968810325e-01,1.483529864195180181e+00,1.779108832903169102e+01
1.134464013796313786e+00,1.483529864195180181e+00,2.087541312573546293e+01
1.308996938995746984e+00,1.483529864195180181e+00,2.698345159580119557e+01
1.483529864195180181e+00,1.483529864195180181e+00,3.543859563712918259e+01
1.658062789394612935e+00,1.483529864195180181e+00,4.532301480834910024e+01
1.832595714594045688e+00,1.483529864195180181e+00,5.467683264186207737e+01
2.007128639793478886e+00,1.483529864195180181e+00,6.266790399087592789e+01
2.181661564992912083e+00,1.483529864195180181e+00,6.711203418638731932e+01
2.356194490192344837e+00,1.483529864195180181e+00,6.644951822180981083e+01
2.530727415391777591e+00,1.483529864195180181e+00,6.166876367880119858e+01
2.705260340591210344e+00,1.483529864195180181e+00,5.363598761998763109e+01
2.879793265790643542e+00,1.483529864195180181e+00,4.347312995654600343e+01
3.054326190990076739e+00,1.483529864195180181e+00,3.348349944231569708e+01
-3.054326190990076739e+00,1.658062789394612935e+00,2.324703993329455898e+01
-2.879793265790643986e+00,1.658062789394612935e+00,1.689806816150112923e+01
-2.705260340591210788e+00,1.658062789394612935e+00,1.309301547276082367e+01
-2.530727415391777591e+00,1.658062789394612935e+00,1.150860473592986466e+01
-2.356194490192344837e+00,1.658062789394612935e+00,1.117668587988215911e+01
-2.181661564992912083e+00,1.658062789394612935e+00,1.128692925748105402e+01
-2.007128639793479330e+00,1.658062789394612935e+00,1.126815998758357651e+01
-1.832595714594046132e+00,1.658062789394612935e+00,1.061610479034676224e+01
-1.658062789394612935e+00,1.658062789394612935e+00,9.686040678564239670e+00
-1.483529864195180181e+00,1.658062789394612935e+00,8.660714324421856958e+00
-1.308996938995746984e+00,1.658062789394612935e+00,8.709609519619084139e+00
-1.134464013796314230e+00,1.658062789394612935e+00,1.051901866721308565e+01
-9.599310885968812546e-01,1.658062789394612935e+00,1.399314850274451238e+01
-7.853981633974482790e-01,1.658062789394612935e+00,1.789414519611566590e+01
-6.108652381980153034e-01,1.658062789394612935e+00,2.142158067107060404e+01
-4.363323129985823279e-01,1.658062789394612935e+00,2.429289842384261533e+01
-2.617993877991495744e-01,1.658062789394612935e+00,2.595666037739782439e+01
-8.726646259971659880e-02,1.658062789394612935e+00,2.694613117154433368e+01
8.726646259971637676e-02,1.658062789394612935e+00,2.677268490264385292e+01
2.617993877991493523e-01,1.658062789394612935e+00,2.601468644711773948e+01
4.363323129985823279e-01,1.658062789394612935e+00,2.431532639835332787e+01
6.108652381980153034e-01,1.658062789394612935e+00,2.201304325701414299e+01
7.853981633974482790e-01,1.658062789394612935e+00,2.035930464230820647e+01
9.599310885968810325e-01,1.658062789394612935e+00,2.013265671864661144e+01
1.134464013796313786e+00,1.658062789394612935e+00,2.250547984100558097e+01
1.308996938995746984e+00,1.658062789394612935e+00,2.771753735627563486e+01
1.483529864195180181e+00,1.658062789394612935e+00,3.550674327334480296e+01
1.658062789394612935e+00,1.658062789394612935e+00,4.487991593283825864e+01
1.832595714594045688e+00,1.658062789394612935e+00,5.395481862860386002e+01
2.007128639793478886e+00,1.658062789394612935e+00,6.154274421031665554e+01
2.181661564992912083e+00,1.658062789394612935e+00,6.573243607290774548e+01
2.356194490192344837e+00,1.658062789394612935e+00,6.498914268774640846e+01
2.530727415391777591e+00,1.658062789394612935e+00,5.975707189318656276e+01
2.705260340591210344e+00,1.658062789394612935e+00,5.169565102609209362e+01
2.879793265790643542e+00,1.658062789394612935e+00,4.163344730082771150e+01
3.054326190990076739e+00,1.658062789394612935e+00,3.179119224015727951e+01
-3.054326190990076739e+00,1.832595714594045688e+00,2.132164275294827860e+01
-2.879793265790643986e+00,1.832595714594045688e+00,1.520131326017818907e+01
-2.705260340591210788e+00,1.832595714594045688e+00,1.138062344450731445e+01
-2.530727415391777591e+00,1.832595714594045688e+00,9.930739643483683210e+00
-2.356194490192344837e+00,1.832595714594045688e+00,9.667227568962438511e+00
-2.181661564992912083e+00,1.832595714594045688e+00,9.968947951019611509e+00
-2.007128639793479330e+00,1.832595714594045688e+00,9.985545966473649671e+00
-1.832595714594046132e+00,1.832595714594045688e+00,9.511560875730468823e+00
-1.658062789394612935e+00,1.832595714594045688e+00,8.702579664359902267e+00
-1.483529864195180181e+00,1.832595714594045688e+00,7.656943484911265863e+00
-1.308996938995746984e+00,1.832595714594045688e+00,7.388276655405499938e+00
-1.134464013796314230e+00,1.832595714594045688e+00,8.399086866844433175e+00
-9.599310885968812546e-01,1.832595714594045688e+00,1.103377998636095469e+01
-7.853981633974482790e-01,1.832595714594045688e+00,1.436565238391953514e+01
-6.108652381980153034e-01,1.832595714594045688e+00,1.772783674095607864e+01
-4.363323129985823279e-01,1.832595714594045688e+00,2.120594900464386967e+01
-2.617993877991495744e-01,1.832595714594045688e+00,2.391735376234865029e+01
-8.726646259971659880e-02,1.832595714594045688e+00,2.621385389202745131e+01
8.726646259971637676e-02,1.832595714594045688e+00,2.787691331039890485e+01
2.617993877991493523e-01,1.832595714594045688e+00,2.795855663115135314e+01
4.363323129985823279e-01,1.832595714594045688e+00,2.699573270285825188e+01
6.108652381980153034e-01,1.832595714594045688e+00,2.497287312951448968e+01
7.853981633974482790e-01,1.832595714594045688e+00,2.262212907087200264e+01
9.599310885968810325e-01,1.832595714594045688e+00,2.144024389285057097e+01
1.134464013796313786e+00,1.832595714594045688e+00,2.276874551534206503e+01
1.308996938995746984e+00,1.832595714594045688e+00,2.724627368765565194e+01
1.483529864195180181e+00,1.832595714594045688e+00,3.449737583121432749e+01
1.658062789394612935e+00,1.832595714594045688e+00,4.345589097725238048e+01
1.832595714594045688e+00,1.832595714594045688e+00,5.246191328410242249e+01
2.007128639793478886e+00,1.832595714594045688e+00,5.967895498072198279e+01
2.181661564992912083e+00,1.832595714594045688e+00,6.379918824612342121e+01
2.356194490192344837e+00,1.832595714594045688e+00,6.315734056013049269e+01
2.530727415391777591e+00,1.832595714594045688e+00,5.770812014304485160e+01
2.705260340591210344e+00,1.832595714594045688e+00,4.959731455648062592e+01
2.879793265790643542e+00,1.832595714594045688e+00,3.954959585386547616e+01
3.054326190990076739e+00,1.832595714594045688e+00,2.971427270030925527e+01
-3.054326190990076739e+00,2.007128639793478886e+00,1.892122481445362325e+01
-2.879793265790643986e+00,2.007128639793478886e+00,1.289720024026065381e+01
-2.705260340591210788e+00,2.007128639793478886e+00,9.321001212858508467e+00
-2.530727415391777591e+00,2.007128639793478886e+00,7.924963255869642786e+00
-2.356194490192344837e+00,2.007128639793478886e+00,7.694151605197130372e+00
-2.181661564992912083e+00,2.007128639793478886e+00,8.371100721710497794e+00
-2.007128639793479330e+00,2.007128639793478886e+00,8.482545310164576691e+00
-1.832595714594046132e+00,2.007128639793478886e+00,7.978883385078017199e+00
-1.658062789394612935e+00,2.007128639793478886e+00,7.380660651939430217e+00
-1.483529864195180181e+00,2.007128639793478886e+00,6.239761017020155620e+00
-1.308996938995746984e+00,2.007128639793478886e+00,5.651303020428398938e+00
-1.134464013796314230e+00,2.007128639793478886e+00,6.261987932299954984e+00
-9.599310885968812546e-01,2.007128639793478886e+00,8.150026126472361909e+00
-7.853981633974482790e-01,2.007128639793478886e+00,1.115713058771477506e+01
-6.108652381980153034e-01,2.007128639793478886e+00,1.482260184776432865e+01
-4.363323129985823279e-01,2.007128639793478886e+00,1.911890004975745683e+01
-2.617993877991495744e-01,2.007128639793478886e+00,2.328089838727926519e+01
-8.726646259971659880e-02,2.007128639793478886e+00,2.662391503621204691e+01
8.726646259971637676e-02,2.007128639793478886e+00,2.940851200260406628e+01
2.617993877991493523e-01,2.007128639793478886e+00,3.038118907065658192e+01
4.363323129985823279e-01,2.007128639793478886e+00,3.007946480065168160e+01
6.108652381980153034e-01,2.007128639793478886e+00,2.764016219447868039e+01
7.853981633974482790e-01,2.007128639793478886e+00,2.458502489895863619e+01
9.599310885968810325e-01,2.007128639793478886e+00,2.229777908808216935e+01
1.134464013796313786e+00,2.007128639793478886e+00,2.256127537399708061e+01
1.308996938995746984e+00,2.007128639793478886e+00,2.608750346156014643e+01
1.483529864195180181e+00,2.007128639793478886e+00,3.287361236236929329e+01
1.658062789394612935e+00,2.007128639793478886e+00,4.146329735438945363e+01
1.832595714594045688e+00,2.007128639793478886e+00,5.033510936110523915e+01
2.007128639793478886e+00,2.007128639793478886e+00,5.773504266461611678e+01
2.181661564992912083e+00,2.007128639793478886e+00,6.196438581664772016e+01
2.356194490192344837e+00,2.007128639793478886e+00,6.111878610280184887e+01
2.530727415391777591e+00,2.007128639793478886e+00,5.523177009693463901e+01
2.705260340591210344e+00,2.007128639793478886e+00,4.713171905642572312e+01
2.879793265790643542e+00,2.007128639793478886e+00,3.704502668469659454e+01
3.054326190990076739e+00,2.007128639793478886e+00,2.720087418143213753e+01
-3.054326190990076739e+00,2.181661564992912083e+00,1.606551496739751883e+01
-2.879793265790643986e+00,2.181661564992912083e+00,1.018119914471659904e+01
-2.705260340591210788e+00,2.181661564992912083e+00,6.720279581194859020e+00
-2.530727415391777591e+00,2.181661564992912083e+00,5.458031895184418225e+00
-2.356194490192344837e+00,2.181661564992912083e+00,5.350202272767889511e+00
-2.181661564992912083e+00,2.181661564992912083e+00,5.833894661398490555e+00
-2.007128639793479330e+00,2.181661564992912083e+00,6.344311054463590338e+00
-1.832595714594046132e+00,2.181661564992912083e+00,5.986711387429714648e+00
-1.658062789394612935e+00,2.181661564992912083e+00,5.452271032978874388e+00
-1.483529864195180181e+00,2.181661564992912083e+00,4.189450018994120839e+00
-1.308996938995746984e+00,2.181661564992912083e+00,3.469880429040164138e+00
-1.134464013796314230e+00,2.181661564992912083e+00,3.724396501147407612e+00
-9.599310885968812546e-01,2.181661564992912083e+00,5.535929666632449120e+00
-7.853981633974482790e-01,2.181661564992912083e+00,8.733596771069104037e+00
-6.108652381980153034e-01,2.181661564992912083e+00,1.284278803430982130e+01
-4.363323129985823279e-01,2.181661564992912083e+00,1.789900854064489977e+01
-2.617993877991495744e-01,2.181661564992912083e+00,2.326066568496688802e+01
-8.726646259971659880e-02,2.181661564992912083e+00,2.791394620175929830e+01
8.726646259971637676e-02,2.181661564992912083e+00,3.198286263670946994e+01
2.617993877991493523e-01,2.181661564992912083e+00,3.368807996105686442e+01
4.363323129985823279e-01,2.181661564992912083e+00,3.356479548799384105e+01
6.108652381980153034e-01,2.181661564992912083e+00,3.036298935591727144e+01
7.853981633974482790e-01,2.181661564992912083e+00,2.580791558081629589e+01
9.599310885968810325e-01,2.181661564992912083e+00,2.194403575865446498e+01
1.134464013796313786e+00,2.181661564992912083e+00,2.105212758654640481e+01
1.308996938995746984e+00,2.181661564992912083e+00,2.402186986364895205e+01
1.483529864195180181e+00,2.181661564992912083e+00,3.048903703885721939e+01
1.658062789394612935e+00,2.181661564992912083e+00,3.885093983352083313e+01
1.832595714594045688e+00,2.181661564992912083e+00,4.791087070280104854e+01
2.007128639793478886e+00,2.181661564992912083e+00,5.504401119847943846e+01
2.181661564992912083e+00,2.181661564992912083e+00,5.930059737247434271e+01
2.356194490192344837e+00,2.181661564992912083e+00,5.826485720585853301e+01
2.530727415391777591e+00,2.181661564992912083e+00,5.261937536919994329e+01
2.705260340591210344e+00,2.181661564992912083e+00,4.431727477118673164e+01
2.879793265790643542e+00,2.181661564992912083e+00,3.409190682648876702e+01
3.054326190990076739e+00,2.181661564992912083e+00,2.428948144250686880e+01
-3.054326190990076739e+00,2.356194490192344837e+00,1.374751746407492448e+01
-2.879793265790643986e+00,2.356194490192344837e+00,7.898167322839007021e+00
-2.705260340591210788e+00,2.356194490192344837e+00,4.514990148315807694e+00
-2.530727415391777591e+00,2.356194490192344837e+00,3.174865047311316246e+00
-2.356194490192344837e+00,2.356194490192344837e+00,3.313968672906469237e+00
-2.181661564992912083e+00,2.356194490192344837e+00,3.831562349225389852e+00
-2.007128639793479330e+00,2.356194490192344837e+00,4.386488739707791851e+00
-1.832595714594046132e+00,2.356194490192344837e+00,4.208235973015933773e+00
-1.658062789394612935e+00,2.356194490192344837e+00,3.400758926504541257e+00
-1.483529864195180181e+00,2.356194490192344837e+00,2.251265444633324009e+00
-1.308996938995746984e+00,2.356194490192344837e+00,1.538018038729969561e+00
-1.134464013796314230e+00,2.356194490192344837e+00,1.888500683633506760e+00
-9.599310885968812546e-01,2.356194490192344837e+00,3.759788214938548201e+00
-7.853981633974482790e-01,2.356194490192344837e+00,7.220721541170545876e+00
-6.108652381980153034e-01,2.356194490192344837e+00,1.199247915956117794e+01
-4.363323129985823279e-01,2.356194490192344837e+00,1.795850441591299074e+01
-2.617993877991495744e-01,2.356194490192344837e+00,2.452593773923821985e+01
-8.726646259971659880e-02,2.356194490192344837e+00,3.044956836935200073e+01
8.726646259971637676e-02,2.356194490192344837e+00,3.533426278179454982e+01
2.617993877991493523e-01,2.356194490192344837e+00,3.773856564224917065e+01
4.363323129985823279e-01,2.356194490192344837e+00,3.697842609926858870e+01
6.108652381980153034e-01,2.356194490192344837e+00,3.189159360954744926e+01
7.853981633974482790e-01,2.356194490192344837e+00,2.560960039042600300e+01
9.599310885968810325e-01,2.356194490192344837e+00,2.072945030196030558e+01
1.134464013796313786e+00,2.356194490192344837e+00,1.928847611890505931e+01
1.308996938995746984e+00,2.356194490192344837e+00,2.191824488181874031e+01
1.483529864195180181e+00,2.356194490192344837e+00,2.826269165409206252e+01
1.658062789394612935e+00,2.356194490192344837e+00,3.685143389241602563e+01
1.832595714594045688e+00,2.356194490192344837e+00,4.553158625401184167e+01
2.007128639793478886e+00,2.356194490192344837e+00,5.302721353357895850e+01
2.181661564992912083e+00,2.356194490192344837e+00,5.720344478784312514e+01
2.356194490192344837e+00,2.356194490192344837e+00,5.601742648441073413e+01
2.530727415391777591e+00,2.356194490192344837e+00,5.029820761677680707e+01
2.705260340591210344e+00,2.356194490192344837e+00,4.186361441564720565e+01
2.879793265790643542e+00,2.356194490192344837e+00,3.167343789657133257e+01
3.054326190990076739e+00,2.356194490192344837e+00,2.180948708771627054e+01
-3.054326190990076739e+00,2.530727415391777591e+00,1.197934676653193442e+01
-2.879793265790643986e+00,2.530727415391777591e+00,6.079960814871803620e+00
-2.705260340591210788e+00,2.530727415391777591e+00,2.667698275809836872e+00
-2.530727415391777591e+00,2.530727415391777591e+00,1.502767100664540223e+00
-2.356194490192344837e+00,2.530727415391777591e+00,1.695761131832688839e+00
-2.181661564992912083e+00,2.530727415391777591e+00,2.579991678633794194e+00
-2.007128639793479330e+00,2.530727415391777591e+00,3.068112483422046566e+00
-1.832595714594046132e+00,2.530727415391777591e+00,2.869700651756724064e+00
-1.658062789394612935e+00,2.530727415391777591e+00,2.208455175578428076e+00
-1.483529864195180181e+00,2.530727415391777591e+00,1.203946142679660269e+00
-1.308996938995746984e+00,2.530727415391777591e+00,4.280631045487517383e-01
-1.134464013796314230e+00,2.530727415391777591e+00,9.106865115552000844e-01
-9.599310885968812546e-01,2.530727415391777591e+00,3.077665894607246599e+00
-7.853981633974482790e-01,2.530727415391777591e+00,6.927133582325988748e+00
-6.108652381980153034e-01,2.530727415391777591e+00,1.273305157976379753e+01
-4.363323129985823279e-01,2.530727415391777591e+00,1.975096173241889375e+01
-2.617993877991495744e-01,2.530727415391777591e+00,2.736939640516202843e+01
-8.726646259971659880e-02,2.530727415391777591e+00,3.449566737796599369e+01
8.726646259971637676e-02,2.530727415391777591e+00,4.008209486191445592e+01
2.617993877991493523e-01,2.530727415391777591e+00,4.205979245578677705e+01
4.363323129985823279e-01,2.530727415391777591e+00,3.937838489762680894e+01
6.108652381980153034e-01,2.530727415391777591e+00,3.244735263247312673e+01
7.853981633974482790e-01,2.530727415391777591e+00,2.469996341401794027e+01
9.599310885968810325e-01,2.530727415391777591e+00,1.903684448370750104e+01
1.134464013796313786e+00,2.530727415391777591e+00,1.721806182254020712e+01
1.308996938995746984e+00,2.530727415391777591e+00,2.004037916959985210e+01
1.483529864195180181e+00,2.530727415391777591e+00,2.659087756837597993e+01
1.658062789394612935e+00,2.530727415391777591e+00,3.540036052453720572e+01
1.832595714594045688e+00,2.530727415391777591e+00,4.441396824297559931e+01
2.007128639793478886e+00,2.530727415391777591e+00,5.201507667270762170e+01
2.181661564992912083e+00,2.530727415391777591e+00,5.604122323983480669e+01
2.356194490192344837e+00,2.530727415391777591e+00,5.486329858079255928e+01
2.530727415391777591e+00,2.530727415391777591e+00,4.901995282403413512e+01
2.705260340591210344e+00,2.530727415391777591e+00,4.024867714081904069e+01
2.879793265790643542e+00,2.530727415391777591e+00,2.997406787766507819e+01
3.054326190990076739e+00,2.530727415391777591e+00,2.013877184341592397e+01
-3.054326190990076739e+00,2.705260340591210344e+00,1.087531348397333986e+01
-2.879793265790643986e+00,2.705260340591210344e+00,5.103629275697016965e+00
-2.705260340591210788e+00,2.705260340591210344e+00,1.754541619895953808e+00
-2.530727415391777591e+00,2.705260340591210344e+00,5.528671354305991770e-01
-2.356194490192344837e+00,2.705260340591210344e+00,7.785743202164496779e-01
-2.181661564992912083e+00,2.705260340591210344e+00,1.900968280154772039e+00
-2.007128639793479330e+00,2.705260340591210344e+00,2.510694104280755568e+00
-1.832595714594046132e+00,2.705260340591210344e+00,2.327311709744382284e+00
-1.658062789394612935e+00,2.705260340591210344e+00,1.672836847097524782e+00
-1.483529864195180181e+00,2.705260340591210344e+00,6.351981135000865919e-01
-1.308996938995746984e+00,2.705260340591210344e+00,0.000000000000000000e+00
-1.134464013796314230e+00,2.705260340591210344e+00,8.784614461047883793e-01
-9.599310885968812546e-01,2.705260340591210344e+00,3.483881442906641368e+00
-7.853981633974482790e-01,2.705260340591210344e+00,8.418697279057926863e+00
-6.108652381980153034e-01,2.705260340591210344e+00,1.538602478819520414e+01
-4.363323129985823279e-01,2.705260340591210344e+00,2.368895558750252661e+01
-2.617993877991495744e-01,2.705260340591210344e+00,3.233153436329084229e+01
-8.726646259971659880e-02,2.705260340591210344e+00,4.019428164207305798e+01
8.726646259971637676e-02,2.705260340591210344e+00,4.577047657536233771e+01
2.617993877991493523e-01,2.705260340591210344e+00,4.649703221445173540e+01
4.363323129985823279e-01,2.705260340591210344e+00,4.021261161792700989e+01
6.108652381980153034e-01,2.705260340591210344e+00,3.154722852303079250e+01
7.853981633974482790e-01,2.705260340591210344e+00,2.264191739547475279e+01
9.599310885968810325e-01,2.705260340591210344e+00,1.677806268124403033e+01
1.134464013796313786e+00,2.705260340591210344e+00,1.532158010290279293e+01
1.308996938995746984e+00,2.705260340591210344e+00,1.859179989200588068e+01
1.483529864195180181e+00,2.705260340591210344e+00,2.560692281346696220e+01
1.658062789394612935e+00,2.705260340591210344e+00,3.476667826916228421e+01
1.832595714594045688e+00,2.705260340591210344e+00,4.379460889834021486e+01
2.007128639793478886e+00,2.705260340591210344e+00,5.145391802358629718e+01
2.181661564992912083e+00,2.705260340591210344e+00,5.562800636276465127e+01
2.356194490192344837e+00,2.705260340591210344e+00,5.453624583831937400e+01
2.530727415391777591e+00,2.705260340591210344e+00,4.842902127169551818e+01
2.705260340591210344e+00,2.705260340591210344e+00,3.951323739617789954e+01
2.879793265790643542e+00,2.705260340591210344e+00,2.901092937412058603e+01
3.054326190990076739e+00,2.705260340591210344e+00,1.915221177921762674e+01
-3.054326190990076739e+00,2.879793265790643542e+00,1.104591961097028552e+01
-2.879793265790643986e+00,2.879793265790643542e+00,5.142001766669171303e+00
-2.705260340591210788e+00,2.879793265790643542e+00,1.925550794246002617e+00
-2.530727415391777591e+00,2.879793265790643542e+00,8.582530273629291884e-01
-2.356194490192344837e+00,2.879793265790643542e+00,1.022113293513152499e+00
-2.181661564992912083e+00,2.879793265790643542e+00,2.081375313308804209e+00
-2.007128639793479330e+00,2.879793265790643542e+00,2.854601794890486488e+00
-1.832595714594046132e+00,2.879793265790643542e+00,2.749851681900413958e+00
-1.658062789394612935e+00,2.879793265790643542e+00,2.054276110263872468e+00
-1.483529864195180181e+00,2.879793265790643542e+00,1.209879795038270700e+00
-1.308996938995746984e+00,2.879793265790643542e+00,9.013272743929388042e-01
-1.134464013796314230e+00,2.879793265790643542e+00,2.136395799316138877e+00
-9.599310885968812546e-01,2.879793265790643542e+00,5.631285845630643827e+00
-7.853981633974482790e-01,2.879793265790643542e+00,1.177349101989949176e+01
-6.108652381980153034e-01,2.879793265790643542e+00,2.005139278513289014e+01
-4.363323129985823279e-01,2.879793265790643542e+00,2.942763958841890215e+01
-2.617993877991495744e-01,2.879793265790643542e+00,3.894958859167380183e+01
-8.726646259971659880e-02,2.879793265790643542e+00,4.714405472243545603e+01
8.726646259971637676e-02,2.879793265790643542e+00,5.198635035372385005e+01
2.617993877991493523e-01,2.879793265790643542e+00,4.925613097544655261e+01
4.363323129985823279e-01,2.879793265790643542e+00,3.992058230991605683e+01
6.108652381980153034e-01,2.879793265790643542e+00,2.966164347559152858e+01
7.853981633974482790e-01,2.879793265790643542e+00,2.061223193369427520e+01
9.599310885968810325e-01,2.879793265790643542e+00,1.499334747346653174e+01
1.134464013796313786e+00,2.879793265790643542e+00,1.418385058325385728e+01
1.308996938995746984e+00,2.879793265790643542e+00,1.816386883815219022e+01
1.483529864195180181e+00,2.879793265790643542e+00,2.577054677640454372e+01
1.658062789394612935e+00,2.879793265790643542e+00,3.520226590611677864e+01
1.832595714594045688e+00,2.879793265790643542e+00,4.459836091610830522e+01
2.007128639793478886e+00,2.879793265790643542e+00,5.242203736616370691e+01
2.181661564992912083e+00,2.879793265790643542e+00,5.650947831355742323e+01
2.356194490192344837e+00,2.879793265790643542e+00,5.548278134581171628e+01
2.530727415391777591e+00,2.879793265790643542e+00,4.947236774633296363e+01
2.705260340591210344e+00,2.879793265790643542e+00,4.024852304150429205e+01
2.879793265790643542e+00,2.879793265790643542e+00,2.948999222033565815e+01
3.054326190990076739e+00,2.879793265790643542e+00,1.937845835794566085e+01
-3.054326190990076739e+00,3.054326190990076739e+00,1.282415103211522833e+01
-2.879793265790643986e+00,3.054326190990076739e+00,6.847381029062390212e+00
-2.705260340591210788e+00,3.054326190990076739e+00,3.527338315551161507e+00
-2.530727415391777591e+00,3.054326190990076739e+00,2.316136862911832850e+00
-2.356194490192344837e+00,3.054326190990076739e+00,2.702568910998108365e+00
-2.181661564992912083e+00,3.054326190990076739e+00,3.551048382073996201e+00
-2.007128639793479330e+00,3.054326190990076739e+00,4.462435451889463778e+00
-1.832595714594046132e+00,3.054326190990076739e+00,4.187202451980673423e+00
-1.658062789394612935e+00,3.054326190990076739e+00,3.811869374645990405e+00
-1.483529864195180181e+00,3.054326190990076739e+00,3.016175467531358123e+00
-1.308996938995746984e+00,3.054326190990076739e+00,3.028587559084594538e+00
-1.134464013796314230e+00,3.054326190990076739e+00,4.905634298515217928e+00
-9.599310885968812546e-01,3.054326190990076739e+00,9.728879192247562813e+00
-7.853981633974482790e-01,3.054326190990076739e+00,1.692222665426670858e+01
-6.108652381980153034e-01,3.054326190990076739e+00,2.646806052789073860e+01
-4.363323129985823279e-01,3.054326190990076739e+00,3.728871252807914516e+01
-2.617993877991495744e-01,3.054326190990076739e+00,4.697150000619231491e+01
-8.726646259971659880e-02,3.054326190990076739e+00,5.445610197167067668e+01
8.726646259971637676e-02,3.054326190990076739e+00,5.641780840582266876e+01
2.617993877991493523e-01,3.054326190990076739e+00,4.965349726376022943e+01
4.363323129985823279e-01,3.054326190990076739e+00,3.873559346904819733e+01
6.108652381980153034e-01,3.054326190990076739e+00,2.770809031417950408e+01
7.853981633974482790e-01,3.054326190990076739e+00,1.894739250695243982e+01
9.599310885968810325e-01,3.054326190990076739e+00,1.403308095409030543e+01
1.134464013796313786e+00,3.054326190990076739e+00,1.418843259321136685e+01
1.308996938995746984e+00,3.054326190990076739e+00,1.894219466426697807e+01
1.483529864195180181e+00,3.054326190990076739e+00,2.709833466598289675e+01
1.658062789394612935e+00,3.054326190990076739e+00,3.697042467468624949e+01
1.832595714594045688e+00,3.054326190990076739e+00,4.644798457040585049e+01
2.007128639793478886e+00,3.054326190990076739e+00,5.443256360959546214e+01
2.181661564992912083e+00,3.054326190990076739e+00,5.880466052059664150e+01
2.356194490192344837e+00,3.054326190990076739e+00,5.788416526018259844e+01
2.530727415391777591e+00,3.054326190990076739e+00,5.154292898915434762e+01
2.705260340591210344e+00,3.054326190990076739e+00,4.254072720938331997e+01
2.879793265790643542e+00,3.054326190990076739e+00,3.166877205983388777e+01
3.054326190990076739e+00,3.054326190990076739e+00,2.144797042712088597e+01
